inx,geneid,pathway,pathwayano
gene1,ALG13,N Glycan Biosynthesis,N Glycan Biosynthesis
gene2,DOLPP1,N Glycan Biosynthesis,N Glycan Biosynthesis
gene3,RPN1,N Glycan Biosynthesis,N Glycan Biosynthesis
gene4,ALG14,N Glycan Biosynthesis,N Glycan Biosynthesis
gene5,MAN1B1,N Glycan Biosynthesis,N Glycan Biosynthesis
gene6,ALG3,N Glycan Biosynthesis,N Glycan Biosynthesis
gene7,B4GALT1,N Glycan Biosynthesis,N Glycan Biosynthesis
gene8,MGAT5,N Glycan Biosynthesis,N Glycan Biosynthesis
gene9,RPN2,N Glycan Biosynthesis,N Glycan Biosynthesis
gene10,STT3A,N Glycan Biosynthesis,N Glycan Biosynthesis
gene11,MGAT3,N Glycan Biosynthesis,N Glycan Biosynthesis
gene12,DAD1,N Glycan Biosynthesis,N Glycan Biosynthesis
gene13,MGAT2,N Glycan Biosynthesis,N Glycan Biosynthesis
gene14,ALG12,N Glycan Biosynthesis,N Glycan Biosynthesis
gene15,TUSC3,N Glycan Biosynthesis,N Glycan Biosynthesis
gene16,MAN1C1,N Glycan Biosynthesis,N Glycan Biosynthesis
gene17,DPM2,N Glycan Biosynthesis,N Glycan Biosynthesis
gene18,DPM1,N Glycan Biosynthesis,N Glycan Biosynthesis
gene19,GANAB,N Glycan Biosynthesis,N Glycan Biosynthesis
gene20,ALG1,N Glycan Biosynthesis,N Glycan Biosynthesis
gene21,MGAT4A,N Glycan Biosynthesis,N Glycan Biosynthesis
gene22,ALG10B,N Glycan Biosynthesis,N Glycan Biosynthesis
gene23,STT3B,N Glycan Biosynthesis,N Glycan Biosynthesis
gene24,MAN1A2,N Glycan Biosynthesis,N Glycan Biosynthesis
gene25,ALG10,N Glycan Biosynthesis,N Glycan Biosynthesis
gene26,ALG11,N Glycan Biosynthesis,N Glycan Biosynthesis
gene27,ALG8,N Glycan Biosynthesis,N Glycan Biosynthesis
gene28,ALG2,N Glycan Biosynthesis,N Glycan Biosynthesis
gene29,DPAGT1,N Glycan Biosynthesis,N Glycan Biosynthesis
gene30,RFT1,N Glycan Biosynthesis,N Glycan Biosynthesis
gene31,DPM3,N Glycan Biosynthesis,N Glycan Biosynthesis
gene32,DDOST,N Glycan Biosynthesis,N Glycan Biosynthesis
gene33,MGAT4B,N Glycan Biosynthesis,N Glycan Biosynthesis
gene34,ALG6,N Glycan Biosynthesis,N Glycan Biosynthesis
gene35,MAN2A2,N Glycan Biosynthesis,N Glycan Biosynthesis
gene36,MAN1A1,N Glycan Biosynthesis,N Glycan Biosynthesis
gene37,MAN2A1,N Glycan Biosynthesis,N Glycan Biosynthesis
gene38,ST6GAL1,N Glycan Biosynthesis,N Glycan Biosynthesis
gene39,B4GALT3,N Glycan Biosynthesis,N Glycan Biosynthesis
gene40,ALG5,N Glycan Biosynthesis,N Glycan Biosynthesis
gene41,B4GALT2,N Glycan Biosynthesis,N Glycan Biosynthesis
gene42,MGAT5B,N Glycan Biosynthesis,N Glycan Biosynthesis
gene43,ALG9,N Glycan Biosynthesis,N Glycan Biosynthesis
gene44,MOGS,N Glycan Biosynthesis,N Glycan Biosynthesis
gene45,FUT8,N Glycan Biosynthesis,N Glycan Biosynthesis
gene46,MGAT1,N Glycan Biosynthesis,N Glycan Biosynthesis
gene47,ENGASE,Other Glycan Degradation,Other Glycan Degradation
gene48,GLB1,Other Glycan Degradation,Other Glycan Degradation
gene49,MANBA,Other Glycan Degradation,Other Glycan Degradation
gene50,MAN2B1,Other Glycan Degradation,Other Glycan Degradation
gene51,GBA,Other Glycan Degradation,Other Glycan Degradation
gene52,NEU4,Other Glycan Degradation,Other Glycan Degradation
gene53,NEU2,Other Glycan Degradation,Other Glycan Degradation
gene54,NEU1,Other Glycan Degradation,Other Glycan Degradation
gene55,FUCA1,Other Glycan Degradation,Other Glycan Degradation
gene56,FUCA2,Other Glycan Degradation,Other Glycan Degradation
gene57,AGA,Other Glycan Degradation,Other Glycan Degradation
gene58,MAN2C1,Other Glycan Degradation,Other Glycan Degradation
gene59,MAN2B2,Other Glycan Degradation,Other Glycan Degradation
gene60,NEU3,Other Glycan Degradation,Other Glycan Degradation
gene61,HEXB,Other Glycan Degradation,Other Glycan Degradation
gene62,HEXA,Other Glycan Degradation,Other Glycan Degradation
gene63,GALNT4,O Glycan Biosynthesis,O Glycan Biosynthesis
gene64,GALNT15,O Glycan Biosynthesis,O Glycan Biosynthesis
gene65,GALNTL5,O Glycan Biosynthesis,O Glycan Biosynthesis
gene66,GALNT6,O Glycan Biosynthesis,O Glycan Biosynthesis
gene67,GALNT5,O Glycan Biosynthesis,O Glycan Biosynthesis
gene68,GALNT16,O Glycan Biosynthesis,O Glycan Biosynthesis
gene69,GALNTL6,O Glycan Biosynthesis,O Glycan Biosynthesis
gene70,GALNT13,O Glycan Biosynthesis,O Glycan Biosynthesis
gene71,GCNT3,O Glycan Biosynthesis,O Glycan Biosynthesis
gene72,GALNT10,O Glycan Biosynthesis,O Glycan Biosynthesis
gene73,ST6GALNAC1,O Glycan Biosynthesis,O Glycan Biosynthesis
gene74,GALNT9,O Glycan Biosynthesis,O Glycan Biosynthesis
gene75,GALNT7,O Glycan Biosynthesis,O Glycan Biosynthesis
gene76,GCNT4,O Glycan Biosynthesis,O Glycan Biosynthesis
gene77,GALNT11,O Glycan Biosynthesis,O Glycan Biosynthesis
gene78,GCNT1,O Glycan Biosynthesis,O Glycan Biosynthesis
gene79,GALNT8,O Glycan Biosynthesis,O Glycan Biosynthesis
gene80,GALNT14,O Glycan Biosynthesis,O Glycan Biosynthesis
gene81,B3GNT6,O Glycan Biosynthesis,O Glycan Biosynthesis
gene82,C1GALT1,O Glycan Biosynthesis,O Glycan Biosynthesis
gene83,GALNT18,O Glycan Biosynthesis,O Glycan Biosynthesis
gene84,GALNT12,O Glycan Biosynthesis,O Glycan Biosynthesis
gene85,GALNT2,O Glycan Biosynthesis,O Glycan Biosynthesis
gene86,GALNT3,O Glycan Biosynthesis,O Glycan Biosynthesis
gene87,GALNT17,O Glycan Biosynthesis,O Glycan Biosynthesis
gene88,GALNT1,O Glycan Biosynthesis,O Glycan Biosynthesis
gene89,ST3GAL2,O Glycan Biosynthesis,O Glycan Biosynthesis
gene90,ST3GAL1,O Glycan Biosynthesis,O Glycan Biosynthesis
gene91,B4GALT5,O Glycan Biosynthesis,O Glycan Biosynthesis
gene92,C1GALT1C1,O Glycan Biosynthesis,O Glycan Biosynthesis
gene93,HS3ST3A1,Glycosaminoglycan Degradation,Glycosaminoglycan Degradation
gene94,HPSE,Glycosaminoglycan Degradation,Glycosaminoglycan Degradation
gene95,HPSE2,Glycosaminoglycan Degradation,Glycosaminoglycan Degradation
gene96,GLB1,Glycosaminoglycan Degradation,Glycosaminoglycan Degradation
gene97,GUSB,Glycosaminoglycan Degradation,Glycosaminoglycan Degradation
gene98,HYAL3,Glycosaminoglycan Degradation,Glycosaminoglycan Degradation
gene99,GNS,Glycosaminoglycan Degradation,Glycosaminoglycan Degradation
gene100,HYAL4,Glycosaminoglycan Degradation,Glycosaminoglycan Degradation
gene101,HYAL1,Glycosaminoglycan Degradation,Glycosaminoglycan Degradation
gene102,HYAL2,Glycosaminoglycan Degradation,Glycosaminoglycan Degradation
gene103,SPAM1,Glycosaminoglycan Degradation,Glycosaminoglycan Degradation
gene104,HGSNAT,Glycosaminoglycan Degradation,Glycosaminoglycan Degradation
gene105,GALNS,Glycosaminoglycan Degradation,Glycosaminoglycan Degradation
gene106,IDUA,Glycosaminoglycan Degradation,Glycosaminoglycan Degradation
gene107,HS3ST3B1,Glycosaminoglycan Degradation,Glycosaminoglycan Degradation
gene108,SGSH,Glycosaminoglycan Degradation,Glycosaminoglycan Degradation
gene109,HEXB,Glycosaminoglycan Degradation,Glycosaminoglycan Degradation
gene110,NAGLU,Glycosaminoglycan Degradation,Glycosaminoglycan Degradation
gene111,HEXA,Glycosaminoglycan Degradation,Glycosaminoglycan Degradation
gene112,IDS,Glycosaminoglycan Degradation,Glycosaminoglycan Degradation
gene113,ARSB,Glycosaminoglycan Degradation,Glycosaminoglycan Degradation
gene114,CHST2,Glycosaminoglycan Biosynthesis Keratan Sulfate,Glycosaminoglycan Biosynthesis Keratan Sulfate
gene115,B4GAT1,Glycosaminoglycan Biosynthesis Keratan Sulfate,Glycosaminoglycan Biosynthesis Keratan Sulfate
gene116,B3GNT2,Glycosaminoglycan Biosynthesis Keratan Sulfate,Glycosaminoglycan Biosynthesis Keratan Sulfate
gene117,CHST1,Glycosaminoglycan Biosynthesis Keratan Sulfate,Glycosaminoglycan Biosynthesis Keratan Sulfate
gene118,B4GALT1,Glycosaminoglycan Biosynthesis Keratan Sulfate,Glycosaminoglycan Biosynthesis Keratan Sulfate
gene119,B3GNT7,Glycosaminoglycan Biosynthesis Keratan Sulfate,Glycosaminoglycan Biosynthesis Keratan Sulfate
gene120,ST3GAL2,Glycosaminoglycan Biosynthesis Keratan Sulfate,Glycosaminoglycan Biosynthesis Keratan Sulfate
gene121,B4GALT3,Glycosaminoglycan Biosynthesis Keratan Sulfate,Glycosaminoglycan Biosynthesis Keratan Sulfate
gene122,ST3GAL1,Glycosaminoglycan Biosynthesis Keratan Sulfate,Glycosaminoglycan Biosynthesis Keratan Sulfate
gene123,B4GALT2,Glycosaminoglycan Biosynthesis Keratan Sulfate,Glycosaminoglycan Biosynthesis Keratan Sulfate
gene124,B4GALT4,Glycosaminoglycan Biosynthesis Keratan Sulfate,Glycosaminoglycan Biosynthesis Keratan Sulfate
gene125,CHST4,Glycosaminoglycan Biosynthesis Keratan Sulfate,Glycosaminoglycan Biosynthesis Keratan Sulfate
gene126,ST3GAL3,Glycosaminoglycan Biosynthesis Keratan Sulfate,Glycosaminoglycan Biosynthesis Keratan Sulfate
gene127,FUT8,Glycosaminoglycan Biosynthesis Keratan Sulfate,Glycosaminoglycan Biosynthesis Keratan Sulfate
gene128,CHST6,Glycosaminoglycan Biosynthesis Keratan Sulfate,Glycosaminoglycan Biosynthesis Keratan Sulfate
gene129,MBOAT2,Glycerolipid Metabolism,Glycerolipid Metabolism
gene130,GPAM,Glycerolipid Metabolism,Glycerolipid Metabolism
gene131,LIPG,Glycerolipid Metabolism,Glycerolipid Metabolism
gene132,DGKZ,Glycerolipid Metabolism,Glycerolipid Metabolism
gene133,DGKE,Glycerolipid Metabolism,Glycerolipid Metabolism
gene134,DGKD,Glycerolipid Metabolism,Glycerolipid Metabolism
gene135,DGKH,Glycerolipid Metabolism,Glycerolipid Metabolism
gene136,MBOAT1,Glycerolipid Metabolism,Glycerolipid Metabolism
gene137,GK,Glycerolipid Metabolism,Glycerolipid Metabolism
gene138,DGAT2,Glycerolipid Metabolism,Glycerolipid Metabolism
gene139,GK2,Glycerolipid Metabolism,Glycerolipid Metabolism
gene140,GLA,Glycerolipid Metabolism,Glycerolipid Metabolism
gene141,ALDH7A1,Glycerolipid Metabolism,Glycerolipid Metabolism
gene142,AGK,Glycerolipid Metabolism,Glycerolipid Metabolism
gene143,TKFC,Glycerolipid Metabolism,Glycerolipid Metabolism
gene144,AGPAT3,Glycerolipid Metabolism,Glycerolipid Metabolism
gene145,AWAT2,Glycerolipid Metabolism,Glycerolipid Metabolism
gene146,AGPAT4,Glycerolipid Metabolism,Glycerolipid Metabolism
gene147,AKR1B1,Glycerolipid Metabolism,Glycerolipid Metabolism
gene148,PNLIPRP2,Glycerolipid Metabolism,Glycerolipid Metabolism
gene149,PNLIPRP1,Glycerolipid Metabolism,Glycerolipid Metabolism
gene150,PNLIP,Glycerolipid Metabolism,Glycerolipid Metabolism
gene151,DGAT1,Glycerolipid Metabolism,Glycerolipid Metabolism
gene152,GLYCTK,Glycerolipid Metabolism,Glycerolipid Metabolism
gene153,LPL,Glycerolipid Metabolism,Glycerolipid Metabolism
gene154,ALDH1B1,Glycerolipid Metabolism,Glycerolipid Metabolism
gene155,DGKQ,Glycerolipid Metabolism,Glycerolipid Metabolism
gene156,ALDH2,Glycerolipid Metabolism,Glycerolipid Metabolism
gene157,DGKB,Glycerolipid Metabolism,Glycerolipid Metabolism
gene158,DGKG,Glycerolipid Metabolism,Glycerolipid Metabolism
gene159,AKR1A1,Glycerolipid Metabolism,Glycerolipid Metabolism
gene160,DGKA,Glycerolipid Metabolism,Glycerolipid Metabolism
gene161,PLPP3,Glycerolipid Metabolism,Glycerolipid Metabolism
gene162,LIPC,Glycerolipid Metabolism,Glycerolipid Metabolism
gene163,DGKI,Glycerolipid Metabolism,Glycerolipid Metabolism
gene164,LCLAT1,Glycerolipid Metabolism,Glycerolipid Metabolism
gene165,GPAT3,Glycerolipid Metabolism,Glycerolipid Metabolism
gene166,MGLL,Glycerolipid Metabolism,Glycerolipid Metabolism
gene167,GPAT4,Glycerolipid Metabolism,Glycerolipid Metabolism
gene168,ALDH9A1,Glycerolipid Metabolism,Glycerolipid Metabolism
gene169,ALDH3A2,Glycerolipid Metabolism,Glycerolipid Metabolism
gene170,PNPLA3,Glycerolipid Metabolism,Glycerolipid Metabolism
gene171,PLPP1,Glycerolipid Metabolism,Glycerolipid Metabolism
gene172,PLPP2,Glycerolipid Metabolism,Glycerolipid Metabolism
gene173,AGPAT1,Glycerolipid Metabolism,Glycerolipid Metabolism
gene174,AGPAT2,Glycerolipid Metabolism,Glycerolipid Metabolism
gene175,CEL,Glycerolipid Metabolism,Glycerolipid Metabolism
gene176,GPAT2,Glycerolipid Metabolism,Glycerolipid Metabolism
gene177,LIPF,Glycerolipid Metabolism,Glycerolipid Metabolism
gene178,PIGP,Glycosylphosphatidylinositol Gpi Anchor Biosynthesis,Glycosylphosphatidylinositol Gpi Anchor Biosynthesis
gene179,PIGW,Glycosylphosphatidylinositol Gpi Anchor Biosynthesis,Glycosylphosphatidylinositol Gpi Anchor Biosynthesis
gene180,PIGM,Glycosylphosphatidylinositol Gpi Anchor Biosynthesis,Glycosylphosphatidylinositol Gpi Anchor Biosynthesis
gene181,PIGN,Glycosylphosphatidylinositol Gpi Anchor Biosynthesis,Glycosylphosphatidylinositol Gpi Anchor Biosynthesis
gene182,PIGS,Glycosylphosphatidylinositol Gpi Anchor Biosynthesis,Glycosylphosphatidylinositol Gpi Anchor Biosynthesis
gene183,PIGF,Glycosylphosphatidylinositol Gpi Anchor Biosynthesis,Glycosylphosphatidylinositol Gpi Anchor Biosynthesis
gene184,DPM2,Glycosylphosphatidylinositol Gpi Anchor Biosynthesis,Glycosylphosphatidylinositol Gpi Anchor Biosynthesis
gene185,PIGQ,Glycosylphosphatidylinositol Gpi Anchor Biosynthesis,Glycosylphosphatidylinositol Gpi Anchor Biosynthesis
gene186,PIGH,Glycosylphosphatidylinositol Gpi Anchor Biosynthesis,Glycosylphosphatidylinositol Gpi Anchor Biosynthesis
gene187,PIGO,Glycosylphosphatidylinositol Gpi Anchor Biosynthesis,Glycosylphosphatidylinositol Gpi Anchor Biosynthesis
gene188,PIGG,Glycosylphosphatidylinositol Gpi Anchor Biosynthesis,Glycosylphosphatidylinositol Gpi Anchor Biosynthesis
gene189,PIGZ,Glycosylphosphatidylinositol Gpi Anchor Biosynthesis,Glycosylphosphatidylinositol Gpi Anchor Biosynthesis
gene190,GPAA1,Glycosylphosphatidylinositol Gpi Anchor Biosynthesis,Glycosylphosphatidylinositol Gpi Anchor Biosynthesis
gene191,PIGU,Glycosylphosphatidylinositol Gpi Anchor Biosynthesis,Glycosylphosphatidylinositol Gpi Anchor Biosynthesis
gene192,PGAP1,Glycosylphosphatidylinositol Gpi Anchor Biosynthesis,Glycosylphosphatidylinositol Gpi Anchor Biosynthesis
gene193,PIGT,Glycosylphosphatidylinositol Gpi Anchor Biosynthesis,Glycosylphosphatidylinositol Gpi Anchor Biosynthesis
gene194,PIGK,Glycosylphosphatidylinositol Gpi Anchor Biosynthesis,Glycosylphosphatidylinositol Gpi Anchor Biosynthesis
gene195,PIGY,Glycosylphosphatidylinositol Gpi Anchor Biosynthesis,Glycosylphosphatidylinositol Gpi Anchor Biosynthesis
gene196,PIGL,Glycosylphosphatidylinositol Gpi Anchor Biosynthesis,Glycosylphosphatidylinositol Gpi Anchor Biosynthesis
gene197,PIGV,Glycosylphosphatidylinositol Gpi Anchor Biosynthesis,Glycosylphosphatidylinositol Gpi Anchor Biosynthesis
gene198,PIGB,Glycosylphosphatidylinositol Gpi Anchor Biosynthesis,Glycosylphosphatidylinositol Gpi Anchor Biosynthesis
gene199,PIGX,Glycosylphosphatidylinositol Gpi Anchor Biosynthesis,Glycosylphosphatidylinositol Gpi Anchor Biosynthesis
gene200,PIGA,Glycosylphosphatidylinositol Gpi Anchor Biosynthesis,Glycosylphosphatidylinositol Gpi Anchor Biosynthesis
gene201,GPLD1,Glycosylphosphatidylinositol Gpi Anchor Biosynthesis,Glycosylphosphatidylinositol Gpi Anchor Biosynthesis
gene202,PIGC,Glycosylphosphatidylinositol Gpi Anchor Biosynthesis,Glycosylphosphatidylinositol Gpi Anchor Biosynthesis
gene203,PEMT,Glycerophospholipid Metabolism,Glycerophospholipid Metabolism
gene204,PLA2G15,Glycerophospholipid Metabolism,Glycerophospholipid Metabolism
gene205,GPD1,Glycerophospholipid Metabolism,Glycerophospholipid Metabolism
gene206,GPD1L,Glycerophospholipid Metabolism,Glycerophospholipid Metabolism
gene207,LPGAT1,Glycerophospholipid Metabolism,Glycerophospholipid Metabolism
gene208,GPAM,Glycerophospholipid Metabolism,Glycerophospholipid Metabolism
gene209,MBOAT2,Glycerophospholipid Metabolism,Glycerophospholipid Metabolism
gene210,MBOAT7,Glycerophospholipid Metabolism,Glycerophospholipid Metabolism
gene211,CHAT,Glycerophospholipid Metabolism,Glycerophospholipid Metabolism
gene212,LPCAT1,Glycerophospholipid Metabolism,Glycerophospholipid Metabolism
gene213,PTDSS1,Glycerophospholipid Metabolism,Glycerophospholipid Metabolism
gene214,ACHE,Glycerophospholipid Metabolism,Glycerophospholipid Metabolism
gene215,PLA2G3,Glycerophospholipid Metabolism,Glycerophospholipid Metabolism
gene216,DGKZ,Glycerophospholipid Metabolism,Glycerophospholipid Metabolism
gene217,ETNK1,Glycerophospholipid Metabolism,Glycerophospholipid Metabolism
gene218,DGKE,Glycerophospholipid Metabolism,Glycerophospholipid Metabolism
gene219,DGKD,Glycerophospholipid Metabolism,Glycerophospholipid Metabolism
gene220,PCYT1A,Glycerophospholipid Metabolism,Glycerophospholipid Metabolism
gene221,DGKH,Glycerophospholipid Metabolism,Glycerophospholipid Metabolism
gene222,JMJD7-PLA2G4B,Glycerophospholipid Metabolism,Glycerophospholipid Metabolism
gene223,CHPT1,Glycerophospholipid Metabolism,Glycerophospholipid Metabolism
gene224,MBOAT1,Glycerophospholipid Metabolism,Glycerophospholipid Metabolism
gene225,PLA2G6,Glycerophospholipid Metabolism,Glycerophospholipid Metabolism
gene226,PLA2G2E,Glycerophospholipid Metabolism,Glycerophospholipid Metabolism
gene227,PLA2G10,Glycerophospholipid Metabolism,Glycerophospholipid Metabolism
gene228,LPCAT3,Glycerophospholipid Metabolism,Glycerophospholipid Metabolism
gene229,PLA2G2A,Glycerophospholipid Metabolism,Glycerophospholipid Metabolism
gene230,ETNK2,Glycerophospholipid Metabolism,Glycerophospholipid Metabolism
gene231,PLA2G4A,Glycerophospholipid Metabolism,Glycerophospholipid Metabolism
gene232,PLA2G5,Glycerophospholipid Metabolism,Glycerophospholipid Metabolism
gene233,PLA2G12B,Glycerophospholipid Metabolism,Glycerophospholipid Metabolism
gene234,PLA2G4B,Glycerophospholipid Metabolism,Glycerophospholipid Metabolism
gene235,PTDSS2,Glycerophospholipid Metabolism,Glycerophospholipid Metabolism
gene236,PLA2G2F,Glycerophospholipid Metabolism,Glycerophospholipid Metabolism
gene237,PCYT2,Glycerophospholipid Metabolism,Glycerophospholipid Metabolism
gene238,CDS1,Glycerophospholipid Metabolism,Glycerophospholipid Metabolism
gene239,AGPAT3,Glycerophospholipid Metabolism,Glycerophospholipid Metabolism
gene240,AGPAT4,Glycerophospholipid Metabolism,Glycerophospholipid Metabolism
gene241,PGS1,Glycerophospholipid Metabolism,Glycerophospholipid Metabolism
gene242,LYPLA1,Glycerophospholipid Metabolism,Glycerophospholipid Metabolism
gene243,PLA2G1B,Glycerophospholipid Metabolism,Glycerophospholipid Metabolism
gene244,ADPRM,Glycerophospholipid Metabolism,Glycerophospholipid Metabolism
gene245,CDIPT,Glycerophospholipid Metabolism,Glycerophospholipid Metabolism
gene246,DGKQ,Glycerophospholipid Metabolism,Glycerophospholipid Metabolism
gene247,CDS2,Glycerophospholipid Metabolism,Glycerophospholipid Metabolism
gene248,DGKB,Glycerophospholipid Metabolism,Glycerophospholipid Metabolism
gene249,DGKG,Glycerophospholipid Metabolism,Glycerophospholipid Metabolism
gene250,PLPP3,Glycerophospholipid Metabolism,Glycerophospholipid Metabolism
gene251,DGKA,Glycerophospholipid Metabolism,Glycerophospholipid Metabolism
gene252,DGKI,Glycerophospholipid Metabolism,Glycerophospholipid Metabolism
gene253,PHOSPHO1,Glycerophospholipid Metabolism,Glycerophospholipid Metabolism
gene254,LCLAT1,Glycerophospholipid Metabolism,Glycerophospholipid Metabolism
gene255,TAFAZZIN,Glycerophospholipid Metabolism,Glycerophospholipid Metabolism
gene256,GPAT3,Glycerophospholipid Metabolism,Glycerophospholipid Metabolism
gene257,GNPAT,Glycerophospholipid Metabolism,Glycerophospholipid Metabolism
gene258,LPCAT4,Glycerophospholipid Metabolism,Glycerophospholipid Metabolism
gene259,PLA2G4E,Glycerophospholipid Metabolism,Glycerophospholipid Metabolism
gene260,GPAT4,Glycerophospholipid Metabolism,Glycerophospholipid Metabolism
gene261,CHKA,Glycerophospholipid Metabolism,Glycerophospholipid Metabolism
gene262,PLPP1,Glycerophospholipid Metabolism,Glycerophospholipid Metabolism
gene263,PLPP2,Glycerophospholipid Metabolism,Glycerophospholipid Metabolism
gene264,LYPLA2,Glycerophospholipid Metabolism,Glycerophospholipid Metabolism
gene265,PLA2G2C,Glycerophospholipid Metabolism,Glycerophospholipid Metabolism
gene266,AGPAT1,Glycerophospholipid Metabolism,Glycerophospholipid Metabolism
gene267,PLA2G2D,Glycerophospholipid Metabolism,Glycerophospholipid Metabolism
gene268,LPCAT2,Glycerophospholipid Metabolism,Glycerophospholipid Metabolism
gene269,PLA2G12A,Glycerophospholipid Metabolism,Glycerophospholipid Metabolism
gene270,AGPAT2,Glycerophospholipid Metabolism,Glycerophospholipid Metabolism
gene271,PLD1,Glycerophospholipid Metabolism,Glycerophospholipid Metabolism
gene272,CHKB,Glycerophospholipid Metabolism,Glycerophospholipid Metabolism
gene273,PISD,Glycerophospholipid Metabolism,Glycerophospholipid Metabolism
gene274,PLD2,Glycerophospholipid Metabolism,Glycerophospholipid Metabolism
gene275,PCYT1B,Glycerophospholipid Metabolism,Glycerophospholipid Metabolism
gene276,GPAT2,Glycerophospholipid Metabolism,Glycerophospholipid Metabolism
gene277,LCAT,Glycerophospholipid Metabolism,Glycerophospholipid Metabolism
gene278,CRLS1,Glycerophospholipid Metabolism,Glycerophospholipid Metabolism
gene279,GPD2,Glycerophospholipid Metabolism,Glycerophospholipid Metabolism
gene280,ENPP2,Ether Lipid Metabolism,Ether Lipid Metabolism
gene281,PAFAH1B1,Ether Lipid Metabolism,Ether Lipid Metabolism
gene282,PLPP3,Ether Lipid Metabolism,Ether Lipid Metabolism
gene283,LPCAT1,Ether Lipid Metabolism,Ether Lipid Metabolism
gene284,PLA2G3,Ether Lipid Metabolism,Ether Lipid Metabolism
gene285,ENPP6,Ether Lipid Metabolism,Ether Lipid Metabolism
gene286,LPCAT4,Ether Lipid Metabolism,Ether Lipid Metabolism
gene287,PLA2G4E,Ether Lipid Metabolism,Ether Lipid Metabolism
gene288,JMJD7-PLA2G4B,Ether Lipid Metabolism,Ether Lipid Metabolism
gene289,CHPT1,Ether Lipid Metabolism,Ether Lipid Metabolism
gene290,AGPS,Ether Lipid Metabolism,Ether Lipid Metabolism
gene291,PLA2G6,Ether Lipid Metabolism,Ether Lipid Metabolism
gene292,PAFAH1B3,Ether Lipid Metabolism,Ether Lipid Metabolism
gene293,PLA2G2E,Ether Lipid Metabolism,Ether Lipid Metabolism
gene294,PLA2G10,Ether Lipid Metabolism,Ether Lipid Metabolism
gene295,PAFAH2,Ether Lipid Metabolism,Ether Lipid Metabolism
gene296,PLA2G2A,Ether Lipid Metabolism,Ether Lipid Metabolism
gene297,PLA2G4A,Ether Lipid Metabolism,Ether Lipid Metabolism
gene298,PLA2G5,Ether Lipid Metabolism,Ether Lipid Metabolism
gene299,PLA2G12B,Ether Lipid Metabolism,Ether Lipid Metabolism
gene300,PLA2G4B,Ether Lipid Metabolism,Ether Lipid Metabolism
gene301,PLA2G7,Ether Lipid Metabolism,Ether Lipid Metabolism
gene302,PLA2G2F,Ether Lipid Metabolism,Ether Lipid Metabolism
gene303,PLPP1,Ether Lipid Metabolism,Ether Lipid Metabolism
gene304,PLPP2,Ether Lipid Metabolism,Ether Lipid Metabolism
gene305,PLA2G2C,Ether Lipid Metabolism,Ether Lipid Metabolism
gene306,PAFAH1B2,Ether Lipid Metabolism,Ether Lipid Metabolism
gene307,PLA2G2D,Ether Lipid Metabolism,Ether Lipid Metabolism
gene308,LPCAT2,Ether Lipid Metabolism,Ether Lipid Metabolism
gene309,PLD1,Ether Lipid Metabolism,Ether Lipid Metabolism
gene310,PLA2G12A,Ether Lipid Metabolism,Ether Lipid Metabolism
gene311,PLD2,Ether Lipid Metabolism,Ether Lipid Metabolism
gene312,PLA2G1B,Ether Lipid Metabolism,Ether Lipid Metabolism
gene313,EPHX2,Arachidonic Acid Metabolism,Arachidonic Acid Metabolism
gene314,CYP2E1,Arachidonic Acid Metabolism,Arachidonic Acid Metabolism
gene315,ALOX5,Arachidonic Acid Metabolism,Arachidonic Acid Metabolism
gene316,CYP4A11,Arachidonic Acid Metabolism,Arachidonic Acid Metabolism
gene317,CYP2J2,Arachidonic Acid Metabolism,Arachidonic Acid Metabolism
gene318,GGT1,Arachidonic Acid Metabolism,Arachidonic Acid Metabolism
gene319,PLA2G3,Arachidonic Acid Metabolism,Arachidonic Acid Metabolism
gene320,AKR1C3,Arachidonic Acid Metabolism,Arachidonic Acid Metabolism
gene321,PTGIS,Arachidonic Acid Metabolism,Arachidonic Acid Metabolism
gene322,ALOX12B,Arachidonic Acid Metabolism,Arachidonic Acid Metabolism
gene323,CYP4F2,Arachidonic Acid Metabolism,Arachidonic Acid Metabolism
gene324,CYP2C18,Arachidonic Acid Metabolism,Arachidonic Acid Metabolism
gene325,PTGES2,Arachidonic Acid Metabolism,Arachidonic Acid Metabolism
gene326,ALOX15B,Arachidonic Acid Metabolism,Arachidonic Acid Metabolism
gene327,ALOX15,Arachidonic Acid Metabolism,Arachidonic Acid Metabolism
gene328,JMJD7-PLA2G4B,Arachidonic Acid Metabolism,Arachidonic Acid Metabolism
gene329,PLA2G6,Arachidonic Acid Metabolism,Arachidonic Acid Metabolism
gene330,PLA2G2E,Arachidonic Acid Metabolism,Arachidonic Acid Metabolism
gene331,PLA2G10,Arachidonic Acid Metabolism,Arachidonic Acid Metabolism
gene332,PLA2G2A,Arachidonic Acid Metabolism,Arachidonic Acid Metabolism
gene333,PLA2G4A,Arachidonic Acid Metabolism,Arachidonic Acid Metabolism
gene334,PLA2G5,Arachidonic Acid Metabolism,Arachidonic Acid Metabolism
gene335,PTGS2,Arachidonic Acid Metabolism,Arachidonic Acid Metabolism
gene336,PLA2G12B,Arachidonic Acid Metabolism,Arachidonic Acid Metabolism
gene337,PTGS1,Arachidonic Acid Metabolism,Arachidonic Acid Metabolism
gene338,PLA2G4B,Arachidonic Acid Metabolism,Arachidonic Acid Metabolism
gene339,PLA2G2F,Arachidonic Acid Metabolism,Arachidonic Acid Metabolism
gene340,ALOX12,Arachidonic Acid Metabolism,Arachidonic Acid Metabolism
gene341,CYP2C9,Arachidonic Acid Metabolism,Arachidonic Acid Metabolism
gene342,GPX7,Arachidonic Acid Metabolism,Arachidonic Acid Metabolism
gene343,GPX6,Arachidonic Acid Metabolism,Arachidonic Acid Metabolism
gene344,CYP2C19,Arachidonic Acid Metabolism,Arachidonic Acid Metabolism
gene345,CYP2C8,Arachidonic Acid Metabolism,Arachidonic Acid Metabolism
gene346,CBR1,Arachidonic Acid Metabolism,Arachidonic Acid Metabolism
gene347,CYP2B6,Arachidonic Acid Metabolism,Arachidonic Acid Metabolism
gene348,CBR3,Arachidonic Acid Metabolism,Arachidonic Acid Metabolism
gene349,CYP2U1,Arachidonic Acid Metabolism,Arachidonic Acid Metabolism
gene350,PLA2G1B,Arachidonic Acid Metabolism,Arachidonic Acid Metabolism
gene351,LTA4H,Arachidonic Acid Metabolism,Arachidonic Acid Metabolism
gene352,PTGES,Arachidonic Acid Metabolism,Arachidonic Acid Metabolism
gene353,GPX5,Arachidonic Acid Metabolism,Arachidonic Acid Metabolism
gene354,GPX1,Arachidonic Acid Metabolism,Arachidonic Acid Metabolism
gene355,CYP4A22,Arachidonic Acid Metabolism,Arachidonic Acid Metabolism
gene356,GPX2,Arachidonic Acid Metabolism,Arachidonic Acid Metabolism
gene357,GPX3,Arachidonic Acid Metabolism,Arachidonic Acid Metabolism
gene358,GPX4,Arachidonic Acid Metabolism,Arachidonic Acid Metabolism
gene359,CYP4F3,Arachidonic Acid Metabolism,Arachidonic Acid Metabolism
gene360,PLA2G4E,Arachidonic Acid Metabolism,Arachidonic Acid Metabolism
gene361,LTC4S,Arachidonic Acid Metabolism,Arachidonic Acid Metabolism
gene362,GGT6,Arachidonic Acid Metabolism,Arachidonic Acid Metabolism
gene363,GGT7,Arachidonic Acid Metabolism,Arachidonic Acid Metabolism
gene364,GGT5,Arachidonic Acid Metabolism,Arachidonic Acid Metabolism
gene365,HPGDS,Arachidonic Acid Metabolism,Arachidonic Acid Metabolism
gene366,PLA2G2C,Arachidonic Acid Metabolism,Arachidonic Acid Metabolism
gene367,PTGDS,Arachidonic Acid Metabolism,Arachidonic Acid Metabolism
gene368,PLA2G2D,Arachidonic Acid Metabolism,Arachidonic Acid Metabolism
gene369,PLA2G12A,Arachidonic Acid Metabolism,Arachidonic Acid Metabolism
gene370,TBXAS1,Arachidonic Acid Metabolism,Arachidonic Acid Metabolism
gene371,CYP2E1,Linoleic Acid Metabolism,Linoleic Acid Metabolism
gene372,CYP3A5,Linoleic Acid Metabolism,Linoleic Acid Metabolism
gene373,CYP2J2,Linoleic Acid Metabolism,Linoleic Acid Metabolism
gene374,CYP3A4,Linoleic Acid Metabolism,Linoleic Acid Metabolism
gene375,PLA2G3,Linoleic Acid Metabolism,Linoleic Acid Metabolism
gene376,AKR1B10,Linoleic Acid Metabolism,Linoleic Acid Metabolism
gene377,CYP2C18,Linoleic Acid Metabolism,Linoleic Acid Metabolism
gene378,CYP1A2,Linoleic Acid Metabolism,Linoleic Acid Metabolism
gene379,ALOX15,Linoleic Acid Metabolism,Linoleic Acid Metabolism
gene380,PLA2G4E,Linoleic Acid Metabolism,Linoleic Acid Metabolism
gene381,JMJD7-PLA2G4B,Linoleic Acid Metabolism,Linoleic Acid Metabolism
gene382,PLA2G6,Linoleic Acid Metabolism,Linoleic Acid Metabolism
gene383,PLA2G2E,Linoleic Acid Metabolism,Linoleic Acid Metabolism
gene384,PLA2G10,Linoleic Acid Metabolism,Linoleic Acid Metabolism
gene385,PLA2G2A,Linoleic Acid Metabolism,Linoleic Acid Metabolism
gene386,PLA2G4A,Linoleic Acid Metabolism,Linoleic Acid Metabolism
gene387,CYP3A43,Linoleic Acid Metabolism,Linoleic Acid Metabolism
gene388,PLA2G5,Linoleic Acid Metabolism,Linoleic Acid Metabolism
gene389,PLA2G12B,Linoleic Acid Metabolism,Linoleic Acid Metabolism
gene390,PLA2G4B,Linoleic Acid Metabolism,Linoleic Acid Metabolism
gene391,PLA2G2F,Linoleic Acid Metabolism,Linoleic Acid Metabolism
gene392,PLA2G2C,Linoleic Acid Metabolism,Linoleic Acid Metabolism
gene393,PLA2G2D,Linoleic Acid Metabolism,Linoleic Acid Metabolism
gene394,CYP2C9,Linoleic Acid Metabolism,Linoleic Acid Metabolism
gene395,PLA2G12A,Linoleic Acid Metabolism,Linoleic Acid Metabolism
gene396,CYP2C19,Linoleic Acid Metabolism,Linoleic Acid Metabolism
gene397,CYP2C8,Linoleic Acid Metabolism,Linoleic Acid Metabolism
gene398,CYP3A7,Linoleic Acid Metabolism,Linoleic Acid Metabolism
gene399,PLA2G1B,Linoleic Acid Metabolism,Linoleic Acid Metabolism
gene400,JMJD7-PLA2G4B,Alpha Linolenic Acid Metabolism,Alpha Linolenic Acid Metabolism
gene401,PLA2G6,Alpha Linolenic Acid Metabolism,Alpha Linolenic Acid Metabolism
gene402,PLA2G2E,Alpha Linolenic Acid Metabolism,Alpha Linolenic Acid Metabolism
gene403,PLA2G10,Alpha Linolenic Acid Metabolism,Alpha Linolenic Acid Metabolism
gene404,PLA2G2A,Alpha Linolenic Acid Metabolism,Alpha Linolenic Acid Metabolism
gene405,PLA2G4A,Alpha Linolenic Acid Metabolism,Alpha Linolenic Acid Metabolism
gene406,PLA2G5,Alpha Linolenic Acid Metabolism,Alpha Linolenic Acid Metabolism
gene407,PLA2G12B,Alpha Linolenic Acid Metabolism,Alpha Linolenic Acid Metabolism
gene408,PLA2G4B,Alpha Linolenic Acid Metabolism,Alpha Linolenic Acid Metabolism
gene409,PLA2G2F,Alpha Linolenic Acid Metabolism,Alpha Linolenic Acid Metabolism
gene410,FADS2,Alpha Linolenic Acid Metabolism,Alpha Linolenic Acid Metabolism
gene411,ACOX3,Alpha Linolenic Acid Metabolism,Alpha Linolenic Acid Metabolism
gene412,PLA2G2C,Alpha Linolenic Acid Metabolism,Alpha Linolenic Acid Metabolism
gene413,PLA2G2D,Alpha Linolenic Acid Metabolism,Alpha Linolenic Acid Metabolism
gene414,PLA2G3,Alpha Linolenic Acid Metabolism,Alpha Linolenic Acid Metabolism
gene415,PLA2G12A,Alpha Linolenic Acid Metabolism,Alpha Linolenic Acid Metabolism
gene416,ACOX1,Alpha Linolenic Acid Metabolism,Alpha Linolenic Acid Metabolism
gene417,PLA2G4E,Alpha Linolenic Acid Metabolism,Alpha Linolenic Acid Metabolism
gene418,PLA2G1B,Alpha Linolenic Acid Metabolism,Alpha Linolenic Acid Metabolism
gene419,GAL3ST1,Sphingolipid Metabolism,Sphingolipid Metabolism
gene420,SGPP2,Sphingolipid Metabolism,Sphingolipid Metabolism
gene421,GLB1,Sphingolipid Metabolism,Sphingolipid Metabolism
gene422,GALC,Sphingolipid Metabolism,Sphingolipid Metabolism
gene423,SGMS2,Sphingolipid Metabolism,Sphingolipid Metabolism
gene424,GBA,Sphingolipid Metabolism,Sphingolipid Metabolism
gene425,SPHK2,Sphingolipid Metabolism,Sphingolipid Metabolism
gene426,NEU2,Sphingolipid Metabolism,Sphingolipid Metabolism
gene427,PLPP3,Sphingolipid Metabolism,Sphingolipid Metabolism
gene428,NEU1,Sphingolipid Metabolism,Sphingolipid Metabolism
gene429,ACER2,Sphingolipid Metabolism,Sphingolipid Metabolism
gene430,UGCG,Sphingolipid Metabolism,Sphingolipid Metabolism
gene431,DEGS2,Sphingolipid Metabolism,Sphingolipid Metabolism
gene432,ARSA,Sphingolipid Metabolism,Sphingolipid Metabolism
gene433,SPHK1,Sphingolipid Metabolism,Sphingolipid Metabolism
gene434,SGPL1,Sphingolipid Metabolism,Sphingolipid Metabolism
gene435,NEU3,Sphingolipid Metabolism,Sphingolipid Metabolism
gene436,SMPD4,Sphingolipid Metabolism,Sphingolipid Metabolism
gene437,SGMS1,Sphingolipid Metabolism,Sphingolipid Metabolism
gene438,ACER3,Sphingolipid Metabolism,Sphingolipid Metabolism
gene439,CERK,Sphingolipid Metabolism,Sphingolipid Metabolism
gene440,SMPD2,Sphingolipid Metabolism,Sphingolipid Metabolism
gene441,ENPP7,Sphingolipid Metabolism,Sphingolipid Metabolism
gene442,DEGS1,Sphingolipid Metabolism,Sphingolipid Metabolism
gene443,SGPP1,Sphingolipid Metabolism,Sphingolipid Metabolism
gene444,NEU4,Sphingolipid Metabolism,Sphingolipid Metabolism
gene445,GLA,Sphingolipid Metabolism,Sphingolipid Metabolism
gene446,ACER1,Sphingolipid Metabolism,Sphingolipid Metabolism
gene447,PLPP1,Sphingolipid Metabolism,Sphingolipid Metabolism
gene448,ASAH1,Sphingolipid Metabolism,Sphingolipid Metabolism
gene449,PLPP2,Sphingolipid Metabolism,Sphingolipid Metabolism
gene450,SMPD1,Sphingolipid Metabolism,Sphingolipid Metabolism
gene451,B4GALT6,Sphingolipid Metabolism,Sphingolipid Metabolism
gene452,SPTLC2,Sphingolipid Metabolism,Sphingolipid Metabolism
gene453,SPTLC1,Sphingolipid Metabolism,Sphingolipid Metabolism
gene454,SMPD3,Sphingolipid Metabolism,Sphingolipid Metabolism
gene455,KDSR,Sphingolipid Metabolism,Sphingolipid Metabolism
gene456,UGT8,Sphingolipid Metabolism,Sphingolipid Metabolism
gene457,ASAH2,Sphingolipid Metabolism,Sphingolipid Metabolism
gene458,B3GNT4,Glycosphingolipid Biosynthesis Lacto And Neolacto Series,Glycosphingolipid Biosynthesis Lacto And Neolacto Series
gene459,B3GNT2,Glycosphingolipid Biosynthesis Lacto And Neolacto Series,Glycosphingolipid Biosynthesis Lacto And Neolacto Series
gene460,ST3GAL6,Glycosphingolipid Biosynthesis Lacto And Neolacto Series,Glycosphingolipid Biosynthesis Lacto And Neolacto Series
gene461,B4GALT1,Glycosphingolipid Biosynthesis Lacto And Neolacto Series,Glycosphingolipid Biosynthesis Lacto And Neolacto Series
gene462,B3GNT5,Glycosphingolipid Biosynthesis Lacto And Neolacto Series,Glycosphingolipid Biosynthesis Lacto And Neolacto Series
gene463,FUT9,Glycosphingolipid Biosynthesis Lacto And Neolacto Series,Glycosphingolipid Biosynthesis Lacto And Neolacto Series
gene464,FUT7,Glycosphingolipid Biosynthesis Lacto And Neolacto Series,Glycosphingolipid Biosynthesis Lacto And Neolacto Series
gene465,FUT6,Glycosphingolipid Biosynthesis Lacto And Neolacto Series,Glycosphingolipid Biosynthesis Lacto And Neolacto Series
gene466,FUT5,Glycosphingolipid Biosynthesis Lacto And Neolacto Series,Glycosphingolipid Biosynthesis Lacto And Neolacto Series
gene467,FUT4,Glycosphingolipid Biosynthesis Lacto And Neolacto Series,Glycosphingolipid Biosynthesis Lacto And Neolacto Series
gene468,FUT3,Glycosphingolipid Biosynthesis Lacto And Neolacto Series,Glycosphingolipid Biosynthesis Lacto And Neolacto Series
gene469,FUT2,Glycosphingolipid Biosynthesis Lacto And Neolacto Series,Glycosphingolipid Biosynthesis Lacto And Neolacto Series
gene470,FUT1,Glycosphingolipid Biosynthesis Lacto And Neolacto Series,Glycosphingolipid Biosynthesis Lacto And Neolacto Series
gene471,B4GAT1,Glycosphingolipid Biosynthesis Lacto And Neolacto Series,Glycosphingolipid Biosynthesis Lacto And Neolacto Series
gene472,GCNT2,Glycosphingolipid Biosynthesis Lacto And Neolacto Series,Glycosphingolipid Biosynthesis Lacto And Neolacto Series
gene473,B3GNT3,Glycosphingolipid Biosynthesis Lacto And Neolacto Series,Glycosphingolipid Biosynthesis Lacto And Neolacto Series
gene474,B3GALT5,Glycosphingolipid Biosynthesis Lacto And Neolacto Series,Glycosphingolipid Biosynthesis Lacto And Neolacto Series
gene475,ABO,Glycosphingolipid Biosynthesis Lacto And Neolacto Series,Glycosphingolipid Biosynthesis Lacto And Neolacto Series
gene476,B4GALT3,Glycosphingolipid Biosynthesis Lacto And Neolacto Series,Glycosphingolipid Biosynthesis Lacto And Neolacto Series
gene477,B4GALT2,Glycosphingolipid Biosynthesis Lacto And Neolacto Series,Glycosphingolipid Biosynthesis Lacto And Neolacto Series
gene478,ST3GAL4,Glycosphingolipid Biosynthesis Lacto And Neolacto Series,Glycosphingolipid Biosynthesis Lacto And Neolacto Series
gene479,B4GALT4,Glycosphingolipid Biosynthesis Lacto And Neolacto Series,Glycosphingolipid Biosynthesis Lacto And Neolacto Series
gene480,ST3GAL3,Glycosphingolipid Biosynthesis Lacto And Neolacto Series,Glycosphingolipid Biosynthesis Lacto And Neolacto Series
gene481,B3GALT2,Glycosphingolipid Biosynthesis Lacto And Neolacto Series,Glycosphingolipid Biosynthesis Lacto And Neolacto Series
gene482,B3GALT1,Glycosphingolipid Biosynthesis Lacto And Neolacto Series,Glycosphingolipid Biosynthesis Lacto And Neolacto Series
gene483,ST8SIA1,Glycosphingolipid Biosynthesis Lacto And Neolacto Series,Glycosphingolipid Biosynthesis Lacto And Neolacto Series
gene484,A4GALT,Glycosphingolipid Biosynthesis Globo Series,Glycosphingolipid Biosynthesis Globo Series
gene485,B3GALT5,Glycosphingolipid Biosynthesis Globo Series,Glycosphingolipid Biosynthesis Globo Series
gene486,GLA,Glycosphingolipid Biosynthesis Globo Series,Glycosphingolipid Biosynthesis Globo Series
gene487,FUT9,Glycosphingolipid Biosynthesis Globo Series,Glycosphingolipid Biosynthesis Globo Series
gene488,ST3GAL2,Glycosphingolipid Biosynthesis Globo Series,Glycosphingolipid Biosynthesis Globo Series
gene489,GBGT1,Glycosphingolipid Biosynthesis Globo Series,Glycosphingolipid Biosynthesis Globo Series
gene490,ST3GAL1,Glycosphingolipid Biosynthesis Globo Series,Glycosphingolipid Biosynthesis Globo Series
gene491,FUT2,Glycosphingolipid Biosynthesis Globo Series,Glycosphingolipid Biosynthesis Globo Series
gene492,FUT1,Glycosphingolipid Biosynthesis Globo Series,Glycosphingolipid Biosynthesis Globo Series
gene493,HEXB,Glycosphingolipid Biosynthesis Globo Series,Glycosphingolipid Biosynthesis Globo Series
gene494,NAGA,Glycosphingolipid Biosynthesis Globo Series,Glycosphingolipid Biosynthesis Globo Series
gene495,ST8SIA1,Glycosphingolipid Biosynthesis Globo Series,Glycosphingolipid Biosynthesis Globo Series
gene496,B3GALNT1,Glycosphingolipid Biosynthesis Globo Series,Glycosphingolipid Biosynthesis Globo Series
gene497,HEXA,Glycosphingolipid Biosynthesis Globo Series,Glycosphingolipid Biosynthesis Globo Series
gene498,ST6GALNAC4,Glycosphingolipid Biosynthesis Ganglio Series,Glycosphingolipid Biosynthesis Ganglio Series
gene499,ST6GALNAC3,Glycosphingolipid Biosynthesis Ganglio Series,Glycosphingolipid Biosynthesis Ganglio Series
gene500,ST6GALNAC6,Glycosphingolipid Biosynthesis Ganglio Series,Glycosphingolipid Biosynthesis Ganglio Series
gene501,B4GALNT1,Glycosphingolipid Biosynthesis Ganglio Series,Glycosphingolipid Biosynthesis Ganglio Series
gene502,GLB1,Glycosphingolipid Biosynthesis Ganglio Series,Glycosphingolipid Biosynthesis Ganglio Series
gene503,ST6GALNAC5,Glycosphingolipid Biosynthesis Ganglio Series,Glycosphingolipid Biosynthesis Ganglio Series
gene504,SLC33A1,Glycosphingolipid Biosynthesis Ganglio Series,Glycosphingolipid Biosynthesis Ganglio Series
gene505,ST3GAL5,Glycosphingolipid Biosynthesis Ganglio Series,Glycosphingolipid Biosynthesis Ganglio Series
gene506,ST3GAL2,Glycosphingolipid Biosynthesis Ganglio Series,Glycosphingolipid Biosynthesis Ganglio Series
gene507,ST3GAL1,Glycosphingolipid Biosynthesis Ganglio Series,Glycosphingolipid Biosynthesis Ganglio Series
gene508,HEXB,Glycosphingolipid Biosynthesis Ganglio Series,Glycosphingolipid Biosynthesis Ganglio Series
gene509,ST8SIA1,Glycosphingolipid Biosynthesis Ganglio Series,Glycosphingolipid Biosynthesis Ganglio Series
gene510,B3GALT4,Glycosphingolipid Biosynthesis Ganglio Series,Glycosphingolipid Biosynthesis Ganglio Series
gene511,ST8SIA5,Glycosphingolipid Biosynthesis Ganglio Series,Glycosphingolipid Biosynthesis Ganglio Series
gene512,HEXA,Glycosphingolipid Biosynthesis Ganglio Series,Glycosphingolipid Biosynthesis Ganglio Series
gene513,ACP4,Riboflavin Metabolism,Riboflavin Metabolism
gene514,ENPP3,Riboflavin Metabolism,Riboflavin Metabolism
gene515,ENPP1,Riboflavin Metabolism,Riboflavin Metabolism
gene516,ACP6,Riboflavin Metabolism,Riboflavin Metabolism
gene517,RFK,Riboflavin Metabolism,Riboflavin Metabolism
gene518,ACP3,Riboflavin Metabolism,Riboflavin Metabolism
gene519,FLAD1,Riboflavin Metabolism,Riboflavin Metabolism
gene520,TYR,Riboflavin Metabolism,Riboflavin Metabolism
gene521,MTMR7,Riboflavin Metabolism,Riboflavin Metabolism
gene522,MTMR6,Riboflavin Metabolism,Riboflavin Metabolism
gene523,PHPT1,Riboflavin Metabolism,Riboflavin Metabolism
gene524,MTMR1,Riboflavin Metabolism,Riboflavin Metabolism
gene525,ACP1,Riboflavin Metabolism,Riboflavin Metabolism
gene526,ACP2,Riboflavin Metabolism,Riboflavin Metabolism
gene527,ACP5,Riboflavin Metabolism,Riboflavin Metabolism
gene528,MTMR2,Riboflavin Metabolism,Riboflavin Metabolism
gene529,NMNAT1,Nicotinate And Nicotinamide Metabolism,Nicotinate And Nicotinamide Metabolism
gene530,NT5C2,Nicotinate And Nicotinamide Metabolism,Nicotinate And Nicotinamide Metabolism
gene531,ENPP3,Nicotinate And Nicotinamide Metabolism,Nicotinate And Nicotinamide Metabolism
gene532,ENPP1,Nicotinate And Nicotinamide Metabolism,Nicotinate And Nicotinamide Metabolism
gene533,BST1,Nicotinate And Nicotinamide Metabolism,Nicotinate And Nicotinamide Metabolism
gene534,NNT,Nicotinate And Nicotinamide Metabolism,Nicotinate And Nicotinamide Metabolism
gene535,AOX1,Nicotinate And Nicotinamide Metabolism,Nicotinate And Nicotinamide Metabolism
gene536,CD38,Nicotinate And Nicotinamide Metabolism,Nicotinate And Nicotinamide Metabolism
gene537,NT5M,Nicotinate And Nicotinamide Metabolism,Nicotinate And Nicotinamide Metabolism
gene538,NADSYN1,Nicotinate And Nicotinamide Metabolism,Nicotinate And Nicotinamide Metabolism
gene539,NUDT12,Nicotinate And Nicotinamide Metabolism,Nicotinate And Nicotinamide Metabolism
gene540,NT5C1B,Nicotinate And Nicotinamide Metabolism,Nicotinate And Nicotinamide Metabolism
gene541,NT5C3A,Nicotinate And Nicotinamide Metabolism,Nicotinate And Nicotinamide Metabolism
gene542,NMRK1,Nicotinate And Nicotinamide Metabolism,Nicotinate And Nicotinamide Metabolism
gene543,NT5C1A,Nicotinate And Nicotinamide Metabolism,Nicotinate And Nicotinamide Metabolism
gene544,QPRT,Nicotinate And Nicotinamide Metabolism,Nicotinate And Nicotinamide Metabolism
gene545,NAMPT,Nicotinate And Nicotinamide Metabolism,Nicotinate And Nicotinamide Metabolism
gene546,NT5C,Nicotinate And Nicotinamide Metabolism,Nicotinate And Nicotinamide Metabolism
gene547,NMNAT3,Nicotinate And Nicotinamide Metabolism,Nicotinate And Nicotinamide Metabolism
gene548,PNP,Nicotinate And Nicotinamide Metabolism,Nicotinate And Nicotinamide Metabolism
gene549,NMNAT2,Nicotinate And Nicotinamide Metabolism,Nicotinate And Nicotinamide Metabolism
gene550,NT5E,Nicotinate And Nicotinamide Metabolism,Nicotinate And Nicotinamide Metabolism
gene551,NADK,Nicotinate And Nicotinamide Metabolism,Nicotinate And Nicotinamide Metabolism
gene552,NNMT,Nicotinate And Nicotinamide Metabolism,Nicotinate And Nicotinamide Metabolism
gene553,PPCS,Pantothenate And Coa Biosynthesis,Pantothenate And Coa Biosynthesis
gene554,ENPP3,Pantothenate And Coa Biosynthesis,Pantothenate And Coa Biosynthesis
gene555,PANK3,Pantothenate And Coa Biosynthesis,Pantothenate And Coa Biosynthesis
gene556,PPCDC,Pantothenate And Coa Biosynthesis,Pantothenate And Coa Biosynthesis
gene557,ENPP1,Pantothenate And Coa Biosynthesis,Pantothenate And Coa Biosynthesis
gene558,VNN2,Pantothenate And Coa Biosynthesis,Pantothenate And Coa Biosynthesis
gene559,VNN1,Pantothenate And Coa Biosynthesis,Pantothenate And Coa Biosynthesis
gene560,PANK1,Pantothenate And Coa Biosynthesis,Pantothenate And Coa Biosynthesis
gene561,PANK4,Pantothenate And Coa Biosynthesis,Pantothenate And Coa Biosynthesis
gene562,UPB1,Pantothenate And Coa Biosynthesis,Pantothenate And Coa Biosynthesis
gene563,DPYS,Pantothenate And Coa Biosynthesis,Pantothenate And Coa Biosynthesis
gene564,COASY,Pantothenate And Coa Biosynthesis,Pantothenate And Coa Biosynthesis
gene565,DPYD,Pantothenate And Coa Biosynthesis,Pantothenate And Coa Biosynthesis
gene566,PANK2,Pantothenate And Coa Biosynthesis,Pantothenate And Coa Biosynthesis
gene567,BCAT1,Pantothenate And Coa Biosynthesis,Pantothenate And Coa Biosynthesis
gene568,BCAT2,Pantothenate And Coa Biosynthesis,Pantothenate And Coa Biosynthesis
gene569,CARS2,Aminoacyl Trna Biosynthesis,Aminoacyl Trna Biosynthesis
gene570,DARS2,Aminoacyl Trna Biosynthesis,Aminoacyl Trna Biosynthesis
gene571,RARS1,Aminoacyl Trna Biosynthesis,Aminoacyl Trna Biosynthesis
gene572,SARS1,Aminoacyl Trna Biosynthesis,Aminoacyl Trna Biosynthesis
gene573,VARS2,Aminoacyl Trna Biosynthesis,Aminoacyl Trna Biosynthesis
gene574,YARS2,Aminoacyl Trna Biosynthesis,Aminoacyl Trna Biosynthesis
gene575,WARS1,Aminoacyl Trna Biosynthesis,Aminoacyl Trna Biosynthesis
gene576,AARS1,Aminoacyl Trna Biosynthesis,Aminoacyl Trna Biosynthesis
gene577,FARSA,Aminoacyl Trna Biosynthesis,Aminoacyl Trna Biosynthesis
gene578,HARS1,Aminoacyl Trna Biosynthesis,Aminoacyl Trna Biosynthesis
gene579,SARS2,Aminoacyl Trna Biosynthesis,Aminoacyl Trna Biosynthesis
gene580,RARS2,Aminoacyl Trna Biosynthesis,Aminoacyl Trna Biosynthesis
gene581,NARS1,Aminoacyl Trna Biosynthesis,Aminoacyl Trna Biosynthesis
gene582,LARS2,Aminoacyl Trna Biosynthesis,Aminoacyl Trna Biosynthesis
gene583,FARSB,Aminoacyl Trna Biosynthesis,Aminoacyl Trna Biosynthesis
gene584,AARS2,Aminoacyl Trna Biosynthesis,Aminoacyl Trna Biosynthesis
gene585,YARS1,Aminoacyl Trna Biosynthesis,Aminoacyl Trna Biosynthesis
gene586,NARS2,Aminoacyl Trna Biosynthesis,Aminoacyl Trna Biosynthesis
gene587,GARS1,Aminoacyl Trna Biosynthesis,Aminoacyl Trna Biosynthesis
gene588,IARS2,Aminoacyl Trna Biosynthesis,Aminoacyl Trna Biosynthesis
gene589,KARS1,Aminoacyl Trna Biosynthesis,Aminoacyl Trna Biosynthesis
gene590,WARS2,Aminoacyl Trna Biosynthesis,Aminoacyl Trna Biosynthesis
gene591,TARS3,Aminoacyl Trna Biosynthesis,Aminoacyl Trna Biosynthesis
gene592,LARS1,Aminoacyl Trna Biosynthesis,Aminoacyl Trna Biosynthesis
gene593,VARS1,Aminoacyl Trna Biosynthesis,Aminoacyl Trna Biosynthesis
gene594,PARS2,Aminoacyl Trna Biosynthesis,Aminoacyl Trna Biosynthesis
gene595,MARS2,Aminoacyl Trna Biosynthesis,Aminoacyl Trna Biosynthesis
gene596,CARS1,Aminoacyl Trna Biosynthesis,Aminoacyl Trna Biosynthesis
gene597,IARS1,Aminoacyl Trna Biosynthesis,Aminoacyl Trna Biosynthesis
gene598,TARS2,Aminoacyl Trna Biosynthesis,Aminoacyl Trna Biosynthesis
gene599,SEPSECS,Aminoacyl Trna Biosynthesis,Aminoacyl Trna Biosynthesis
gene600,MTFMT,Aminoacyl Trna Biosynthesis,Aminoacyl Trna Biosynthesis
gene601,TARS1,Aminoacyl Trna Biosynthesis,Aminoacyl Trna Biosynthesis
gene602,DARS1,Aminoacyl Trna Biosynthesis,Aminoacyl Trna Biosynthesis
gene603,HARS2,Aminoacyl Trna Biosynthesis,Aminoacyl Trna Biosynthesis
gene604,PSTK,Aminoacyl Trna Biosynthesis,Aminoacyl Trna Biosynthesis
gene605,QARS1,Aminoacyl Trna Biosynthesis,Aminoacyl Trna Biosynthesis
gene606,EARS2,Aminoacyl Trna Biosynthesis,Aminoacyl Trna Biosynthesis
gene607,EPRS1,Aminoacyl Trna Biosynthesis,Aminoacyl Trna Biosynthesis
gene608,FARS2,Aminoacyl Trna Biosynthesis,Aminoacyl Trna Biosynthesis
gene609,MARS1,Aminoacyl Trna Biosynthesis,Aminoacyl Trna Biosynthesis
gene610,TBPL2,Basal Transcription Factors,Basal Transcription Factors
gene611,TAF1L,Basal Transcription Factors,Basal Transcription Factors
gene612,TAF2,Basal Transcription Factors,Basal Transcription Factors
gene613,TAF4,Basal Transcription Factors,Basal Transcription Factors
gene614,TAF7L,Basal Transcription Factors,Basal Transcription Factors
gene615,TAF1,Basal Transcription Factors,Basal Transcription Factors
gene616,TAF9B,Basal Transcription Factors,Basal Transcription Factors
gene617,GTF2A1L,Basal Transcription Factors,Basal Transcription Factors
gene618,STON1,Basal Transcription Factors,Basal Transcription Factors
gene619,TBP,Basal Transcription Factors,Basal Transcription Factors
gene620,GTF2A1,Basal Transcription Factors,Basal Transcription Factors
gene621,GTF2B,Basal Transcription Factors,Basal Transcription Factors
gene622,GTF2A2,Basal Transcription Factors,Basal Transcription Factors
gene623,TAF11,Basal Transcription Factors,Basal Transcription Factors
gene624,TAF12,Basal Transcription Factors,Basal Transcription Factors
gene625,TAF5L,Basal Transcription Factors,Basal Transcription Factors
gene626,TAF13,Basal Transcription Factors,Basal Transcription Factors
gene627,GTF2IRD1,Basal Transcription Factors,Basal Transcription Factors
gene628,TAF9,Basal Transcription Factors,Basal Transcription Factors
gene629,TAF10,Basal Transcription Factors,Basal Transcription Factors
gene630,GTF2H2,Basal Transcription Factors,Basal Transcription Factors
gene631,TAF7,Basal Transcription Factors,Basal Transcription Factors
gene632,GTF2H1,Basal Transcription Factors,Basal Transcription Factors
gene633,TAF6L,Basal Transcription Factors,Basal Transcription Factors
gene634,GTF2F2,Basal Transcription Factors,Basal Transcription Factors
gene635,GTF2F1,Basal Transcription Factors,Basal Transcription Factors
gene636,GTF2E2,Basal Transcription Factors,Basal Transcription Factors
gene637,TAF4B,Basal Transcription Factors,Basal Transcription Factors
gene638,TAF6,Basal Transcription Factors,Basal Transcription Factors
gene639,GTF2E1,Basal Transcription Factors,Basal Transcription Factors
gene640,TAF5,Basal Transcription Factors,Basal Transcription Factors
gene641,GTF2I,Basal Transcription Factors,Basal Transcription Factors
gene642,GTF2H4,Basal Transcription Factors,Basal Transcription Factors
gene643,TBPL1,Basal Transcription Factors,Basal Transcription Factors
gene644,GTF2H3,Basal Transcription Factors,Basal Transcription Factors
gene645,XRCC4,Non Homologous End Joining,Non Homologous End Joining
gene646,MRE11,Non Homologous End Joining,Non Homologous End Joining
gene647,POLL,Non Homologous End Joining,Non Homologous End Joining
gene648,POLM,Non Homologous End Joining,Non Homologous End Joining
gene649,NHEJ1,Non Homologous End Joining,Non Homologous End Joining
gene650,LIG4,Non Homologous End Joining,Non Homologous End Joining
gene651,FEN1,Non Homologous End Joining,Non Homologous End Joining
gene652,DNTT,Non Homologous End Joining,Non Homologous End Joining
gene653,XRCC5,Non Homologous End Joining,Non Homologous End Joining
gene654,RAD50,Non Homologous End Joining,Non Homologous End Joining
gene655,XRCC6,Non Homologous End Joining,Non Homologous End Joining
gene656,PRKDC,Non Homologous End Joining,Non Homologous End Joining
gene657,DCLRE1C,Non Homologous End Joining,Non Homologous End Joining
gene658,STX12,Snare Interactions In Vesicular Transport,Snare Interactions In Vesicular Transport
gene659,STX2,Snare Interactions In Vesicular Transport,Snare Interactions In Vesicular Transport
gene660,VAMP5,Snare Interactions In Vesicular Transport,Snare Interactions In Vesicular Transport
gene661,GOSR2,Snare Interactions In Vesicular Transport,Snare Interactions In Vesicular Transport
gene662,SNAP29,Snare Interactions In Vesicular Transport,Snare Interactions In Vesicular Transport
gene663,STX7,Snare Interactions In Vesicular Transport,Snare Interactions In Vesicular Transport
gene664,STX6,Snare Interactions In Vesicular Transport,Snare Interactions In Vesicular Transport
gene665,STX1A,Snare Interactions In Vesicular Transport,Snare Interactions In Vesicular Transport
gene666,STX11,Snare Interactions In Vesicular Transport,Snare Interactions In Vesicular Transport
gene667,STX16,Snare Interactions In Vesicular Transport,Snare Interactions In Vesicular Transport
gene668,VAMP1,Snare Interactions In Vesicular Transport,Snare Interactions In Vesicular Transport
gene669,VAMP3,Snare Interactions In Vesicular Transport,Snare Interactions In Vesicular Transport
gene670,BNIP1,Snare Interactions In Vesicular Transport,Snare Interactions In Vesicular Transport
gene671,STX3,Snare Interactions In Vesicular Transport,Snare Interactions In Vesicular Transport
gene672,VAMP2,Snare Interactions In Vesicular Transport,Snare Interactions In Vesicular Transport
gene673,STX10,Snare Interactions In Vesicular Transport,Snare Interactions In Vesicular Transport
gene674,VAMP7,Snare Interactions In Vesicular Transport,Snare Interactions In Vesicular Transport
gene675,SNAP47,Snare Interactions In Vesicular Transport,Snare Interactions In Vesicular Transport
gene676,SEC22B,Snare Interactions In Vesicular Transport,Snare Interactions In Vesicular Transport
gene677,VAMP4,Snare Interactions In Vesicular Transport,Snare Interactions In Vesicular Transport
gene678,VAMP8,Snare Interactions In Vesicular Transport,Snare Interactions In Vesicular Transport
gene679,YKT6,Snare Interactions In Vesicular Transport,Snare Interactions In Vesicular Transport
gene680,SNAP23,Snare Interactions In Vesicular Transport,Snare Interactions In Vesicular Transport
gene681,BET1L,Snare Interactions In Vesicular Transport,Snare Interactions In Vesicular Transport
gene682,STX18,Snare Interactions In Vesicular Transport,Snare Interactions In Vesicular Transport
gene683,GOSR1,Snare Interactions In Vesicular Transport,Snare Interactions In Vesicular Transport
gene684,SNAP25,Snare Interactions In Vesicular Transport,Snare Interactions In Vesicular Transport
gene685,USE1,Snare Interactions In Vesicular Transport,Snare Interactions In Vesicular Transport
gene686,STX5,Snare Interactions In Vesicular Transport,Snare Interactions In Vesicular Transport
gene687,STX4,Snare Interactions In Vesicular Transport,Snare Interactions In Vesicular Transport
gene688,STX19,Snare Interactions In Vesicular Transport,Snare Interactions In Vesicular Transport
gene689,VTI1B,Snare Interactions In Vesicular Transport,Snare Interactions In Vesicular Transport
gene690,BET1,Snare Interactions In Vesicular Transport,Snare Interactions In Vesicular Transport
gene691,VTI1A,Snare Interactions In Vesicular Transport,Snare Interactions In Vesicular Transport
gene692,TSNARE1,Snare Interactions In Vesicular Transport,Snare Interactions In Vesicular Transport
gene693,STX8,Snare Interactions In Vesicular Transport,Snare Interactions In Vesicular Transport
gene694,STX1B,Snare Interactions In Vesicular Transport,Snare Interactions In Vesicular Transport
gene695,STX17,Snare Interactions In Vesicular Transport,Snare Interactions In Vesicular Transport
gene696,PLA2G15,Lysosome,Lysosome
gene697,AP3B2,Lysosome,Lysosome
gene698,GGA1,Lysosome,Lysosome
gene699,SLC11A1,Lysosome,Lysosome
gene700,PPT1,Lysosome,Lysosome
gene701,MFSD8,Lysosome,Lysosome
gene702,CTSZ,Lysosome,Lysosome
gene703,NAGPA,Lysosome,Lysosome
gene704,IGF2R,Lysosome,Lysosome
gene705,ARSG,Lysosome,Lysosome
gene706,ATP6V0A1,Lysosome,Lysosome
gene707,CTSW,Lysosome,Lysosome
gene708,ATP6V0B,Lysosome,Lysosome
gene709,LGMN,Lysosome,Lysosome
gene710,CTSS,Lysosome,Lysosome
gene711,AP4S1,Lysosome,Lysosome
gene712,LAMP2,Lysosome,Lysosome
gene713,ATP6AP1,Lysosome,Lysosome
gene714,LAPTM5,Lysosome,Lysosome
gene715,AP1S3,Lysosome,Lysosome
gene716,CLTCL1,Lysosome,Lysosome
gene717,AP4B1,Lysosome,Lysosome
gene718,AP3B1,Lysosome,Lysosome
gene719,LAMP3,Lysosome,Lysosome
gene720,ATP6V0A4,Lysosome,Lysosome
gene721,CTSL,Lysosome,Lysosome
gene722,ABCB9,Lysosome,Lysosome
gene723,AP1B1,Lysosome,Lysosome
gene724,CTSK,Lysosome,Lysosome
gene725,SLC11A2,Lysosome,Lysosome
gene726,GNPTAB,Lysosome,Lysosome
gene727,SMPD1,Lysosome,Lysosome
gene728,CTSH,Lysosome,Lysosome
gene729,AP1G1,Lysosome,Lysosome
gene730,CTSG,Lysosome,Lysosome
gene731,CTSE,Lysosome,Lysosome
gene732,LAPTM4A,Lysosome,Lysosome
gene733,GM2A,Lysosome,Lysosome
gene734,LAMP1,Lysosome,Lysosome
gene735,CTSO,Lysosome,Lysosome
gene736,GGA2,Lysosome,Lysosome
gene737,CTSV,Lysosome,Lysosome
gene738,AP3M1,Lysosome,Lysosome
gene739,CTSC,Lysosome,Lysosome
gene740,GBA,Lysosome,Lysosome
gene741,AP3D1,Lysosome,Lysosome
gene742,CD164,Lysosome,Lysosome
gene743,ATP6V1H,Lysosome,Lysosome
gene744,HGSNAT,Lysosome,Lysosome
gene745,ABCA2,Lysosome,Lysosome
gene746,DNASE2B,Lysosome,Lysosome
gene747,AGA,Lysosome,Lysosome
gene748,AP3M2,Lysosome,Lysosome
gene749,ATP6V0D2,Lysosome,Lysosome
gene750,ARSA,Lysosome,Lysosome
gene751,CTSD,Lysosome,Lysosome
gene752,CTSB,Lysosome,Lysosome
gene753,ARSB,Lysosome,Lysosome
gene754,TCIRG1,Lysosome,Lysosome
gene755,GNS,Lysosome,Lysosome
gene756,PPT2,Lysosome,Lysosome
gene757,DNASE2,Lysosome,Lysosome
gene758,SORT1,Lysosome,Lysosome
gene759,ASAH1,Lysosome,Lysosome
gene760,AP4E1,Lysosome,Lysosome
gene761,GALNS,Lysosome,Lysosome
gene762,AP4M1,Lysosome,Lysosome
gene763,PSAPL1,Lysosome,Lysosome
gene764,IDUA,Lysosome,Lysosome
gene765,IDS,Lysosome,Lysosome
gene766,ATP6V0C,Lysosome,Lysosome
gene767,GALC,Lysosome,Lysosome
gene768,GNPTG,Lysosome,Lysosome
gene769,NEU1,Lysosome,Lysosome
gene770,M6PR,Lysosome,Lysosome
gene771,GUSB,Lysosome,Lysosome
gene772,AP3S2,Lysosome,Lysosome
gene773,GLA,Lysosome,Lysosome
gene774,GGA3,Lysosome,Lysosome
gene775,ATP6V0A2,Lysosome,Lysosome
gene776,FUCA1,Lysosome,Lysosome
gene777,NPC2,Lysosome,Lysosome
gene778,ATP6V0D1,Lysosome,Lysosome
gene779,ENTPD4,Lysosome,Lysosome
gene780,SGSH,Lysosome,Lysosome
gene781,AP1M2,Lysosome,Lysosome
gene782,CD68,Lysosome,Lysosome
gene783,CD63,Lysosome,Lysosome
gene784,GLB1,Lysosome,Lysosome
gene785,CTSF,Lysosome,Lysosome
gene786,MANBA,Lysosome,Lysosome
gene787,MAN2B1,Lysosome,Lysosome
gene788,PSAP,Lysosome,Lysosome
gene789,CTNS,Lysosome,Lysosome
gene790,LIPA,Lysosome,Lysosome
gene791,AP1S2,Lysosome,Lysosome
gene792,AP1M1,Lysosome,Lysosome
gene793,LAPTM4B,Lysosome,Lysosome
gene794,NAPSA,Lysosome,Lysosome
gene795,HEXB,Lysosome,Lysosome
gene796,AP3S1,Lysosome,Lysosome
gene797,SUMF1,Lysosome,Lysosome
gene798,MCOLN1,Lysosome,Lysosome
gene799,AP1S1,Lysosome,Lysosome
gene800,HEXA,Lysosome,Lysosome
gene801,NPC1,Lysosome,Lysosome
gene802,SLC17A5,Lysosome,Lysosome
gene803,SCARB2,Lysosome,Lysosome
gene804,HYAL1,Lysosome,Lysosome
gene805,CLN5,Lysosome,Lysosome
gene806,CTSA,Lysosome,Lysosome
gene807,TPP1,Lysosome,Lysosome
gene808,CLTA,Lysosome,Lysosome
gene809,CLTB,Lysosome,Lysosome
gene810,CLN3,Lysosome,Lysosome
gene811,CLTC,Lysosome,Lysosome
gene812,ACP2,Lysosome,Lysosome
gene813,GAA,Lysosome,Lysosome
gene814,ACP5,Lysosome,Lysosome
gene815,NAGA,Lysosome,Lysosome
gene816,NAGLU,Lysosome,Lysosome
gene817,CACNA2D1,Cardiac Muscle Contraction,Cardiac Muscle Contraction
gene818,CACNB1,Cardiac Muscle Contraction,Cardiac Muscle Contraction
gene819,COX8A,Cardiac Muscle Contraction,Cardiac Muscle Contraction
gene820,CACNB2,Cardiac Muscle Contraction,Cardiac Muscle Contraction
gene821,UQCR10,Cardiac Muscle Contraction,Cardiac Muscle Contraction
gene822,COX7C,Cardiac Muscle Contraction,Cardiac Muscle Contraction
gene823,CACNB3,Cardiac Muscle Contraction,Cardiac Muscle Contraction
gene824,CACNB4,Cardiac Muscle Contraction,Cardiac Muscle Contraction
gene825,CACNG1,Cardiac Muscle Contraction,Cardiac Muscle Contraction
gene826,COX6CP3,Cardiac Muscle Contraction,Cardiac Muscle Contraction
gene827,FXYD2,Cardiac Muscle Contraction,Cardiac Muscle Contraction
gene828,CACNG8,Cardiac Muscle Contraction,Cardiac Muscle Contraction
gene829,RYR2,Cardiac Muscle Contraction,Cardiac Muscle Contraction
gene830,CACNG6,Cardiac Muscle Contraction,Cardiac Muscle Contraction
gene831,ATP2A2,Cardiac Muscle Contraction,Cardiac Muscle Contraction
gene832,CACNG7,Cardiac Muscle Contraction,Cardiac Muscle Contraction
gene833,TPM2,Cardiac Muscle Contraction,Cardiac Muscle Contraction
gene834,MT-CYB,Cardiac Muscle Contraction,Cardiac Muscle Contraction
gene835,TPM1,Cardiac Muscle Contraction,Cardiac Muscle Contraction
gene836,ATP1B2,Cardiac Muscle Contraction,Cardiac Muscle Contraction
gene837,ATP1B3,Cardiac Muscle Contraction,Cardiac Muscle Contraction
gene838,ATP1A4,Cardiac Muscle Contraction,Cardiac Muscle Contraction
gene839,ATP1B1,Cardiac Muscle Contraction,Cardiac Muscle Contraction
gene840,MT-CO2,Cardiac Muscle Contraction,Cardiac Muscle Contraction
gene841,COX7B,Cardiac Muscle Contraction,Cardiac Muscle Contraction
gene842,MT-CO1,Cardiac Muscle Contraction,Cardiac Muscle Contraction
gene843,COX7A1,Cardiac Muscle Contraction,Cardiac Muscle Contraction
gene844,COX7A2,Cardiac Muscle Contraction,Cardiac Muscle Contraction
gene845,COX8C,Cardiac Muscle Contraction,Cardiac Muscle Contraction
gene846,COX6C,Cardiac Muscle Contraction,Cardiac Muscle Contraction
gene847,MT-CO3,Cardiac Muscle Contraction,Cardiac Muscle Contraction
gene848,CACNA2D3,Cardiac Muscle Contraction,Cardiac Muscle Contraction
gene849,COX6B1,Cardiac Muscle Contraction,Cardiac Muscle Contraction
gene850,CACNA1D,Cardiac Muscle Contraction,Cardiac Muscle Contraction
gene851,SLC8A1,Cardiac Muscle Contraction,Cardiac Muscle Contraction
gene852,COX5B,Cardiac Muscle Contraction,Cardiac Muscle Contraction
gene853,SLC9A1,Cardiac Muscle Contraction,Cardiac Muscle Contraction
gene854,UQCR10P1,Cardiac Muscle Contraction,Cardiac Muscle Contraction
gene855,CACNA1C,Cardiac Muscle Contraction,Cardiac Muscle Contraction
gene856,TNNI3,Cardiac Muscle Contraction,Cardiac Muscle Contraction
gene857,CACNA1F,Cardiac Muscle Contraction,Cardiac Muscle Contraction
gene858,COX4I1,Cardiac Muscle Contraction,Cardiac Muscle Contraction
gene859,ATP1A1,Cardiac Muscle Contraction,Cardiac Muscle Contraction
gene860,CACNA2D2,Cardiac Muscle Contraction,Cardiac Muscle Contraction
gene861,CACNA1S,Cardiac Muscle Contraction,Cardiac Muscle Contraction
gene862,COX7B2,Cardiac Muscle Contraction,Cardiac Muscle Contraction
gene863,ATP1A3,Cardiac Muscle Contraction,Cardiac Muscle Contraction
gene864,TNNC1,Cardiac Muscle Contraction,Cardiac Muscle Contraction
gene865,ATP1A2,Cardiac Muscle Contraction,Cardiac Muscle Contraction
gene866,UQCRB,Cardiac Muscle Contraction,Cardiac Muscle Contraction
gene867,COX6A2,Cardiac Muscle Contraction,Cardiac Muscle Contraction
gene868,SLC9A6,Cardiac Muscle Contraction,Cardiac Muscle Contraction
gene869,TPM4,Cardiac Muscle Contraction,Cardiac Muscle Contraction
gene870,ACTC1,Cardiac Muscle Contraction,Cardiac Muscle Contraction
gene871,COX6A1,Cardiac Muscle Contraction,Cardiac Muscle Contraction
gene872,CACNA2D4,Cardiac Muscle Contraction,Cardiac Muscle Contraction
gene873,UQCRH,Cardiac Muscle Contraction,Cardiac Muscle Contraction
gene874,UQCRFS1,Cardiac Muscle Contraction,Cardiac Muscle Contraction
gene875,UQCRC2,Cardiac Muscle Contraction,Cardiac Muscle Contraction
gene876,TPM3,Cardiac Muscle Contraction,Cardiac Muscle Contraction
gene877,UQCRC1,Cardiac Muscle Contraction,Cardiac Muscle Contraction
gene878,CACNG2,Cardiac Muscle Contraction,Cardiac Muscle Contraction
gene879,CACNG3,Cardiac Muscle Contraction,Cardiac Muscle Contraction
gene880,UQCR11,Cardiac Muscle Contraction,Cardiac Muscle Contraction
gene881,UQCRQ,Cardiac Muscle Contraction,Cardiac Muscle Contraction
gene882,MYL3,Cardiac Muscle Contraction,Cardiac Muscle Contraction
gene883,TNNT2,Cardiac Muscle Contraction,Cardiac Muscle Contraction
gene884,MYL2,Cardiac Muscle Contraction,Cardiac Muscle Contraction
gene885,COX6B2,Cardiac Muscle Contraction,Cardiac Muscle Contraction
gene886,COX4I2,Cardiac Muscle Contraction,Cardiac Muscle Contraction
gene887,COX7A2L,Cardiac Muscle Contraction,Cardiac Muscle Contraction
gene888,COX5A,Cardiac Muscle Contraction,Cardiac Muscle Contraction
gene889,CACNG5,Cardiac Muscle Contraction,Cardiac Muscle Contraction
gene890,CACNG4,Cardiac Muscle Contraction,Cardiac Muscle Contraction
gene891,UQCRHL,Cardiac Muscle Contraction,Cardiac Muscle Contraction
gene892,CYC1,Cardiac Muscle Contraction,Cardiac Muscle Contraction
gene893,MYH7,Cardiac Muscle Contraction,Cardiac Muscle Contraction
gene894,MYH6,Cardiac Muscle Contraction,Cardiac Muscle Contraction
gene895,ATP1B4,Cardiac Muscle Contraction,Cardiac Muscle Contraction
gene896,LNPEP,Renin Angiotensin System,Renin Angiotensin System
gene897,ACE2,Renin Angiotensin System,Renin Angiotensin System
gene898,REN,Renin Angiotensin System,Renin Angiotensin System
gene899,ANPEP,Renin Angiotensin System,Renin Angiotensin System
gene900,CMA1,Renin Angiotensin System,Renin Angiotensin System
gene901,CTSA,Renin Angiotensin System,Renin Angiotensin System
gene902,CTSG,Renin Angiotensin System,Renin Angiotensin System
gene903,THOP1,Renin Angiotensin System,Renin Angiotensin System
gene904,AGT,Renin Angiotensin System,Renin Angiotensin System
gene905,AGTR1,Renin Angiotensin System,Renin Angiotensin System
gene906,ACE,Renin Angiotensin System,Renin Angiotensin System
gene907,AGTR2,Renin Angiotensin System,Renin Angiotensin System
gene908,NLN,Renin Angiotensin System,Renin Angiotensin System
gene909,ENPEP,Renin Angiotensin System,Renin Angiotensin System
gene910,CPA3,Renin Angiotensin System,Renin Angiotensin System
gene911,MAS1,Renin Angiotensin System,Renin Angiotensin System
gene912,MME,Renin Angiotensin System,Renin Angiotensin System
gene913,NPAS2,Circadian Rhythm Mammal,Circadian Rhythm Mammal
gene914,PER3,Circadian Rhythm Mammal,Circadian Rhythm Mammal
gene915,PER2,Circadian Rhythm Mammal,Circadian Rhythm Mammal
gene916,CSNK1D,Circadian Rhythm Mammal,Circadian Rhythm Mammal
gene917,CRY1,Circadian Rhythm Mammal,Circadian Rhythm Mammal
gene918,BHLHE41,Circadian Rhythm Mammal,Circadian Rhythm Mammal
gene919,BHLHE40,Circadian Rhythm Mammal,Circadian Rhythm Mammal
gene920,NR1D1,Circadian Rhythm Mammal,Circadian Rhythm Mammal
gene921,CRY2,Circadian Rhythm Mammal,Circadian Rhythm Mammal
gene922,CSNK1E,Circadian Rhythm Mammal,Circadian Rhythm Mammal
gene923,PER1,Circadian Rhythm Mammal,Circadian Rhythm Mammal
gene924,CLOCK,Circadian Rhythm Mammal,Circadian Rhythm Mammal
gene925,ARNTL,Circadian Rhythm Mammal,Circadian Rhythm Mammal
gene926,TAS2R60,Taste Transduction,Taste Transduction
gene927,GRM4,Taste Transduction,Taste Transduction
gene928,PLCB2,Taste Transduction,Taste Transduction
gene929,ADCY8,Taste Transduction,Taste Transduction
gene930,ADCY6,Taste Transduction,Taste Transduction
gene931,TAS2R42,Taste Transduction,Taste Transduction
gene932,TAS1R2,Taste Transduction,Taste Transduction
gene933,TAS1R1,Taste Transduction,Taste Transduction
gene934,TRPM5,Taste Transduction,Taste Transduction
gene935,ASIC2,Taste Transduction,Taste Transduction
gene936,PDE1A,Taste Transduction,Taste Transduction
gene937,CACNA1A,Taste Transduction,Taste Transduction
gene938,ITPR3,Taste Transduction,Taste Transduction
gene939,CACNA1B,Taste Transduction,Taste Transduction
gene940,TAS2R5,Taste Transduction,Taste Transduction
gene941,ADCY4,Taste Transduction,Taste Transduction
gene942,GNAT3,Taste Transduction,Taste Transduction
gene943,GNG13,Taste Transduction,Taste Transduction
gene944,TAS2R3,Taste Transduction,Taste Transduction
gene945,TAS2R9,Taste Transduction,Taste Transduction
gene946,TAS1R3,Taste Transduction,Taste Transduction
gene947,TAS2R1,Taste Transduction,Taste Transduction
gene948,KCNB1,Taste Transduction,Taste Transduction
gene949,TAS2R16,Taste Transduction,Taste Transduction
gene950,TAS2R4,Taste Transduction,Taste Transduction
gene951,SCNN1G,Taste Transduction,Taste Transduction
gene952,GNB3,Taste Transduction,Taste Transduction
gene953,PRKX,Taste Transduction,Taste Transduction
gene954,GNG3,Taste Transduction,Taste Transduction
gene955,SCNN1B,Taste Transduction,Taste Transduction
gene956,SCNN1A,Taste Transduction,Taste Transduction
gene957,TAS2R43,Taste Transduction,Taste Transduction
gene958,TAS2R40,Taste Transduction,Taste Transduction
gene959,TAS2R41,Taste Transduction,Taste Transduction
gene960,TAS2R39,Taste Transduction,Taste Transduction
gene961,TAS2R14,Taste Transduction,Taste Transduction
gene962,PRKACA,Taste Transduction,Taste Transduction
gene963,PRKACB,Taste Transduction,Taste Transduction
gene964,PRKACG,Taste Transduction,Taste Transduction
gene965,GNAS,Taste Transduction,Taste Transduction
gene966,TAS2R38,Taste Transduction,Taste Transduction
gene967,GNB1,Taste Transduction,Taste Transduction
gene968,TAS2R20,Taste Transduction,Taste Transduction
gene969,TAS2R50,Taste Transduction,Taste Transduction
gene970,TAS2R45,Taste Transduction,Taste Transduction
gene971,TAS2R8,Taste Transduction,Taste Transduction
gene972,TAS2R46,Taste Transduction,Taste Transduction
gene973,TAS2R7,Taste Transduction,Taste Transduction
gene974,TAS2R13,Taste Transduction,Taste Transduction
gene975,TAS2R19,Taste Transduction,Taste Transduction
gene976,TAS2R10,Taste Transduction,Taste Transduction
gene977,TAS2R31,Taste Transduction,Taste Transduction
gene978,SLC25A10,Proximal Tubule Bicarbonate Reclamation,Proximal Tubule Bicarbonate Reclamation
gene979,GLUD2,Proximal Tubule Bicarbonate Reclamation,Proximal Tubule Bicarbonate Reclamation
gene980,PCK2,Proximal Tubule Bicarbonate Reclamation,Proximal Tubule Bicarbonate Reclamation
gene981,CA2,Proximal Tubule Bicarbonate Reclamation,Proximal Tubule Bicarbonate Reclamation
gene982,CA4,Proximal Tubule Bicarbonate Reclamation,Proximal Tubule Bicarbonate Reclamation
gene983,PCK1,Proximal Tubule Bicarbonate Reclamation,Proximal Tubule Bicarbonate Reclamation
gene984,GLS2,Proximal Tubule Bicarbonate Reclamation,Proximal Tubule Bicarbonate Reclamation
gene985,FXYD2,Proximal Tubule Bicarbonate Reclamation,Proximal Tubule Bicarbonate Reclamation
gene986,MDH1,Proximal Tubule Bicarbonate Reclamation,Proximal Tubule Bicarbonate Reclamation
gene987,SLC38A3,Proximal Tubule Bicarbonate Reclamation,Proximal Tubule Bicarbonate Reclamation
gene988,ATP1A1,Proximal Tubule Bicarbonate Reclamation,Proximal Tubule Bicarbonate Reclamation
gene989,GLUD1,Proximal Tubule Bicarbonate Reclamation,Proximal Tubule Bicarbonate Reclamation
gene990,ATP1A3,Proximal Tubule Bicarbonate Reclamation,Proximal Tubule Bicarbonate Reclamation
gene991,SLC4A4,Proximal Tubule Bicarbonate Reclamation,Proximal Tubule Bicarbonate Reclamation
gene992,ATP1A2,Proximal Tubule Bicarbonate Reclamation,Proximal Tubule Bicarbonate Reclamation
gene993,GLS,Proximal Tubule Bicarbonate Reclamation,Proximal Tubule Bicarbonate Reclamation
gene994,ATP1B2,Proximal Tubule Bicarbonate Reclamation,Proximal Tubule Bicarbonate Reclamation
gene995,ATP1B3,Proximal Tubule Bicarbonate Reclamation,Proximal Tubule Bicarbonate Reclamation
gene996,ATP1A4,Proximal Tubule Bicarbonate Reclamation,Proximal Tubule Bicarbonate Reclamation
gene997,ATP1B1,Proximal Tubule Bicarbonate Reclamation,Proximal Tubule Bicarbonate Reclamation
gene998,AQP1,Proximal Tubule Bicarbonate Reclamation,Proximal Tubule Bicarbonate Reclamation
gene999,ATP1B4,Proximal Tubule Bicarbonate Reclamation,Proximal Tubule Bicarbonate Reclamation
gene1000,SLC9A3,Proximal Tubule Bicarbonate Reclamation,Proximal Tubule Bicarbonate Reclamation
gene1001,TUBA1A,Pathogenic Escherichia Coli Infection,Pathogenic Escherichia Coli Infection
gene1002,PRKCA,Pathogenic Escherichia Coli Infection,Pathogenic Escherichia Coli Infection
gene1003,KRT18,Pathogenic Escherichia Coli Infection,Pathogenic Escherichia Coli Infection
gene1004,WAS,Pathogenic Escherichia Coli Infection,Pathogenic Escherichia Coli Infection
gene1005,CLDN1,Pathogenic Escherichia Coli Infection,Pathogenic Escherichia Coli Infection
gene1006,TUBB4A,Pathogenic Escherichia Coli Infection,Pathogenic Escherichia Coli Infection
gene1007,TUBB4B,Pathogenic Escherichia Coli Infection,Pathogenic Escherichia Coli Infection
gene1008,TUBB3,Pathogenic Escherichia Coli Infection,Pathogenic Escherichia Coli Infection
gene1009,RHOA,Pathogenic Escherichia Coli Infection,Pathogenic Escherichia Coli Infection
gene1010,CTTN,Pathogenic Escherichia Coli Infection,Pathogenic Escherichia Coli Infection
gene1011,ROCK1,Pathogenic Escherichia Coli Infection,Pathogenic Escherichia Coli Infection
gene1012,TUBB2A,Pathogenic Escherichia Coli Infection,Pathogenic Escherichia Coli Infection
gene1013,WASL,Pathogenic Escherichia Coli Infection,Pathogenic Escherichia Coli Infection
gene1014,LY96,Pathogenic Escherichia Coli Infection,Pathogenic Escherichia Coli Infection
gene1015,ABL1,Pathogenic Escherichia Coli Infection,Pathogenic Escherichia Coli Infection
gene1016,TUBA1B,Pathogenic Escherichia Coli Infection,Pathogenic Escherichia Coli Infection
gene1017,ARPC4,Pathogenic Escherichia Coli Infection,Pathogenic Escherichia Coli Infection
gene1018,CD14,Pathogenic Escherichia Coli Infection,Pathogenic Escherichia Coli Infection
gene1019,ARPC5,Pathogenic Escherichia Coli Infection,Pathogenic Escherichia Coli Infection
gene1020,ITGB1,Pathogenic Escherichia Coli Infection,Pathogenic Escherichia Coli Infection
gene1021,ARPC1B,Pathogenic Escherichia Coli Infection,Pathogenic Escherichia Coli Infection
gene1022,ARPC3,Pathogenic Escherichia Coli Infection,Pathogenic Escherichia Coli Infection
gene1023,ACTG1,Pathogenic Escherichia Coli Infection,Pathogenic Escherichia Coli Infection
gene1024,ARPC2,Pathogenic Escherichia Coli Infection,Pathogenic Escherichia Coli Infection
gene1025,NCL,Pathogenic Escherichia Coli Infection,Pathogenic Escherichia Coli Infection
gene1026,TUBB7P,Pathogenic Escherichia Coli Infection,Pathogenic Escherichia Coli Infection
gene1027,TUBA3D,Pathogenic Escherichia Coli Infection,Pathogenic Escherichia Coli Infection
gene1028,NCK1,Pathogenic Escherichia Coli Infection,Pathogenic Escherichia Coli Infection
gene1029,YWHAQ,Pathogenic Escherichia Coli Infection,Pathogenic Escherichia Coli Infection
gene1030,TLR5,Pathogenic Escherichia Coli Infection,Pathogenic Escherichia Coli Infection
gene1031,TUBB2B,Pathogenic Escherichia Coli Infection,Pathogenic Escherichia Coli Infection
gene1032,TUBAL3,Pathogenic Escherichia Coli Infection,Pathogenic Escherichia Coli Infection
gene1033,CTNNB1,Pathogenic Escherichia Coli Infection,Pathogenic Escherichia Coli Infection
gene1034,TUBA3C,Pathogenic Escherichia Coli Infection,Pathogenic Escherichia Coli Infection
gene1035,TUBB8,Pathogenic Escherichia Coli Infection,Pathogenic Escherichia Coli Infection
gene1036,TUBA8,Pathogenic Escherichia Coli Infection,Pathogenic Escherichia Coli Infection
gene1037,TUBA4A,Pathogenic Escherichia Coli Infection,Pathogenic Escherichia Coli Infection
gene1038,NCK2,Pathogenic Escherichia Coli Infection,Pathogenic Escherichia Coli Infection
gene1039,TUBA1C,Pathogenic Escherichia Coli Infection,Pathogenic Escherichia Coli Infection
gene1040,ACTB,Pathogenic Escherichia Coli Infection,Pathogenic Escherichia Coli Infection
gene1041,ROCK2,Pathogenic Escherichia Coli Infection,Pathogenic Escherichia Coli Infection
gene1042,TUBB1,Pathogenic Escherichia Coli Infection,Pathogenic Escherichia Coli Infection
gene1043,HCLS1,Pathogenic Escherichia Coli Infection,Pathogenic Escherichia Coli Infection
gene1044,EZR,Pathogenic Escherichia Coli Infection,Pathogenic Escherichia Coli Infection
gene1045,ARHGEF2,Pathogenic Escherichia Coli Infection,Pathogenic Escherichia Coli Infection
gene1046,ARPC1A,Pathogenic Escherichia Coli Infection,Pathogenic Escherichia Coli Infection
gene1047,TLR4,Pathogenic Escherichia Coli Infection,Pathogenic Escherichia Coli Infection
gene1048,TUBB6,Pathogenic Escherichia Coli Infection,Pathogenic Escherichia Coli Infection
gene1049,ARPC5L,Pathogenic Escherichia Coli Infection,Pathogenic Escherichia Coli Infection
gene1050,TUBB,Pathogenic Escherichia Coli Infection,Pathogenic Escherichia Coli Infection
gene1051,YWHAZ,Pathogenic Escherichia Coli Infection,Pathogenic Escherichia Coli Infection
gene1052,FYN,Pathogenic Escherichia Coli Infection,Pathogenic Escherichia Coli Infection
gene1053,OCLN,Pathogenic Escherichia Coli Infection,Pathogenic Escherichia Coli Infection
gene1054,CDC42,Pathogenic Escherichia Coli Infection,Pathogenic Escherichia Coli Infection
gene1055,CDH1,Pathogenic Escherichia Coli Infection,Pathogenic Escherichia Coli Infection
gene1056,TUBA3E,Pathogenic Escherichia Coli Infection,Pathogenic Escherichia Coli Infection
gene1057,CD80,Systemic Lupus Erythematosus,Systemic Lupus Erythematosus
gene1058,CD86,Systemic Lupus Erythematosus,Systemic Lupus Erythematosus
gene1059,H2BU1,Systemic Lupus Erythematosus,Systemic Lupus Erythematosus
gene1060,CD28,Systemic Lupus Erythematosus,Systemic Lupus Erythematosus
gene1061,MACROH2A1,Systemic Lupus Erythematosus,Systemic Lupus Erythematosus
gene1062,H3Y2,Systemic Lupus Erythematosus,Systemic Lupus Erythematosus
gene1063,H2AC1,Systemic Lupus Erythematosus,Systemic Lupus Erythematosus
gene1064,H2AC7,Systemic Lupus Erythematosus,Systemic Lupus Erythematosus
gene1065,H2AW,Systemic Lupus Erythematosus,Systemic Lupus Erythematosus
gene1066,H2AC8,Systemic Lupus Erythematosus,Systemic Lupus Erythematosus
gene1067,FCGR1A,Systemic Lupus Erythematosus,Systemic Lupus Erythematosus
gene1068,H2AC21,Systemic Lupus Erythematosus,Systemic Lupus Erythematosus
gene1069,H3C14,Systemic Lupus Erythematosus,Systemic Lupus Erythematosus
gene1070,H2AC19,Systemic Lupus Erythematosus,Systemic Lupus Erythematosus
gene1071,C9,Systemic Lupus Erythematosus,Systemic Lupus Erythematosus
gene1072,CTSG,Systemic Lupus Erythematosus,Systemic Lupus Erythematosus
gene1073,H3Y1,Systemic Lupus Erythematosus,Systemic Lupus Erythematosus
gene1074,H4C9,Systemic Lupus Erythematosus,Systemic Lupus Erythematosus
gene1075,FCGR3B,Systemic Lupus Erythematosus,Systemic Lupus Erythematosus
gene1076,FCGR2A,Systemic Lupus Erythematosus,Systemic Lupus Erythematosus
gene1077,C8A,Systemic Lupus Erythematosus,Systemic Lupus Erythematosus
gene1078,H3-4,Systemic Lupus Erythematosus,Systemic Lupus Erythematosus
gene1079,C7,Systemic Lupus Erythematosus,Systemic Lupus Erythematosus
gene1080,FCGR3A,Systemic Lupus Erythematosus,Systemic Lupus Erythematosus
gene1081,C8G,Systemic Lupus Erythematosus,Systemic Lupus Erythematosus
gene1082,FCGR2B,Systemic Lupus Erythematosus,Systemic Lupus Erythematosus
gene1083,C8B,Systemic Lupus Erythematosus,Systemic Lupus Erythematosus
gene1084,HLA-DRB4,Systemic Lupus Erythematosus,Systemic Lupus Erythematosus
gene1085,HLA-DRB5,Systemic Lupus Erythematosus,Systemic Lupus Erythematosus
gene1086,HLA-DRB3,Systemic Lupus Erythematosus,Systemic Lupus Erythematosus
gene1087,C6,Systemic Lupus Erythematosus,Systemic Lupus Erythematosus
gene1088,C5,Systemic Lupus Erythematosus,Systemic Lupus Erythematosus
gene1089,ELANE,Systemic Lupus Erythematosus,Systemic Lupus Erythematosus
gene1090,H4-16,Systemic Lupus Erythematosus,Systemic Lupus Erythematosus
gene1091,C4B,Systemic Lupus Erythematosus,Systemic Lupus Erythematosus
gene1092,C4A,Systemic Lupus Erythematosus,Systemic Lupus Erythematosus
gene1093,H4C15,Systemic Lupus Erythematosus,Systemic Lupus Erythematosus
gene1094,HLA-DPA1,Systemic Lupus Erythematosus,Systemic Lupus Erythematosus
gene1095,H2AB3,Systemic Lupus Erythematosus,Systemic Lupus Erythematosus
gene1096,HLA-DPB1,Systemic Lupus Erythematosus,Systemic Lupus Erythematosus
gene1097,HLA-DQA1,Systemic Lupus Erythematosus,Systemic Lupus Erythematosus
gene1098,HLA-DQA2,Systemic Lupus Erythematosus,Systemic Lupus Erythematosus
gene1099,HLA-DQB1,Systemic Lupus Erythematosus,Systemic Lupus Erythematosus
gene1100,H4C14,Systemic Lupus Erythematosus,Systemic Lupus Erythematosus
gene1101,H2BC3,Systemic Lupus Erythematosus,Systemic Lupus Erythematosus
gene1102,H2AX,Systemic Lupus Erythematosus,Systemic Lupus Erythematosus
gene1103,H2AZ1,Systemic Lupus Erythematosus,Systemic Lupus Erythematosus
gene1104,H2BC5,Systemic Lupus Erythematosus,Systemic Lupus Erythematosus
gene1105,C2,Systemic Lupus Erythematosus,Systemic Lupus Erythematosus
gene1106,H3-3B,Systemic Lupus Erythematosus,Systemic Lupus Erythematosus
gene1107,C1S,Systemic Lupus Erythematosus,Systemic Lupus Erythematosus
gene1108,C3,Systemic Lupus Erythematosus,Systemic Lupus Erythematosus
gene1109,C1QB,Systemic Lupus Erythematosus,Systemic Lupus Erythematosus
gene1110,H2AC12,Systemic Lupus Erythematosus,Systemic Lupus Erythematosus
gene1111,C1QA,Systemic Lupus Erythematosus,Systemic Lupus Erythematosus
gene1112,H3-3A,Systemic Lupus Erythematosus,Systemic Lupus Erythematosus
gene1113,C1R,Systemic Lupus Erythematosus,Systemic Lupus Erythematosus
gene1114,C1QC,Systemic Lupus Erythematosus,Systemic Lupus Erythematosus
gene1115,H2BC12,Systemic Lupus Erythematosus,Systemic Lupus Erythematosus
gene1116,ACTN2,Systemic Lupus Erythematosus,Systemic Lupus Erythematosus
gene1117,HLA-DRB1,Systemic Lupus Erythematosus,Systemic Lupus Erythematosus
gene1118,ACTN3,Systemic Lupus Erythematosus,Systemic Lupus Erythematosus
gene1119,HLA-DRA,Systemic Lupus Erythematosus,Systemic Lupus Erythematosus
gene1120,H2AC11,Systemic Lupus Erythematosus,Systemic Lupus Erythematosus
gene1121,HLA-DOA,Systemic Lupus Erythematosus,Systemic Lupus Erythematosus
gene1122,HLA-DOB,Systemic Lupus Erythematosus,Systemic Lupus Erythematosus
gene1123,H3C7,Systemic Lupus Erythematosus,Systemic Lupus Erythematosus
gene1124,TNF,Systemic Lupus Erythematosus,Systemic Lupus Erythematosus
gene1125,H4C4,Systemic Lupus Erythematosus,Systemic Lupus Erythematosus
gene1126,FCGR2C,Systemic Lupus Erythematosus,Systemic Lupus Erythematosus
gene1127,H4C12,Systemic Lupus Erythematosus,Systemic Lupus Erythematosus
gene1128,MACROH2A2,Systemic Lupus Erythematosus,Systemic Lupus Erythematosus
gene1129,H4C6,Systemic Lupus Erythematosus,Systemic Lupus Erythematosus
gene1130,H2AZ2,Systemic Lupus Erythematosus,Systemic Lupus Erythematosus
gene1131,H4C3,Systemic Lupus Erythematosus,Systemic Lupus Erythematosus
gene1132,H4C11,Systemic Lupus Erythematosus,Systemic Lupus Erythematosus
gene1133,H4C2,Systemic Lupus Erythematosus,Systemic Lupus Erythematosus
gene1134,HLA-DMB,Systemic Lupus Erythematosus,Systemic Lupus Erythematosus
gene1135,H4C8,Systemic Lupus Erythematosus,Systemic Lupus Erythematosus
gene1136,HLA-DMA,Systemic Lupus Erythematosus,Systemic Lupus Erythematosus
gene1137,ACTN4,Systemic Lupus Erythematosus,Systemic Lupus Erythematosus
gene1138,H4C13,Systemic Lupus Erythematosus,Systemic Lupus Erythematosus
gene1139,H2BC11,Systemic Lupus Erythematosus,Systemic Lupus Erythematosus
gene1140,ACTN1,Systemic Lupus Erythematosus,Systemic Lupus Erythematosus
gene1141,H4C5,Systemic Lupus Erythematosus,Systemic Lupus Erythematosus
gene1142,H4C7,Systemic Lupus Erythematosus,Systemic Lupus Erythematosus
gene1143,H2BW1,Systemic Lupus Erythematosus,Systemic Lupus Erythematosus
gene1144,H2BC21,Systemic Lupus Erythematosus,Systemic Lupus Erythematosus
gene1145,GRIN2A,Systemic Lupus Erythematosus,Systemic Lupus Erythematosus
gene1146,GRIN2B,Systemic Lupus Erythematosus,Systemic Lupus Erythematosus
gene1147,RO60,Systemic Lupus Erythematosus,Systemic Lupus Erythematosus
gene1148,TRIM21,Systemic Lupus Erythematosus,Systemic Lupus Erythematosus
gene1149,H3C4,Systemic Lupus Erythematosus,Systemic Lupus Erythematosus
gene1150,H3C1,Systemic Lupus Erythematosus,Systemic Lupus Erythematosus
gene1151,H2BC18,Systemic Lupus Erythematosus,Systemic Lupus Erythematosus
gene1152,H3C8,Systemic Lupus Erythematosus,Systemic Lupus Erythematosus
gene1153,H3C11,Systemic Lupus Erythematosus,Systemic Lupus Erythematosus
gene1154,H3C6,Systemic Lupus Erythematosus,Systemic Lupus Erythematosus
gene1155,H3C3,Systemic Lupus Erythematosus,Systemic Lupus Erythematosus
gene1156,H4C1,Systemic Lupus Erythematosus,Systemic Lupus Erythematosus
gene1157,IL10,Systemic Lupus Erythematosus,Systemic Lupus Erythematosus
gene1158,H3C2,Systemic Lupus Erythematosus,Systemic Lupus Erythematosus
gene1159,SSB,Systemic Lupus Erythematosus,Systemic Lupus Erythematosus
gene1160,H3C10,Systemic Lupus Erythematosus,Systemic Lupus Erythematosus
gene1161,H3C15,Systemic Lupus Erythematosus,Systemic Lupus Erythematosus
gene1162,H3C12,Systemic Lupus Erythematosus,Systemic Lupus Erythematosus
gene1163,H2BW2,Systemic Lupus Erythematosus,Systemic Lupus Erythematosus
gene1164,H2AB1,Systemic Lupus Erythematosus,Systemic Lupus Erythematosus
gene1165,H3-5,Systemic Lupus Erythematosus,Systemic Lupus Erythematosus
gene1166,H2AC20,Systemic Lupus Erythematosus,Systemic Lupus Erythematosus
gene1167,H2BC8,Systemic Lupus Erythematosus,Systemic Lupus Erythematosus
gene1168,H2AB2,Systemic Lupus Erythematosus,Systemic Lupus Erythematosus
gene1169,H2AJ,Systemic Lupus Erythematosus,Systemic Lupus Erythematosus
gene1170,SNRPD3,Systemic Lupus Erythematosus,Systemic Lupus Erythematosus
gene1171,H2ACP1,Systemic Lupus Erythematosus,Systemic Lupus Erythematosus
gene1172,IFNG,Systemic Lupus Erythematosus,Systemic Lupus Erythematosus
gene1173,H2BC13,Systemic Lupus Erythematosus,Systemic Lupus Erythematosus
gene1174,H2BC10,Systemic Lupus Erythematosus,Systemic Lupus Erythematosus
gene1175,H2BC9,Systemic Lupus Erythematosus,Systemic Lupus Erythematosus
gene1176,H2BC17,Systemic Lupus Erythematosus,Systemic Lupus Erythematosus
gene1177,H2BC4,Systemic Lupus Erythematosus,Systemic Lupus Erythematosus
gene1178,H2BC14,Systemic Lupus Erythematosus,Systemic Lupus Erythematosus
gene1179,H2BC15,Systemic Lupus Erythematosus,Systemic Lupus Erythematosus
gene1180,H2BC6,Systemic Lupus Erythematosus,Systemic Lupus Erythematosus
gene1181,H2BC7,Systemic Lupus Erythematosus,Systemic Lupus Erythematosus
gene1182,CD40LG,Systemic Lupus Erythematosus,Systemic Lupus Erythematosus
gene1183,CD40,Systemic Lupus Erythematosus,Systemic Lupus Erythematosus
gene1184,SNRPB,Systemic Lupus Erythematosus,Systemic Lupus Erythematosus
gene1185,H2AC13,Systemic Lupus Erythematosus,Systemic Lupus Erythematosus
gene1186,H3C13,Systemic Lupus Erythematosus,Systemic Lupus Erythematosus
gene1187,H2AC18,Systemic Lupus Erythematosus,Systemic Lupus Erythematosus
gene1188,H2AC17,Systemic Lupus Erythematosus,Systemic Lupus Erythematosus
gene1189,SNRPD1,Systemic Lupus Erythematosus,Systemic Lupus Erythematosus
gene1190,H2AC4,Systemic Lupus Erythematosus,Systemic Lupus Erythematosus
gene1191,H2AC6,Systemic Lupus Erythematosus,Systemic Lupus Erythematosus
gene1192,H2AC16,Systemic Lupus Erythematosus,Systemic Lupus Erythematosus
gene1193,H2AC14,Systemic Lupus Erythematosus,Systemic Lupus Erythematosus
gene1194,H2BC1,Systemic Lupus Erythematosus,Systemic Lupus Erythematosus
gene1195,H2AC15,Systemic Lupus Erythematosus,Systemic Lupus Erythematosus
gene1196,ZAP70,Primary Immunodeficiency,Primary Immunodeficiency
gene1197,CD4,Primary Immunodeficiency,Primary Immunodeficiency
gene1198,TNFRSF13C,Primary Immunodeficiency,Primary Immunodeficiency
gene1199,IKBKG,Primary Immunodeficiency,Primary Immunodeficiency
gene1200,IL2RG,Primary Immunodeficiency,Primary Immunodeficiency
gene1201,RFXAP,Primary Immunodeficiency,Primary Immunodeficiency
gene1202,TAP2,Primary Immunodeficiency,Primary Immunodeficiency
gene1203,RFX5,Primary Immunodeficiency,Primary Immunodeficiency
gene1204,CD8A,Primary Immunodeficiency,Primary Immunodeficiency
gene1205,CD8B,Primary Immunodeficiency,Primary Immunodeficiency
gene1206,TAP1,Primary Immunodeficiency,Primary Immunodeficiency
gene1207,ICOS,Primary Immunodeficiency,Primary Immunodeficiency
gene1208,UNG,Primary Immunodeficiency,Primary Immunodeficiency
gene1209,IL7R,Primary Immunodeficiency,Primary Immunodeficiency
gene1210,ADA,Primary Immunodeficiency,Primary Immunodeficiency
gene1211,CD40LG,Primary Immunodeficiency,Primary Immunodeficiency
gene1212,CD40,Primary Immunodeficiency,Primary Immunodeficiency
gene1213,AICDA,Primary Immunodeficiency,Primary Immunodeficiency
gene1214,BTK,Primary Immunodeficiency,Primary Immunodeficiency
gene1215,BLNK,Primary Immunodeficiency,Primary Immunodeficiency
gene1216,CD19,Primary Immunodeficiency,Primary Immunodeficiency
gene1217,RAG2,Primary Immunodeficiency,Primary Immunodeficiency
gene1218,RAG1,Primary Immunodeficiency,Primary Immunodeficiency
gene1219,CD3D,Primary Immunodeficiency,Primary Immunodeficiency
gene1220,CD3E,Primary Immunodeficiency,Primary Immunodeficiency
gene1221,RFXANK,Primary Immunodeficiency,Primary Immunodeficiency
gene1222,AIRE,Primary Immunodeficiency,Primary Immunodeficiency
gene1223,CD79A,Primary Immunodeficiency,Primary Immunodeficiency
gene1224,TNFRSF13B,Primary Immunodeficiency,Primary Immunodeficiency
gene1225,JAK3,Primary Immunodeficiency,Primary Immunodeficiency
gene1226,IGLL1,Primary Immunodeficiency,Primary Immunodeficiency
gene1227,CIITA,Primary Immunodeficiency,Primary Immunodeficiency
gene1228,LCK,Primary Immunodeficiency,Primary Immunodeficiency
gene1229,PTPRC,Primary Immunodeficiency,Primary Immunodeficiency
gene1230,DCLRE1C,Primary Immunodeficiency,Primary Immunodeficiency
gene1231,CACNA2D1,Hypertrophic Cardiomyopathy Hcm,Hypertrophic Cardiomyopathy Hcm
gene1232,CACNB1,Hypertrophic Cardiomyopathy Hcm,Hypertrophic Cardiomyopathy Hcm
gene1233,CACNB2,Hypertrophic Cardiomyopathy Hcm,Hypertrophic Cardiomyopathy Hcm
gene1234,CACNB3,Hypertrophic Cardiomyopathy Hcm,Hypertrophic Cardiomyopathy Hcm
gene1235,CACNB4,Hypertrophic Cardiomyopathy Hcm,Hypertrophic Cardiomyopathy Hcm
gene1236,CACNG1,Hypertrophic Cardiomyopathy Hcm,Hypertrophic Cardiomyopathy Hcm
gene1237,TNF,Hypertrophic Cardiomyopathy Hcm,Hypertrophic Cardiomyopathy Hcm
gene1238,ITGA9,Hypertrophic Cardiomyopathy Hcm,Hypertrophic Cardiomyopathy Hcm
gene1239,IGF1,Hypertrophic Cardiomyopathy Hcm,Hypertrophic Cardiomyopathy Hcm
gene1240,RYR2,Hypertrophic Cardiomyopathy Hcm,Hypertrophic Cardiomyopathy Hcm
gene1241,CACNG8,Hypertrophic Cardiomyopathy Hcm,Hypertrophic Cardiomyopathy Hcm
gene1242,LMNA,Hypertrophic Cardiomyopathy Hcm,Hypertrophic Cardiomyopathy Hcm
gene1243,CACNG6,Hypertrophic Cardiomyopathy Hcm,Hypertrophic Cardiomyopathy Hcm
gene1244,ATP2A2,Hypertrophic Cardiomyopathy Hcm,Hypertrophic Cardiomyopathy Hcm
gene1245,CACNG7,Hypertrophic Cardiomyopathy Hcm,Hypertrophic Cardiomyopathy Hcm
gene1246,ITGA4,Hypertrophic Cardiomyopathy Hcm,Hypertrophic Cardiomyopathy Hcm
gene1247,TPM2,Hypertrophic Cardiomyopathy Hcm,Hypertrophic Cardiomyopathy Hcm
gene1248,ITGA3,Hypertrophic Cardiomyopathy Hcm,Hypertrophic Cardiomyopathy Hcm
gene1249,TPM1,Hypertrophic Cardiomyopathy Hcm,Hypertrophic Cardiomyopathy Hcm
gene1250,ITGA2B,Hypertrophic Cardiomyopathy Hcm,Hypertrophic Cardiomyopathy Hcm
gene1251,ITGA7,Hypertrophic Cardiomyopathy Hcm,Hypertrophic Cardiomyopathy Hcm
gene1252,ITGA5,Hypertrophic Cardiomyopathy Hcm,Hypertrophic Cardiomyopathy Hcm
gene1253,EMD,Hypertrophic Cardiomyopathy Hcm,Hypertrophic Cardiomyopathy Hcm
gene1254,ITGA11,Hypertrophic Cardiomyopathy Hcm,Hypertrophic Cardiomyopathy Hcm
gene1255,PRKAG2,Hypertrophic Cardiomyopathy Hcm,Hypertrophic Cardiomyopathy Hcm
gene1256,DMD,Hypertrophic Cardiomyopathy Hcm,Hypertrophic Cardiomyopathy Hcm
gene1257,CACNA2D3,Hypertrophic Cardiomyopathy Hcm,Hypertrophic Cardiomyopathy Hcm
gene1258,CACNA1D,Hypertrophic Cardiomyopathy Hcm,Hypertrophic Cardiomyopathy Hcm
gene1259,SLC8A1,Hypertrophic Cardiomyopathy Hcm,Hypertrophic Cardiomyopathy Hcm
gene1260,CACNA1C,Hypertrophic Cardiomyopathy Hcm,Hypertrophic Cardiomyopathy Hcm
gene1261,TNNI3,Hypertrophic Cardiomyopathy Hcm,Hypertrophic Cardiomyopathy Hcm
gene1262,CACNA1F,Hypertrophic Cardiomyopathy Hcm,Hypertrophic Cardiomyopathy Hcm
gene1263,ITGB3,Hypertrophic Cardiomyopathy Hcm,Hypertrophic Cardiomyopathy Hcm
gene1264,CACNA2D2,Hypertrophic Cardiomyopathy Hcm,Hypertrophic Cardiomyopathy Hcm
gene1265,CACNA1S,Hypertrophic Cardiomyopathy Hcm,Hypertrophic Cardiomyopathy Hcm
gene1266,ITGB4,Hypertrophic Cardiomyopathy Hcm,Hypertrophic Cardiomyopathy Hcm
gene1267,PRKAG3,Hypertrophic Cardiomyopathy Hcm,Hypertrophic Cardiomyopathy Hcm
gene1268,TNNC1,Hypertrophic Cardiomyopathy Hcm,Hypertrophic Cardiomyopathy Hcm
gene1269,ITGB5,Hypertrophic Cardiomyopathy Hcm,Hypertrophic Cardiomyopathy Hcm
gene1270,ITGB6,Hypertrophic Cardiomyopathy Hcm,Hypertrophic Cardiomyopathy Hcm
gene1271,ITGB7,Hypertrophic Cardiomyopathy Hcm,Hypertrophic Cardiomyopathy Hcm
gene1272,ITGAV,Hypertrophic Cardiomyopathy Hcm,Hypertrophic Cardiomyopathy Hcm
gene1273,ITGB1,Hypertrophic Cardiomyopathy Hcm,Hypertrophic Cardiomyopathy Hcm
gene1274,TPM4,Hypertrophic Cardiomyopathy Hcm,Hypertrophic Cardiomyopathy Hcm
gene1275,ACTC1,Hypertrophic Cardiomyopathy Hcm,Hypertrophic Cardiomyopathy Hcm
gene1276,ACTG1,Hypertrophic Cardiomyopathy Hcm,Hypertrophic Cardiomyopathy Hcm
gene1277,CACNA2D4,Hypertrophic Cardiomyopathy Hcm,Hypertrophic Cardiomyopathy Hcm
gene1278,MYBPC3,Hypertrophic Cardiomyopathy Hcm,Hypertrophic Cardiomyopathy Hcm
gene1279,TPM3,Hypertrophic Cardiomyopathy Hcm,Hypertrophic Cardiomyopathy Hcm
gene1280,ITGA10,Hypertrophic Cardiomyopathy Hcm,Hypertrophic Cardiomyopathy Hcm
gene1281,SGCD,Hypertrophic Cardiomyopathy Hcm,Hypertrophic Cardiomyopathy Hcm
gene1282,SGCG,Hypertrophic Cardiomyopathy Hcm,Hypertrophic Cardiomyopathy Hcm
gene1283,SGCA,Hypertrophic Cardiomyopathy Hcm,Hypertrophic Cardiomyopathy Hcm
gene1284,ITGA8,Hypertrophic Cardiomyopathy Hcm,Hypertrophic Cardiomyopathy Hcm
gene1285,SGCB,Hypertrophic Cardiomyopathy Hcm,Hypertrophic Cardiomyopathy Hcm
gene1286,CACNG2,Hypertrophic Cardiomyopathy Hcm,Hypertrophic Cardiomyopathy Hcm
gene1287,DAG1,Hypertrophic Cardiomyopathy Hcm,Hypertrophic Cardiomyopathy Hcm
gene1288,CACNG3,Hypertrophic Cardiomyopathy Hcm,Hypertrophic Cardiomyopathy Hcm
gene1289,LAMA2,Hypertrophic Cardiomyopathy Hcm,Hypertrophic Cardiomyopathy Hcm
gene1290,TGFB2,Hypertrophic Cardiomyopathy Hcm,Hypertrophic Cardiomyopathy Hcm
gene1291,MYL3,Hypertrophic Cardiomyopathy Hcm,Hypertrophic Cardiomyopathy Hcm
gene1292,TNNT2,Hypertrophic Cardiomyopathy Hcm,Hypertrophic Cardiomyopathy Hcm
gene1293,MYL2,Hypertrophic Cardiomyopathy Hcm,Hypertrophic Cardiomyopathy Hcm
gene1294,TGFB1,Hypertrophic Cardiomyopathy Hcm,Hypertrophic Cardiomyopathy Hcm
gene1295,PRKAB2,Hypertrophic Cardiomyopathy Hcm,Hypertrophic Cardiomyopathy Hcm
gene1296,PRKAB1,Hypertrophic Cardiomyopathy Hcm,Hypertrophic Cardiomyopathy Hcm
gene1297,PRKAA2,Hypertrophic Cardiomyopathy Hcm,Hypertrophic Cardiomyopathy Hcm
gene1298,ITGB8,Hypertrophic Cardiomyopathy Hcm,Hypertrophic Cardiomyopathy Hcm
gene1299,PRKAA1,Hypertrophic Cardiomyopathy Hcm,Hypertrophic Cardiomyopathy Hcm
gene1300,TTN,Hypertrophic Cardiomyopathy Hcm,Hypertrophic Cardiomyopathy Hcm
gene1301,ACTB,Hypertrophic Cardiomyopathy Hcm,Hypertrophic Cardiomyopathy Hcm
gene1302,ITGA6,Hypertrophic Cardiomyopathy Hcm,Hypertrophic Cardiomyopathy Hcm
gene1303,TGFB3,Hypertrophic Cardiomyopathy Hcm,Hypertrophic Cardiomyopathy Hcm
gene1304,ITGA2,Hypertrophic Cardiomyopathy Hcm,Hypertrophic Cardiomyopathy Hcm
gene1305,ITGA1,Hypertrophic Cardiomyopathy Hcm,Hypertrophic Cardiomyopathy Hcm
gene1306,CACNG5,Hypertrophic Cardiomyopathy Hcm,Hypertrophic Cardiomyopathy Hcm
gene1307,CACNG4,Hypertrophic Cardiomyopathy Hcm,Hypertrophic Cardiomyopathy Hcm
gene1308,PRKAG1,Hypertrophic Cardiomyopathy Hcm,Hypertrophic Cardiomyopathy Hcm
gene1309,DES,Hypertrophic Cardiomyopathy Hcm,Hypertrophic Cardiomyopathy Hcm
gene1310,MYH7,Hypertrophic Cardiomyopathy Hcm,Hypertrophic Cardiomyopathy Hcm
gene1311,MYH6,Hypertrophic Cardiomyopathy Hcm,Hypertrophic Cardiomyopathy Hcm
gene1312,ACE,Hypertrophic Cardiomyopathy Hcm,Hypertrophic Cardiomyopathy Hcm
gene1313,IL6,Hypertrophic Cardiomyopathy Hcm,Hypertrophic Cardiomyopathy Hcm
gene1314,CACNA2D1,Arrhythmogenic Right Ventricular Cardiomyopathy Arvc,Arrhythmogenic Right Ventricular Cardiomyopathy Arvc
gene1315,CACNB1,Arrhythmogenic Right Ventricular Cardiomyopathy Arvc,Arrhythmogenic Right Ventricular Cardiomyopathy Arvc
gene1316,CACNB2,Arrhythmogenic Right Ventricular Cardiomyopathy Arvc,Arrhythmogenic Right Ventricular Cardiomyopathy Arvc
gene1317,CACNB3,Arrhythmogenic Right Ventricular Cardiomyopathy Arvc,Arrhythmogenic Right Ventricular Cardiomyopathy Arvc
gene1318,CACNB4,Arrhythmogenic Right Ventricular Cardiomyopathy Arvc,Arrhythmogenic Right Ventricular Cardiomyopathy Arvc
gene1319,CACNG1,Arrhythmogenic Right Ventricular Cardiomyopathy Arvc,Arrhythmogenic Right Ventricular Cardiomyopathy Arvc
gene1320,ITGA9,Arrhythmogenic Right Ventricular Cardiomyopathy Arvc,Arrhythmogenic Right Ventricular Cardiomyopathy Arvc
gene1321,CACNG8,Arrhythmogenic Right Ventricular Cardiomyopathy Arvc,Arrhythmogenic Right Ventricular Cardiomyopathy Arvc
gene1322,RYR2,Arrhythmogenic Right Ventricular Cardiomyopathy Arvc,Arrhythmogenic Right Ventricular Cardiomyopathy Arvc
gene1323,JUP,Arrhythmogenic Right Ventricular Cardiomyopathy Arvc,Arrhythmogenic Right Ventricular Cardiomyopathy Arvc
gene1324,LMNA,Arrhythmogenic Right Ventricular Cardiomyopathy Arvc,Arrhythmogenic Right Ventricular Cardiomyopathy Arvc
gene1325,CACNG6,Arrhythmogenic Right Ventricular Cardiomyopathy Arvc,Arrhythmogenic Right Ventricular Cardiomyopathy Arvc
gene1326,ATP2A2,Arrhythmogenic Right Ventricular Cardiomyopathy Arvc,Arrhythmogenic Right Ventricular Cardiomyopathy Arvc
gene1327,CACNG7,Arrhythmogenic Right Ventricular Cardiomyopathy Arvc,Arrhythmogenic Right Ventricular Cardiomyopathy Arvc
gene1328,ITGA4,Arrhythmogenic Right Ventricular Cardiomyopathy Arvc,Arrhythmogenic Right Ventricular Cardiomyopathy Arvc
gene1329,ITGA3,Arrhythmogenic Right Ventricular Cardiomyopathy Arvc,Arrhythmogenic Right Ventricular Cardiomyopathy Arvc
gene1330,ITGA2B,Arrhythmogenic Right Ventricular Cardiomyopathy Arvc,Arrhythmogenic Right Ventricular Cardiomyopathy Arvc
gene1331,ITGA7,Arrhythmogenic Right Ventricular Cardiomyopathy Arvc,Arrhythmogenic Right Ventricular Cardiomyopathy Arvc
gene1332,LEF1,Arrhythmogenic Right Ventricular Cardiomyopathy Arvc,Arrhythmogenic Right Ventricular Cardiomyopathy Arvc
gene1333,ITGA5,Arrhythmogenic Right Ventricular Cardiomyopathy Arvc,Arrhythmogenic Right Ventricular Cardiomyopathy Arvc
gene1334,EMD,Arrhythmogenic Right Ventricular Cardiomyopathy Arvc,Arrhythmogenic Right Ventricular Cardiomyopathy Arvc
gene1335,ACTN4,Arrhythmogenic Right Ventricular Cardiomyopathy Arvc,Arrhythmogenic Right Ventricular Cardiomyopathy Arvc
gene1336,ITGA11,Arrhythmogenic Right Ventricular Cardiomyopathy Arvc,Arrhythmogenic Right Ventricular Cardiomyopathy Arvc
gene1337,DSC2,Arrhythmogenic Right Ventricular Cardiomyopathy Arvc,Arrhythmogenic Right Ventricular Cardiomyopathy Arvc
gene1338,DSG2,Arrhythmogenic Right Ventricular Cardiomyopathy Arvc,Arrhythmogenic Right Ventricular Cardiomyopathy Arvc
gene1339,ACTN1,Arrhythmogenic Right Ventricular Cardiomyopathy Arvc,Arrhythmogenic Right Ventricular Cardiomyopathy Arvc
gene1340,DMD,Arrhythmogenic Right Ventricular Cardiomyopathy Arvc,Arrhythmogenic Right Ventricular Cardiomyopathy Arvc
gene1341,CACNA2D3,Arrhythmogenic Right Ventricular Cardiomyopathy Arvc,Arrhythmogenic Right Ventricular Cardiomyopathy Arvc
gene1342,CACNA1D,Arrhythmogenic Right Ventricular Cardiomyopathy Arvc,Arrhythmogenic Right Ventricular Cardiomyopathy Arvc
gene1343,SLC8A1,Arrhythmogenic Right Ventricular Cardiomyopathy Arvc,Arrhythmogenic Right Ventricular Cardiomyopathy Arvc
gene1344,CACNA1C,Arrhythmogenic Right Ventricular Cardiomyopathy Arvc,Arrhythmogenic Right Ventricular Cardiomyopathy Arvc
gene1345,CACNA1F,Arrhythmogenic Right Ventricular Cardiomyopathy Arvc,Arrhythmogenic Right Ventricular Cardiomyopathy Arvc
gene1346,ITGB3,Arrhythmogenic Right Ventricular Cardiomyopathy Arvc,Arrhythmogenic Right Ventricular Cardiomyopathy Arvc
gene1347,CACNA2D2,Arrhythmogenic Right Ventricular Cardiomyopathy Arvc,Arrhythmogenic Right Ventricular Cardiomyopathy Arvc
gene1348,CACNA1S,Arrhythmogenic Right Ventricular Cardiomyopathy Arvc,Arrhythmogenic Right Ventricular Cardiomyopathy Arvc
gene1349,ITGB4,Arrhythmogenic Right Ventricular Cardiomyopathy Arvc,Arrhythmogenic Right Ventricular Cardiomyopathy Arvc
gene1350,ITGB5,Arrhythmogenic Right Ventricular Cardiomyopathy Arvc,Arrhythmogenic Right Ventricular Cardiomyopathy Arvc
gene1351,ITGB6,Arrhythmogenic Right Ventricular Cardiomyopathy Arvc,Arrhythmogenic Right Ventricular Cardiomyopathy Arvc
gene1352,ITGB7,Arrhythmogenic Right Ventricular Cardiomyopathy Arvc,Arrhythmogenic Right Ventricular Cardiomyopathy Arvc
gene1353,ITGAV,Arrhythmogenic Right Ventricular Cardiomyopathy Arvc,Arrhythmogenic Right Ventricular Cardiomyopathy Arvc
gene1354,ITGB1,Arrhythmogenic Right Ventricular Cardiomyopathy Arvc,Arrhythmogenic Right Ventricular Cardiomyopathy Arvc
gene1355,TCF7,Arrhythmogenic Right Ventricular Cardiomyopathy Arvc,Arrhythmogenic Right Ventricular Cardiomyopathy Arvc
gene1356,ACTG1,Arrhythmogenic Right Ventricular Cardiomyopathy Arvc,Arrhythmogenic Right Ventricular Cardiomyopathy Arvc
gene1357,CACNA2D4,Arrhythmogenic Right Ventricular Cardiomyopathy Arvc,Arrhythmogenic Right Ventricular Cardiomyopathy Arvc
gene1358,PKP2,Arrhythmogenic Right Ventricular Cardiomyopathy Arvc,Arrhythmogenic Right Ventricular Cardiomyopathy Arvc
gene1359,CTNNA1,Arrhythmogenic Right Ventricular Cardiomyopathy Arvc,Arrhythmogenic Right Ventricular Cardiomyopathy Arvc
gene1360,CDH2,Arrhythmogenic Right Ventricular Cardiomyopathy Arvc,Arrhythmogenic Right Ventricular Cardiomyopathy Arvc
gene1361,TCF7L2,Arrhythmogenic Right Ventricular Cardiomyopathy Arvc,Arrhythmogenic Right Ventricular Cardiomyopathy Arvc
gene1362,ITGA10,Arrhythmogenic Right Ventricular Cardiomyopathy Arvc,Arrhythmogenic Right Ventricular Cardiomyopathy Arvc
gene1363,SGCD,Arrhythmogenic Right Ventricular Cardiomyopathy Arvc,Arrhythmogenic Right Ventricular Cardiomyopathy Arvc
gene1364,SGCG,Arrhythmogenic Right Ventricular Cardiomyopathy Arvc,Arrhythmogenic Right Ventricular Cardiomyopathy Arvc
gene1365,SGCA,Arrhythmogenic Right Ventricular Cardiomyopathy Arvc,Arrhythmogenic Right Ventricular Cardiomyopathy Arvc
gene1366,ITGA8,Arrhythmogenic Right Ventricular Cardiomyopathy Arvc,Arrhythmogenic Right Ventricular Cardiomyopathy Arvc
gene1367,SGCB,Arrhythmogenic Right Ventricular Cardiomyopathy Arvc,Arrhythmogenic Right Ventricular Cardiomyopathy Arvc
gene1368,CACNG2,Arrhythmogenic Right Ventricular Cardiomyopathy Arvc,Arrhythmogenic Right Ventricular Cardiomyopathy Arvc
gene1369,CTNNA2,Arrhythmogenic Right Ventricular Cardiomyopathy Arvc,Arrhythmogenic Right Ventricular Cardiomyopathy Arvc
gene1370,DAG1,Arrhythmogenic Right Ventricular Cardiomyopathy Arvc,Arrhythmogenic Right Ventricular Cardiomyopathy Arvc
gene1371,CACNG3,Arrhythmogenic Right Ventricular Cardiomyopathy Arvc,Arrhythmogenic Right Ventricular Cardiomyopathy Arvc
gene1372,CTNNB1,Arrhythmogenic Right Ventricular Cardiomyopathy Arvc,Arrhythmogenic Right Ventricular Cardiomyopathy Arvc
gene1373,LAMA2,Arrhythmogenic Right Ventricular Cardiomyopathy Arvc,Arrhythmogenic Right Ventricular Cardiomyopathy Arvc
gene1374,GJA1,Arrhythmogenic Right Ventricular Cardiomyopathy Arvc,Arrhythmogenic Right Ventricular Cardiomyopathy Arvc
gene1375,ITGB8,Arrhythmogenic Right Ventricular Cardiomyopathy Arvc,Arrhythmogenic Right Ventricular Cardiomyopathy Arvc
gene1376,ACTB,Arrhythmogenic Right Ventricular Cardiomyopathy Arvc,Arrhythmogenic Right Ventricular Cardiomyopathy Arvc
gene1377,ITGA6,Arrhythmogenic Right Ventricular Cardiomyopathy Arvc,Arrhythmogenic Right Ventricular Cardiomyopathy Arvc
gene1378,ITGA2,Arrhythmogenic Right Ventricular Cardiomyopathy Arvc,Arrhythmogenic Right Ventricular Cardiomyopathy Arvc
gene1379,ITGA1,Arrhythmogenic Right Ventricular Cardiomyopathy Arvc,Arrhythmogenic Right Ventricular Cardiomyopathy Arvc
gene1380,CACNG5,Arrhythmogenic Right Ventricular Cardiomyopathy Arvc,Arrhythmogenic Right Ventricular Cardiomyopathy Arvc
gene1381,CACNG4,Arrhythmogenic Right Ventricular Cardiomyopathy Arvc,Arrhythmogenic Right Ventricular Cardiomyopathy Arvc
gene1382,TCF7L1,Arrhythmogenic Right Ventricular Cardiomyopathy Arvc,Arrhythmogenic Right Ventricular Cardiomyopathy Arvc
gene1383,DSP,Arrhythmogenic Right Ventricular Cardiomyopathy Arvc,Arrhythmogenic Right Ventricular Cardiomyopathy Arvc
gene1384,DES,Arrhythmogenic Right Ventricular Cardiomyopathy Arvc,Arrhythmogenic Right Ventricular Cardiomyopathy Arvc
gene1385,CTNNA3,Arrhythmogenic Right Ventricular Cardiomyopathy Arvc,Arrhythmogenic Right Ventricular Cardiomyopathy Arvc
gene1386,ACTN2,Arrhythmogenic Right Ventricular Cardiomyopathy Arvc,Arrhythmogenic Right Ventricular Cardiomyopathy Arvc
gene1387,ACTN3,Arrhythmogenic Right Ventricular Cardiomyopathy Arvc,Arrhythmogenic Right Ventricular Cardiomyopathy Arvc
gene1388,CACNA2D1,Dilated Cardiomyopathy,Dilated Cardiomyopathy
gene1389,CACNB1,Dilated Cardiomyopathy,Dilated Cardiomyopathy
gene1390,CACNB2,Dilated Cardiomyopathy,Dilated Cardiomyopathy
gene1391,ADCY8,Dilated Cardiomyopathy,Dilated Cardiomyopathy
gene1392,CACNB3,Dilated Cardiomyopathy,Dilated Cardiomyopathy
gene1393,ADCY9,Dilated Cardiomyopathy,Dilated Cardiomyopathy
gene1394,CACNB4,Dilated Cardiomyopathy,Dilated Cardiomyopathy
gene1395,ADCY6,Dilated Cardiomyopathy,Dilated Cardiomyopathy
gene1396,CACNG1,Dilated Cardiomyopathy,Dilated Cardiomyopathy
gene1397,ADCY7,Dilated Cardiomyopathy,Dilated Cardiomyopathy
gene1398,ADCY5,Dilated Cardiomyopathy,Dilated Cardiomyopathy
gene1399,TNF,Dilated Cardiomyopathy,Dilated Cardiomyopathy
gene1400,ITGA9,Dilated Cardiomyopathy,Dilated Cardiomyopathy
gene1401,IGF1,Dilated Cardiomyopathy,Dilated Cardiomyopathy
gene1402,RYR2,Dilated Cardiomyopathy,Dilated Cardiomyopathy
gene1403,CACNG8,Dilated Cardiomyopathy,Dilated Cardiomyopathy
gene1404,CACNG6,Dilated Cardiomyopathy,Dilated Cardiomyopathy
gene1405,LMNA,Dilated Cardiomyopathy,Dilated Cardiomyopathy
gene1406,CACNG7,Dilated Cardiomyopathy,Dilated Cardiomyopathy
gene1407,ATP2A2,Dilated Cardiomyopathy,Dilated Cardiomyopathy
gene1408,ADRB1,Dilated Cardiomyopathy,Dilated Cardiomyopathy
gene1409,ITGA4,Dilated Cardiomyopathy,Dilated Cardiomyopathy
gene1410,TPM2,Dilated Cardiomyopathy,Dilated Cardiomyopathy
gene1411,ITGA3,Dilated Cardiomyopathy,Dilated Cardiomyopathy
gene1412,TPM1,Dilated Cardiomyopathy,Dilated Cardiomyopathy
gene1413,ITGA2B,Dilated Cardiomyopathy,Dilated Cardiomyopathy
gene1414,ITGA7,Dilated Cardiomyopathy,Dilated Cardiomyopathy
gene1415,ITGA5,Dilated Cardiomyopathy,Dilated Cardiomyopathy
gene1416,EMD,Dilated Cardiomyopathy,Dilated Cardiomyopathy
gene1417,ITGA11,Dilated Cardiomyopathy,Dilated Cardiomyopathy
gene1418,DMD,Dilated Cardiomyopathy,Dilated Cardiomyopathy
gene1419,CACNA2D3,Dilated Cardiomyopathy,Dilated Cardiomyopathy
gene1420,CACNA1D,Dilated Cardiomyopathy,Dilated Cardiomyopathy
gene1421,SLC8A1,Dilated Cardiomyopathy,Dilated Cardiomyopathy
gene1422,CACNA1C,Dilated Cardiomyopathy,Dilated Cardiomyopathy
gene1423,TNNI3,Dilated Cardiomyopathy,Dilated Cardiomyopathy
gene1424,CACNA1F,Dilated Cardiomyopathy,Dilated Cardiomyopathy
gene1425,ITGB3,Dilated Cardiomyopathy,Dilated Cardiomyopathy
gene1426,CACNA2D2,Dilated Cardiomyopathy,Dilated Cardiomyopathy
gene1427,CACNA1S,Dilated Cardiomyopathy,Dilated Cardiomyopathy
gene1428,ITGB4,Dilated Cardiomyopathy,Dilated Cardiomyopathy
gene1429,ADCY4,Dilated Cardiomyopathy,Dilated Cardiomyopathy
gene1430,TNNC1,Dilated Cardiomyopathy,Dilated Cardiomyopathy
gene1431,ITGB5,Dilated Cardiomyopathy,Dilated Cardiomyopathy
gene1432,ITGB6,Dilated Cardiomyopathy,Dilated Cardiomyopathy
gene1433,ITGB7,Dilated Cardiomyopathy,Dilated Cardiomyopathy
gene1434,ITGAV,Dilated Cardiomyopathy,Dilated Cardiomyopathy
gene1435,ITGB1,Dilated Cardiomyopathy,Dilated Cardiomyopathy
gene1436,TPM4,Dilated Cardiomyopathy,Dilated Cardiomyopathy
gene1437,ACTC1,Dilated Cardiomyopathy,Dilated Cardiomyopathy
gene1438,ACTG1,Dilated Cardiomyopathy,Dilated Cardiomyopathy
gene1439,CACNA2D4,Dilated Cardiomyopathy,Dilated Cardiomyopathy
gene1440,MYBPC3,Dilated Cardiomyopathy,Dilated Cardiomyopathy
gene1441,TPM3,Dilated Cardiomyopathy,Dilated Cardiomyopathy
gene1442,ITGA10,Dilated Cardiomyopathy,Dilated Cardiomyopathy
gene1443,SGCD,Dilated Cardiomyopathy,Dilated Cardiomyopathy
gene1444,SGCG,Dilated Cardiomyopathy,Dilated Cardiomyopathy
gene1445,SGCA,Dilated Cardiomyopathy,Dilated Cardiomyopathy
gene1446,ITGA8,Dilated Cardiomyopathy,Dilated Cardiomyopathy
gene1447,SGCB,Dilated Cardiomyopathy,Dilated Cardiomyopathy
gene1448,CACNG2,Dilated Cardiomyopathy,Dilated Cardiomyopathy
gene1449,DAG1,Dilated Cardiomyopathy,Dilated Cardiomyopathy
gene1450,CACNG3,Dilated Cardiomyopathy,Dilated Cardiomyopathy
gene1451,PRKX,Dilated Cardiomyopathy,Dilated Cardiomyopathy
gene1452,PLN,Dilated Cardiomyopathy,Dilated Cardiomyopathy
gene1453,LAMA2,Dilated Cardiomyopathy,Dilated Cardiomyopathy
gene1454,TGFB2,Dilated Cardiomyopathy,Dilated Cardiomyopathy
gene1455,MYL3,Dilated Cardiomyopathy,Dilated Cardiomyopathy
gene1456,TNNT2,Dilated Cardiomyopathy,Dilated Cardiomyopathy
gene1457,MYL2,Dilated Cardiomyopathy,Dilated Cardiomyopathy
gene1458,TGFB1,Dilated Cardiomyopathy,Dilated Cardiomyopathy
gene1459,ADCY3,Dilated Cardiomyopathy,Dilated Cardiomyopathy
gene1460,ADCY2,Dilated Cardiomyopathy,Dilated Cardiomyopathy
gene1461,ADCY1,Dilated Cardiomyopathy,Dilated Cardiomyopathy
gene1462,ITGB8,Dilated Cardiomyopathy,Dilated Cardiomyopathy
gene1463,TTN,Dilated Cardiomyopathy,Dilated Cardiomyopathy
gene1464,ACTB,Dilated Cardiomyopathy,Dilated Cardiomyopathy
gene1465,ITGA6,Dilated Cardiomyopathy,Dilated Cardiomyopathy
gene1466,TGFB3,Dilated Cardiomyopathy,Dilated Cardiomyopathy
gene1467,ITGA2,Dilated Cardiomyopathy,Dilated Cardiomyopathy
gene1468,ITGA1,Dilated Cardiomyopathy,Dilated Cardiomyopathy
gene1469,CACNG5,Dilated Cardiomyopathy,Dilated Cardiomyopathy
gene1470,CACNG4,Dilated Cardiomyopathy,Dilated Cardiomyopathy
gene1471,PRKACA,Dilated Cardiomyopathy,Dilated Cardiomyopathy
gene1472,PRKACB,Dilated Cardiomyopathy,Dilated Cardiomyopathy
gene1473,PRKACG,Dilated Cardiomyopathy,Dilated Cardiomyopathy
gene1474,GNAS,Dilated Cardiomyopathy,Dilated Cardiomyopathy
gene1475,DES,Dilated Cardiomyopathy,Dilated Cardiomyopathy
gene1476,MYH7,Dilated Cardiomyopathy,Dilated Cardiomyopathy
gene1477,MYH6,Dilated Cardiomyopathy,Dilated Cardiomyopathy
gene1478,ACSS2,Glycolysis Gluconeogenesis,Glycolysis Gluconeogenesis
gene1479,GCK,Glycolysis Gluconeogenesis,Glycolysis Gluconeogenesis
gene1480,PGK2,Glycolysis Gluconeogenesis,Glycolysis Gluconeogenesis
gene1481,PGK1,Glycolysis Gluconeogenesis,Glycolysis Gluconeogenesis
gene1482,PDHB,Glycolysis Gluconeogenesis,Glycolysis Gluconeogenesis
gene1483,PDHA1,Glycolysis Gluconeogenesis,Glycolysis Gluconeogenesis
gene1484,PDHA2,Glycolysis Gluconeogenesis,Glycolysis Gluconeogenesis
gene1485,PGM2,Glycolysis Gluconeogenesis,Glycolysis Gluconeogenesis
gene1486,TPI1,Glycolysis Gluconeogenesis,Glycolysis Gluconeogenesis
gene1487,ACSS1,Glycolysis Gluconeogenesis,Glycolysis Gluconeogenesis
gene1488,FBP1,Glycolysis Gluconeogenesis,Glycolysis Gluconeogenesis
gene1489,ADH1B,Glycolysis Gluconeogenesis,Glycolysis Gluconeogenesis
gene1490,HK2,Glycolysis Gluconeogenesis,Glycolysis Gluconeogenesis
gene1491,ADH1C,Glycolysis Gluconeogenesis,Glycolysis Gluconeogenesis
gene1492,HK1,Glycolysis Gluconeogenesis,Glycolysis Gluconeogenesis
gene1493,HK3,Glycolysis Gluconeogenesis,Glycolysis Gluconeogenesis
gene1494,ADH4,Glycolysis Gluconeogenesis,Glycolysis Gluconeogenesis
gene1495,PGAM2,Glycolysis Gluconeogenesis,Glycolysis Gluconeogenesis
gene1496,ADH5,Glycolysis Gluconeogenesis,Glycolysis Gluconeogenesis
gene1497,PGAM1,Glycolysis Gluconeogenesis,Glycolysis Gluconeogenesis
gene1498,ADH1A,Glycolysis Gluconeogenesis,Glycolysis Gluconeogenesis
gene1499,ALDOC,Glycolysis Gluconeogenesis,Glycolysis Gluconeogenesis
gene1500,ALDH7A1,Glycolysis Gluconeogenesis,Glycolysis Gluconeogenesis
gene1501,LDHAL6B,Glycolysis Gluconeogenesis,Glycolysis Gluconeogenesis
gene1502,PKLR,Glycolysis Gluconeogenesis,Glycolysis Gluconeogenesis
gene1503,LDHAL6A,Glycolysis Gluconeogenesis,Glycolysis Gluconeogenesis
gene1504,ENO1,Glycolysis Gluconeogenesis,Glycolysis Gluconeogenesis
gene1505,PKM,Glycolysis Gluconeogenesis,Glycolysis Gluconeogenesis
gene1506,PFKP,Glycolysis Gluconeogenesis,Glycolysis Gluconeogenesis
gene1507,BPGM,Glycolysis Gluconeogenesis,Glycolysis Gluconeogenesis
gene1508,PCK2,Glycolysis Gluconeogenesis,Glycolysis Gluconeogenesis
gene1509,PCK1,Glycolysis Gluconeogenesis,Glycolysis Gluconeogenesis
gene1510,ALDH1B1,Glycolysis Gluconeogenesis,Glycolysis Gluconeogenesis
gene1511,ALDH2,Glycolysis Gluconeogenesis,Glycolysis Gluconeogenesis
gene1512,ALDH3A1,Glycolysis Gluconeogenesis,Glycolysis Gluconeogenesis
gene1513,AKR1A1,Glycolysis Gluconeogenesis,Glycolysis Gluconeogenesis
gene1514,FBP2,Glycolysis Gluconeogenesis,Glycolysis Gluconeogenesis
gene1515,PFKM,Glycolysis Gluconeogenesis,Glycolysis Gluconeogenesis
gene1516,PFKL,Glycolysis Gluconeogenesis,Glycolysis Gluconeogenesis
gene1517,LDHC,Glycolysis Gluconeogenesis,Glycolysis Gluconeogenesis
gene1518,GAPDH,Glycolysis Gluconeogenesis,Glycolysis Gluconeogenesis
gene1519,ENO3,Glycolysis Gluconeogenesis,Glycolysis Gluconeogenesis
gene1520,ENO2,Glycolysis Gluconeogenesis,Glycolysis Gluconeogenesis
gene1521,PGAM4,Glycolysis Gluconeogenesis,Glycolysis Gluconeogenesis
gene1522,ADH7,Glycolysis Gluconeogenesis,Glycolysis Gluconeogenesis
gene1523,ADH6,Glycolysis Gluconeogenesis,Glycolysis Gluconeogenesis
gene1524,LDHB,Glycolysis Gluconeogenesis,Glycolysis Gluconeogenesis
gene1525,ALDH1A3,Glycolysis Gluconeogenesis,Glycolysis Gluconeogenesis
gene1526,ALDH3B1,Glycolysis Gluconeogenesis,Glycolysis Gluconeogenesis
gene1527,ALDH3B2,Glycolysis Gluconeogenesis,Glycolysis Gluconeogenesis
gene1528,ALDH9A1,Glycolysis Gluconeogenesis,Glycolysis Gluconeogenesis
gene1529,ALDH3A2,Glycolysis Gluconeogenesis,Glycolysis Gluconeogenesis
gene1530,GALM,Glycolysis Gluconeogenesis,Glycolysis Gluconeogenesis
gene1531,ALDOA,Glycolysis Gluconeogenesis,Glycolysis Gluconeogenesis
gene1532,DLD,Glycolysis Gluconeogenesis,Glycolysis Gluconeogenesis
gene1533,DLAT,Glycolysis Gluconeogenesis,Glycolysis Gluconeogenesis
gene1534,ALDOB,Glycolysis Gluconeogenesis,Glycolysis Gluconeogenesis
gene1535,G6PC2,Glycolysis Gluconeogenesis,Glycolysis Gluconeogenesis
gene1536,LDHA,Glycolysis Gluconeogenesis,Glycolysis Gluconeogenesis
gene1537,G6PC1,Glycolysis Gluconeogenesis,Glycolysis Gluconeogenesis
gene1538,PGM1,Glycolysis Gluconeogenesis,Glycolysis Gluconeogenesis
gene1539,GPI,Glycolysis Gluconeogenesis,Glycolysis Gluconeogenesis
gene1540,IDH3B,Citrate Cycle Tca Cycle,Citrate Cycle Tca Cycle
gene1541,DLST,Citrate Cycle Tca Cycle,Citrate Cycle Tca Cycle
gene1542,PCK2,Citrate Cycle Tca Cycle,Citrate Cycle Tca Cycle
gene1543,CS,Citrate Cycle Tca Cycle,Citrate Cycle Tca Cycle
gene1544,PDHB,Citrate Cycle Tca Cycle,Citrate Cycle Tca Cycle
gene1545,PCK1,Citrate Cycle Tca Cycle,Citrate Cycle Tca Cycle
gene1546,PDHA1,Citrate Cycle Tca Cycle,Citrate Cycle Tca Cycle
gene1547,PDHA2,Citrate Cycle Tca Cycle,Citrate Cycle Tca Cycle
gene1548,SUCLG2P2,Citrate Cycle Tca Cycle,Citrate Cycle Tca Cycle
gene1549,FH,Citrate Cycle Tca Cycle,Citrate Cycle Tca Cycle
gene1550,SDHD,Citrate Cycle Tca Cycle,Citrate Cycle Tca Cycle
gene1551,OGDH,Citrate Cycle Tca Cycle,Citrate Cycle Tca Cycle
gene1552,SDHB,Citrate Cycle Tca Cycle,Citrate Cycle Tca Cycle
gene1553,IDH3A,Citrate Cycle Tca Cycle,Citrate Cycle Tca Cycle
gene1554,SDHC,Citrate Cycle Tca Cycle,Citrate Cycle Tca Cycle
gene1555,IDH2,Citrate Cycle Tca Cycle,Citrate Cycle Tca Cycle
gene1556,IDH1,Citrate Cycle Tca Cycle,Citrate Cycle Tca Cycle
gene1557,ACO1,Citrate Cycle Tca Cycle,Citrate Cycle Tca Cycle
gene1558,ACLY,Citrate Cycle Tca Cycle,Citrate Cycle Tca Cycle
gene1559,MDH2,Citrate Cycle Tca Cycle,Citrate Cycle Tca Cycle
gene1560,DLD,Citrate Cycle Tca Cycle,Citrate Cycle Tca Cycle
gene1561,MDH1,Citrate Cycle Tca Cycle,Citrate Cycle Tca Cycle
gene1562,DLAT,Citrate Cycle Tca Cycle,Citrate Cycle Tca Cycle
gene1563,OGDHL,Citrate Cycle Tca Cycle,Citrate Cycle Tca Cycle
gene1564,PC,Citrate Cycle Tca Cycle,Citrate Cycle Tca Cycle
gene1565,SDHA,Citrate Cycle Tca Cycle,Citrate Cycle Tca Cycle
gene1566,SUCLG1,Citrate Cycle Tca Cycle,Citrate Cycle Tca Cycle
gene1567,SUCLA2,Citrate Cycle Tca Cycle,Citrate Cycle Tca Cycle
gene1568,SUCLG2,Citrate Cycle Tca Cycle,Citrate Cycle Tca Cycle
gene1569,IDH3G,Citrate Cycle Tca Cycle,Citrate Cycle Tca Cycle
gene1570,ACO2,Citrate Cycle Tca Cycle,Citrate Cycle Tca Cycle
gene1571,RPE,Pentose Phosphate Pathway,Pentose Phosphate Pathway
gene1572,RPIA,Pentose Phosphate Pathway,Pentose Phosphate Pathway
gene1573,PGM2,Pentose Phosphate Pathway,Pentose Phosphate Pathway
gene1574,PGLS,Pentose Phosphate Pathway,Pentose Phosphate Pathway
gene1575,PRPS2,Pentose Phosphate Pathway,Pentose Phosphate Pathway
gene1576,FBP2,Pentose Phosphate Pathway,Pentose Phosphate Pathway
gene1577,PFKM,Pentose Phosphate Pathway,Pentose Phosphate Pathway
gene1578,PFKL,Pentose Phosphate Pathway,Pentose Phosphate Pathway
gene1579,TALDO1,Pentose Phosphate Pathway,Pentose Phosphate Pathway
gene1580,TKT,Pentose Phosphate Pathway,Pentose Phosphate Pathway
gene1581,FBP1,Pentose Phosphate Pathway,Pentose Phosphate Pathway
gene1582,TKTL2,Pentose Phosphate Pathway,Pentose Phosphate Pathway
gene1583,PGD,Pentose Phosphate Pathway,Pentose Phosphate Pathway
gene1584,RBKS,Pentose Phosphate Pathway,Pentose Phosphate Pathway
gene1585,ALDOA,Pentose Phosphate Pathway,Pentose Phosphate Pathway
gene1586,ALDOC,Pentose Phosphate Pathway,Pentose Phosphate Pathway
gene1587,ALDOB,Pentose Phosphate Pathway,Pentose Phosphate Pathway
gene1588,H6PD,Pentose Phosphate Pathway,Pentose Phosphate Pathway
gene1589,RPEL1,Pentose Phosphate Pathway,Pentose Phosphate Pathway
gene1590,PRPS1L1,Pentose Phosphate Pathway,Pentose Phosphate Pathway
gene1591,PRPS1,Pentose Phosphate Pathway,Pentose Phosphate Pathway
gene1592,DERA,Pentose Phosphate Pathway,Pentose Phosphate Pathway
gene1593,G6PD,Pentose Phosphate Pathway,Pentose Phosphate Pathway
gene1594,PGM1,Pentose Phosphate Pathway,Pentose Phosphate Pathway
gene1595,TKTL1,Pentose Phosphate Pathway,Pentose Phosphate Pathway
gene1596,PFKP,Pentose Phosphate Pathway,Pentose Phosphate Pathway
gene1597,GPI,Pentose Phosphate Pathway,Pentose Phosphate Pathway
gene1598,UGT1A10,Pentose And Glucuronate Interconversions,Pentose And Glucuronate Interconversions
gene1599,UGT1A8,Pentose And Glucuronate Interconversions,Pentose And Glucuronate Interconversions
gene1600,RPE,Pentose And Glucuronate Interconversions,Pentose And Glucuronate Interconversions
gene1601,UGT1A7,Pentose And Glucuronate Interconversions,Pentose And Glucuronate Interconversions
gene1602,UGT1A6,Pentose And Glucuronate Interconversions,Pentose And Glucuronate Interconversions
gene1603,UGT2B28,Pentose And Glucuronate Interconversions,Pentose And Glucuronate Interconversions
gene1604,UGT1A5,Pentose And Glucuronate Interconversions,Pentose And Glucuronate Interconversions
gene1605,CRYL1,Pentose And Glucuronate Interconversions,Pentose And Glucuronate Interconversions
gene1606,UGDH,Pentose And Glucuronate Interconversions,Pentose And Glucuronate Interconversions
gene1607,UGT2A1,Pentose And Glucuronate Interconversions,Pentose And Glucuronate Interconversions
gene1608,GUSB,Pentose And Glucuronate Interconversions,Pentose And Glucuronate Interconversions
gene1609,UGT1A9,Pentose And Glucuronate Interconversions,Pentose And Glucuronate Interconversions
gene1610,DCXR,Pentose And Glucuronate Interconversions,Pentose And Glucuronate Interconversions
gene1611,RPEL1,Pentose And Glucuronate Interconversions,Pentose And Glucuronate Interconversions
gene1612,DHDH,Pentose And Glucuronate Interconversions,Pentose And Glucuronate Interconversions
gene1613,UGT2B11,Pentose And Glucuronate Interconversions,Pentose And Glucuronate Interconversions
gene1614,UGP2,Pentose And Glucuronate Interconversions,Pentose And Glucuronate Interconversions
gene1615,XYLB,Pentose And Glucuronate Interconversions,Pentose And Glucuronate Interconversions
gene1616,UGT2B10,Pentose And Glucuronate Interconversions,Pentose And Glucuronate Interconversions
gene1617,AKR1B1,Pentose And Glucuronate Interconversions,Pentose And Glucuronate Interconversions
gene1618,UGT2B7,Pentose And Glucuronate Interconversions,Pentose And Glucuronate Interconversions
gene1619,UGT2B4,Pentose And Glucuronate Interconversions,Pentose And Glucuronate Interconversions
gene1620,UGT2A3,Pentose And Glucuronate Interconversions,Pentose And Glucuronate Interconversions
gene1621,UGT1A4,Pentose And Glucuronate Interconversions,Pentose And Glucuronate Interconversions
gene1622,UGT2B17,Pentose And Glucuronate Interconversions,Pentose And Glucuronate Interconversions
gene1623,UGT1A1,Pentose And Glucuronate Interconversions,Pentose And Glucuronate Interconversions
gene1624,UGT1A3,Pentose And Glucuronate Interconversions,Pentose And Glucuronate Interconversions
gene1625,UGT2B15,Pentose And Glucuronate Interconversions,Pentose And Glucuronate Interconversions
gene1626,MPI,Fructose And Mannose Metabolism,Fructose And Mannose Metabolism
gene1627,PMM2,Fructose And Mannose Metabolism,Fructose And Mannose Metabolism
gene1628,PMM1,Fructose And Mannose Metabolism,Fructose And Mannose Metabolism
gene1629,FBP2,Fructose And Mannose Metabolism,Fructose And Mannose Metabolism
gene1630,PFKM,Fructose And Mannose Metabolism,Fructose And Mannose Metabolism
gene1631,GMDS,Fructose And Mannose Metabolism,Fructose And Mannose Metabolism
gene1632,PFKFB4,Fructose And Mannose Metabolism,Fructose And Mannose Metabolism
gene1633,PFKL,Fructose And Mannose Metabolism,Fructose And Mannose Metabolism
gene1634,MTMR6,Fructose And Mannose Metabolism,Fructose And Mannose Metabolism
gene1635,TPI1,Fructose And Mannose Metabolism,Fructose And Mannose Metabolism
gene1636,PHPT1,Fructose And Mannose Metabolism,Fructose And Mannose Metabolism
gene1637,PFKFB3,Fructose And Mannose Metabolism,Fructose And Mannose Metabolism
gene1638,FCSK,Fructose And Mannose Metabolism,Fructose And Mannose Metabolism
gene1639,PFKFB2,Fructose And Mannose Metabolism,Fructose And Mannose Metabolism
gene1640,MTMR1,Fructose And Mannose Metabolism,Fructose And Mannose Metabolism
gene1641,PFKFB1,Fructose And Mannose Metabolism,Fructose And Mannose Metabolism
gene1642,AKR1B10,Fructose And Mannose Metabolism,Fructose And Mannose Metabolism
gene1643,FPGT,Fructose And Mannose Metabolism,Fructose And Mannose Metabolism
gene1644,KHK,Fructose And Mannose Metabolism,Fructose And Mannose Metabolism
gene1645,FBP1,Fructose And Mannose Metabolism,Fructose And Mannose Metabolism
gene1646,MTMR2,Fructose And Mannose Metabolism,Fructose And Mannose Metabolism
gene1647,HK2,Fructose And Mannose Metabolism,Fructose And Mannose Metabolism
gene1648,HK3,Fructose And Mannose Metabolism,Fructose And Mannose Metabolism
gene1649,HK1,Fructose And Mannose Metabolism,Fructose And Mannose Metabolism
gene1650,ALDOA,Fructose And Mannose Metabolism,Fructose And Mannose Metabolism
gene1651,ALDOC,Fructose And Mannose Metabolism,Fructose And Mannose Metabolism
gene1652,ALDOB,Fructose And Mannose Metabolism,Fructose And Mannose Metabolism
gene1653,MTMR7,Fructose And Mannose Metabolism,Fructose And Mannose Metabolism
gene1654,GFUS,Fructose And Mannose Metabolism,Fructose And Mannose Metabolism
gene1655,AKR1B1,Fructose And Mannose Metabolism,Fructose And Mannose Metabolism
gene1656,SORD,Fructose And Mannose Metabolism,Fructose And Mannose Metabolism
gene1657,GMPPA,Fructose And Mannose Metabolism,Fructose And Mannose Metabolism
gene1658,PFKP,Fructose And Mannose Metabolism,Fructose And Mannose Metabolism
gene1659,GMPPB,Fructose And Mannose Metabolism,Fructose And Mannose Metabolism
gene1660,GCK,Galactose Metabolism,Galactose Metabolism
gene1661,GALK1,Galactose Metabolism,Galactose Metabolism
gene1662,GLB1,Galactose Metabolism,Galactose Metabolism
gene1663,GALE,Galactose Metabolism,Galactose Metabolism
gene1664,B4GALT1,Galactose Metabolism,Galactose Metabolism
gene1665,PGM2,Galactose Metabolism,Galactose Metabolism
gene1666,LALBA,Galactose Metabolism,Galactose Metabolism
gene1667,PFKM,Galactose Metabolism,Galactose Metabolism
gene1668,PFKL,Galactose Metabolism,Galactose Metabolism
gene1669,MGAM,Galactose Metabolism,Galactose Metabolism
gene1670,HK2,Galactose Metabolism,Galactose Metabolism
gene1671,HK1,Galactose Metabolism,Galactose Metabolism
gene1672,HK3,Galactose Metabolism,Galactose Metabolism
gene1673,GALT,Galactose Metabolism,Galactose Metabolism
gene1674,G6PC2,Galactose Metabolism,Galactose Metabolism
gene1675,GLA,Galactose Metabolism,Galactose Metabolism
gene1676,GANC,Galactose Metabolism,Galactose Metabolism
gene1677,LCT,Galactose Metabolism,Galactose Metabolism
gene1678,GALK2,Galactose Metabolism,Galactose Metabolism
gene1679,G6PC1,Galactose Metabolism,Galactose Metabolism
gene1680,UGP2,Galactose Metabolism,Galactose Metabolism
gene1681,PGM1,Galactose Metabolism,Galactose Metabolism
gene1682,AKR1B1,Galactose Metabolism,Galactose Metabolism
gene1683,B4GALT2,Galactose Metabolism,Galactose Metabolism
gene1684,GAA,Galactose Metabolism,Galactose Metabolism
gene1685,PFKP,Galactose Metabolism,Galactose Metabolism
gene1686,UGT1A10,Ascorbate And Aldarate Metabolism,Ascorbate And Aldarate Metabolism
gene1687,UGT1A8,Ascorbate And Aldarate Metabolism,Ascorbate And Aldarate Metabolism
gene1688,UGT1A7,Ascorbate And Aldarate Metabolism,Ascorbate And Aldarate Metabolism
gene1689,UGT1A6,Ascorbate And Aldarate Metabolism,Ascorbate And Aldarate Metabolism
gene1690,ALDH1B1,Ascorbate And Aldarate Metabolism,Ascorbate And Aldarate Metabolism
gene1691,UGT2B28,Ascorbate And Aldarate Metabolism,Ascorbate And Aldarate Metabolism
gene1692,ALDH2,Ascorbate And Aldarate Metabolism,Ascorbate And Aldarate Metabolism
gene1693,UGT1A5,Ascorbate And Aldarate Metabolism,Ascorbate And Aldarate Metabolism
gene1694,MIOX,Ascorbate And Aldarate Metabolism,Ascorbate And Aldarate Metabolism
gene1695,UGDH,Ascorbate And Aldarate Metabolism,Ascorbate And Aldarate Metabolism
gene1696,UGT2A1,Ascorbate And Aldarate Metabolism,Ascorbate And Aldarate Metabolism
gene1697,ALDH9A1,Ascorbate And Aldarate Metabolism,Ascorbate And Aldarate Metabolism
gene1698,ALDH3A2,Ascorbate And Aldarate Metabolism,Ascorbate And Aldarate Metabolism
gene1699,UGT1A9,Ascorbate And Aldarate Metabolism,Ascorbate And Aldarate Metabolism
gene1700,ALDH7A1,Ascorbate And Aldarate Metabolism,Ascorbate And Aldarate Metabolism
gene1701,UGT2B11,Ascorbate And Aldarate Metabolism,Ascorbate And Aldarate Metabolism
gene1702,UGT2B10,Ascorbate And Aldarate Metabolism,Ascorbate And Aldarate Metabolism
gene1703,UGT2B7,Ascorbate And Aldarate Metabolism,Ascorbate And Aldarate Metabolism
gene1704,UGT2B4,Ascorbate And Aldarate Metabolism,Ascorbate And Aldarate Metabolism
gene1705,UGT2A3,Ascorbate And Aldarate Metabolism,Ascorbate And Aldarate Metabolism
gene1706,UGT1A4,Ascorbate And Aldarate Metabolism,Ascorbate And Aldarate Metabolism
gene1707,UGT1A1,Ascorbate And Aldarate Metabolism,Ascorbate And Aldarate Metabolism
gene1708,UGT2B17,Ascorbate And Aldarate Metabolism,Ascorbate And Aldarate Metabolism
gene1709,UGT1A3,Ascorbate And Aldarate Metabolism,Ascorbate And Aldarate Metabolism
gene1710,UGT2B15,Ascorbate And Aldarate Metabolism,Ascorbate And Aldarate Metabolism
gene1711,CPT1A,Fatty Acid Metabolism,Fatty Acid Metabolism
gene1712,CPT1C,Fatty Acid Metabolism,Fatty Acid Metabolism
gene1713,ACADS,Fatty Acid Metabolism,Fatty Acid Metabolism
gene1714,ALDH1B1,Fatty Acid Metabolism,Fatty Acid Metabolism
gene1715,ACADSB,Fatty Acid Metabolism,Fatty Acid Metabolism
gene1716,ACADL,Fatty Acid Metabolism,Fatty Acid Metabolism
gene1717,ALDH2,Fatty Acid Metabolism,Fatty Acid Metabolism
gene1718,ACADM,Fatty Acid Metabolism,Fatty Acid Metabolism
gene1719,CYP4A11,Fatty Acid Metabolism,Fatty Acid Metabolism
gene1720,ACAT2,Fatty Acid Metabolism,Fatty Acid Metabolism
gene1721,ACADVL,Fatty Acid Metabolism,Fatty Acid Metabolism
gene1722,ACAT1,Fatty Acid Metabolism,Fatty Acid Metabolism
gene1723,ACAA2,Fatty Acid Metabolism,Fatty Acid Metabolism
gene1724,HADH,Fatty Acid Metabolism,Fatty Acid Metabolism
gene1725,HADHB,Fatty Acid Metabolism,Fatty Acid Metabolism
gene1726,HADHA,Fatty Acid Metabolism,Fatty Acid Metabolism
gene1727,CYP4A22,Fatty Acid Metabolism,Fatty Acid Metabolism
gene1728,ADH7,Fatty Acid Metabolism,Fatty Acid Metabolism
gene1729,ADH6,Fatty Acid Metabolism,Fatty Acid Metabolism
gene1730,ACSL6,Fatty Acid Metabolism,Fatty Acid Metabolism
gene1731,ADH1B,Fatty Acid Metabolism,Fatty Acid Metabolism
gene1732,ADH1C,Fatty Acid Metabolism,Fatty Acid Metabolism
gene1733,ADH4,Fatty Acid Metabolism,Fatty Acid Metabolism
gene1734,ECHS1,Fatty Acid Metabolism,Fatty Acid Metabolism
gene1735,ADH5,Fatty Acid Metabolism,Fatty Acid Metabolism
gene1736,ALDH9A1,Fatty Acid Metabolism,Fatty Acid Metabolism
gene1737,ALDH3A2,Fatty Acid Metabolism,Fatty Acid Metabolism
gene1738,ACSL5,Fatty Acid Metabolism,Fatty Acid Metabolism
gene1739,ADH1A,Fatty Acid Metabolism,Fatty Acid Metabolism
gene1740,EHHADH,Fatty Acid Metabolism,Fatty Acid Metabolism
gene1741,GCDH,Fatty Acid Metabolism,Fatty Acid Metabolism
gene1742,ALDH7A1,Fatty Acid Metabolism,Fatty Acid Metabolism
gene1743,ACOX3,Fatty Acid Metabolism,Fatty Acid Metabolism
gene1744,ACSL1,Fatty Acid Metabolism,Fatty Acid Metabolism
gene1745,ACAA1,Fatty Acid Metabolism,Fatty Acid Metabolism
gene1746,CPT2,Fatty Acid Metabolism,Fatty Acid Metabolism
gene1747,CPT1B,Fatty Acid Metabolism,Fatty Acid Metabolism
gene1748,ACOX1,Fatty Acid Metabolism,Fatty Acid Metabolism
gene1749,ECI2,Fatty Acid Metabolism,Fatty Acid Metabolism
gene1750,ECI1,Fatty Acid Metabolism,Fatty Acid Metabolism
gene1751,ACSL3,Fatty Acid Metabolism,Fatty Acid Metabolism
gene1752,ACSL4,Fatty Acid Metabolism,Fatty Acid Metabolism
gene1753,SOAT1,Steroid Biosynthesis,Steroid Biosynthesis
gene1754,LSS,Steroid Biosynthesis,Steroid Biosynthesis
gene1755,SQLE,Steroid Biosynthesis,Steroid Biosynthesis
gene1756,EBP,Steroid Biosynthesis,Steroid Biosynthesis
gene1757,CYP51A1,Steroid Biosynthesis,Steroid Biosynthesis
gene1758,DHCR7,Steroid Biosynthesis,Steroid Biosynthesis
gene1759,CYP27B1,Steroid Biosynthesis,Steroid Biosynthesis
gene1760,DHCR24,Steroid Biosynthesis,Steroid Biosynthesis
gene1761,HSD17B7,Steroid Biosynthesis,Steroid Biosynthesis
gene1762,MSMO1,Steroid Biosynthesis,Steroid Biosynthesis
gene1763,FDFT1,Steroid Biosynthesis,Steroid Biosynthesis
gene1764,SC5D,Steroid Biosynthesis,Steroid Biosynthesis
gene1765,LIPA,Steroid Biosynthesis,Steroid Biosynthesis
gene1766,CEL,Steroid Biosynthesis,Steroid Biosynthesis
gene1767,TM7SF2,Steroid Biosynthesis,Steroid Biosynthesis
gene1768,NSDHL,Steroid Biosynthesis,Steroid Biosynthesis
gene1769,SOAT2,Steroid Biosynthesis,Steroid Biosynthesis
gene1770,CYP46A1,Primary Bile Acid Biosynthesis,Primary Bile Acid Biosynthesis
gene1771,SLC27A5,Primary Bile Acid Biosynthesis,Primary Bile Acid Biosynthesis
gene1772,BAAT,Primary Bile Acid Biosynthesis,Primary Bile Acid Biosynthesis
gene1773,CYP7B1,Primary Bile Acid Biosynthesis,Primary Bile Acid Biosynthesis
gene1774,AKR1C4,Primary Bile Acid Biosynthesis,Primary Bile Acid Biosynthesis
gene1775,HSD17B4,Primary Bile Acid Biosynthesis,Primary Bile Acid Biosynthesis
gene1776,SCP2,Primary Bile Acid Biosynthesis,Primary Bile Acid Biosynthesis
gene1777,AKR1D1,Primary Bile Acid Biosynthesis,Primary Bile Acid Biosynthesis
gene1778,ACOX2,Primary Bile Acid Biosynthesis,Primary Bile Acid Biosynthesis
gene1779,HSD3B7,Primary Bile Acid Biosynthesis,Primary Bile Acid Biosynthesis
gene1780,CYP27A1,Primary Bile Acid Biosynthesis,Primary Bile Acid Biosynthesis
gene1781,AMACR,Primary Bile Acid Biosynthesis,Primary Bile Acid Biosynthesis
gene1782,CYP7A1,Primary Bile Acid Biosynthesis,Primary Bile Acid Biosynthesis
gene1783,CYP8B1,Primary Bile Acid Biosynthesis,Primary Bile Acid Biosynthesis
gene1784,CYP39A1,Primary Bile Acid Biosynthesis,Primary Bile Acid Biosynthesis
gene1785,CH25H,Primary Bile Acid Biosynthesis,Primary Bile Acid Biosynthesis
gene1786,SRD5A3,Steroid Hormone Biosynthesis,Steroid Hormone Biosynthesis
gene1787,AKR1C4,Steroid Hormone Biosynthesis,Steroid Hormone Biosynthesis
gene1788,CYP3A5,Steroid Hormone Biosynthesis,Steroid Hormone Biosynthesis
gene1789,HSD3B2,Steroid Hormone Biosynthesis,Steroid Hormone Biosynthesis
gene1790,UGT2B28,Steroid Hormone Biosynthesis,Steroid Hormone Biosynthesis
gene1791,HSD3B1,Steroid Hormone Biosynthesis,Steroid Hormone Biosynthesis
gene1792,COMT,Steroid Hormone Biosynthesis,Steroid Hormone Biosynthesis
gene1793,SULT2B1,Steroid Hormone Biosynthesis,Steroid Hormone Biosynthesis
gene1794,CYP3A4,Steroid Hormone Biosynthesis,Steroid Hormone Biosynthesis
gene1795,CYP7A1,Steroid Hormone Biosynthesis,Steroid Hormone Biosynthesis
gene1796,CYP11A1,Steroid Hormone Biosynthesis,Steroid Hormone Biosynthesis
gene1797,AKR1C3,Steroid Hormone Biosynthesis,Steroid Hormone Biosynthesis
gene1798,HSD11B2,Steroid Hormone Biosynthesis,Steroid Hormone Biosynthesis
gene1799,SULT1E1,Steroid Hormone Biosynthesis,Steroid Hormone Biosynthesis
gene1800,HSD11B1,Steroid Hormone Biosynthesis,Steroid Hormone Biosynthesis
gene1801,HSD17B2,Steroid Hormone Biosynthesis,Steroid Hormone Biosynthesis
gene1802,HSD17B3,Steroid Hormone Biosynthesis,Steroid Hormone Biosynthesis
gene1803,CYP21A2,Steroid Hormone Biosynthesis,Steroid Hormone Biosynthesis
gene1804,HSD17B1,Steroid Hormone Biosynthesis,Steroid Hormone Biosynthesis
gene1805,CYP19A1,Steroid Hormone Biosynthesis,Steroid Hormone Biosynthesis
gene1806,CYP17A1,Steroid Hormone Biosynthesis,Steroid Hormone Biosynthesis
gene1807,CYP11B2,Steroid Hormone Biosynthesis,Steroid Hormone Biosynthesis
gene1808,CYP11B1,Steroid Hormone Biosynthesis,Steroid Hormone Biosynthesis
gene1809,HSD17B6,Steroid Hormone Biosynthesis,Steroid Hormone Biosynthesis
gene1810,HSD17B7,Steroid Hormone Biosynthesis,Steroid Hormone Biosynthesis
gene1811,UGT2B11,Steroid Hormone Biosynthesis,Steroid Hormone Biosynthesis
gene1812,UGT2A3,Steroid Hormone Biosynthesis,Steroid Hormone Biosynthesis
gene1813,UGT1A4,Steroid Hormone Biosynthesis,Steroid Hormone Biosynthesis
gene1814,CYP3A7,Steroid Hormone Biosynthesis,Steroid Hormone Biosynthesis
gene1815,UGT1A1,Steroid Hormone Biosynthesis,Steroid Hormone Biosynthesis
gene1816,UGT1A3,Steroid Hormone Biosynthesis,Steroid Hormone Biosynthesis
gene1817,UGT1A10,Steroid Hormone Biosynthesis,Steroid Hormone Biosynthesis
gene1818,UGT1A8,Steroid Hormone Biosynthesis,Steroid Hormone Biosynthesis
gene1819,UGT1A7,Steroid Hormone Biosynthesis,Steroid Hormone Biosynthesis
gene1820,UGT1A6,Steroid Hormone Biosynthesis,Steroid Hormone Biosynthesis
gene1821,UGT1A5,Steroid Hormone Biosynthesis,Steroid Hormone Biosynthesis
gene1822,HSD17B8,Steroid Hormone Biosynthesis,Steroid Hormone Biosynthesis
gene1823,AKR1C2,Steroid Hormone Biosynthesis,Steroid Hormone Biosynthesis
gene1824,AKR1C1,Steroid Hormone Biosynthesis,Steroid Hormone Biosynthesis
gene1825,CYP1A1,Steroid Hormone Biosynthesis,Steroid Hormone Biosynthesis
gene1826,CYP1B1,Steroid Hormone Biosynthesis,Steroid Hormone Biosynthesis
gene1827,STS,Steroid Hormone Biosynthesis,Steroid Hormone Biosynthesis
gene1828,UGT2A1,Steroid Hormone Biosynthesis,Steroid Hormone Biosynthesis
gene1829,SRD5A2,Steroid Hormone Biosynthesis,Steroid Hormone Biosynthesis
gene1830,SRD5A1,Steroid Hormone Biosynthesis,Steroid Hormone Biosynthesis
gene1831,CYP3A43,Steroid Hormone Biosynthesis,Steroid Hormone Biosynthesis
gene1832,CYP7B1,Steroid Hormone Biosynthesis,Steroid Hormone Biosynthesis
gene1833,UGT1A9,Steroid Hormone Biosynthesis,Steroid Hormone Biosynthesis
gene1834,AKR1D1,Steroid Hormone Biosynthesis,Steroid Hormone Biosynthesis
gene1835,HSD17B12,Steroid Hormone Biosynthesis,Steroid Hormone Biosynthesis
gene1836,UGT2B10,Steroid Hormone Biosynthesis,Steroid Hormone Biosynthesis
gene1837,UGT2B7,Steroid Hormone Biosynthesis,Steroid Hormone Biosynthesis
gene1838,UGT2B4,Steroid Hormone Biosynthesis,Steroid Hormone Biosynthesis
gene1839,UGT2B17,Steroid Hormone Biosynthesis,Steroid Hormone Biosynthesis
gene1840,UGT2B15,Steroid Hormone Biosynthesis,Steroid Hormone Biosynthesis
gene1841,ATP6V1G1,Oxidative Phosphorylation,Oxidative Phosphorylation
gene1842,UQCR10,Oxidative Phosphorylation,Oxidative Phosphorylation
gene1843,NDUFA5,Oxidative Phosphorylation,Oxidative Phosphorylation
gene1844,NDUFA4,Oxidative Phosphorylation,Oxidative Phosphorylation
gene1845,COX6CP3,Oxidative Phosphorylation,Oxidative Phosphorylation
gene1846,PPA2,Oxidative Phosphorylation,Oxidative Phosphorylation
gene1847,ATP5MF,Oxidative Phosphorylation,Oxidative Phosphorylation
gene1848,NDUFS7,Oxidative Phosphorylation,Oxidative Phosphorylation
gene1849,MT-CYB,Oxidative Phosphorylation,Oxidative Phosphorylation
gene1850,ATP6V0A1,Oxidative Phosphorylation,Oxidative Phosphorylation
gene1851,ATP6V1G2,Oxidative Phosphorylation,Oxidative Phosphorylation
gene1852,ATP6V0B,Oxidative Phosphorylation,Oxidative Phosphorylation
gene1853,ATP5PO,Oxidative Phosphorylation,Oxidative Phosphorylation
gene1854,MT-CO2,Oxidative Phosphorylation,Oxidative Phosphorylation
gene1855,MT-CO1,Oxidative Phosphorylation,Oxidative Phosphorylation
gene1856,ATP6AP1,Oxidative Phosphorylation,Oxidative Phosphorylation
gene1857,COX8C,Oxidative Phosphorylation,Oxidative Phosphorylation
gene1858,MT-CO3,Oxidative Phosphorylation,Oxidative Phosphorylation
gene1859,COX5B,Oxidative Phosphorylation,Oxidative Phosphorylation
gene1860,COX4I1,Oxidative Phosphorylation,Oxidative Phosphorylation
gene1861,ATP6V0A4,Oxidative Phosphorylation,Oxidative Phosphorylation
gene1862,ATP12A,Oxidative Phosphorylation,Oxidative Phosphorylation
gene1863,MT-ATP6,Oxidative Phosphorylation,Oxidative Phosphorylation
gene1864,MT-ATP8,Oxidative Phosphorylation,Oxidative Phosphorylation
gene1865,ATP5PD,Oxidative Phosphorylation,Oxidative Phosphorylation
gene1866,NDUFA2,Oxidative Phosphorylation,Oxidative Phosphorylation
gene1867,NDUFA3,Oxidative Phosphorylation,Oxidative Phosphorylation
gene1868,NDUFA1,Oxidative Phosphorylation,Oxidative Phosphorylation
gene1869,ATP5MC1P5,Oxidative Phosphorylation,Oxidative Phosphorylation
gene1870,UQCRQ,Oxidative Phosphorylation,Oxidative Phosphorylation
gene1871,ATP6V1H,Oxidative Phosphorylation,Oxidative Phosphorylation
gene1872,ATP5F1D,Oxidative Phosphorylation,Oxidative Phosphorylation
gene1873,LHPP,Oxidative Phosphorylation,Oxidative Phosphorylation
gene1874,ATP6V0D2,Oxidative Phosphorylation,Oxidative Phosphorylation
gene1875,COX7A2L,Oxidative Phosphorylation,Oxidative Phosphorylation
gene1876,ATP5MC3,Oxidative Phosphorylation,Oxidative Phosphorylation
gene1877,ATP6V1C2,Oxidative Phosphorylation,Oxidative Phosphorylation
gene1878,ATP5MC2,Oxidative Phosphorylation,Oxidative Phosphorylation
gene1879,ATP5MC1,Oxidative Phosphorylation,Oxidative Phosphorylation
gene1880,ATP5PB,Oxidative Phosphorylation,Oxidative Phosphorylation
gene1881,ATP5F1E,Oxidative Phosphorylation,Oxidative Phosphorylation
gene1882,COX5A,Oxidative Phosphorylation,Oxidative Phosphorylation
gene1883,TCIRG1,Oxidative Phosphorylation,Oxidative Phosphorylation
gene1884,UQCRHL,Oxidative Phosphorylation,Oxidative Phosphorylation
gene1885,ATP4B,Oxidative Phosphorylation,Oxidative Phosphorylation
gene1886,ATP6V1D,Oxidative Phosphorylation,Oxidative Phosphorylation
gene1887,ATP4A,Oxidative Phosphorylation,Oxidative Phosphorylation
gene1888,ATP5F1A,Oxidative Phosphorylation,Oxidative Phosphorylation
gene1889,ATP5PF,Oxidative Phosphorylation,Oxidative Phosphorylation
gene1890,ATP5ME,Oxidative Phosphorylation,Oxidative Phosphorylation
gene1891,SDHA,Oxidative Phosphorylation,Oxidative Phosphorylation
gene1892,ATP6V1A,Oxidative Phosphorylation,Oxidative Phosphorylation
gene1893,ATP6V1E1,Oxidative Phosphorylation,Oxidative Phosphorylation
gene1894,NDUFA4L2,Oxidative Phosphorylation,Oxidative Phosphorylation
gene1895,ATP6V1B2,Oxidative Phosphorylation,Oxidative Phosphorylation
gene1896,ATP6V1B1,Oxidative Phosphorylation,Oxidative Phosphorylation
gene1897,ATP6V1C1,Oxidative Phosphorylation,Oxidative Phosphorylation
gene1898,ATP6V0C,Oxidative Phosphorylation,Oxidative Phosphorylation
gene1899,COX10,Oxidative Phosphorylation,Oxidative Phosphorylation
gene1900,COX8A,Oxidative Phosphorylation,Oxidative Phosphorylation
gene1901,COX7C,Oxidative Phosphorylation,Oxidative Phosphorylation
gene1902,SDHD,Oxidative Phosphorylation,Oxidative Phosphorylation
gene1903,SDHB,Oxidative Phosphorylation,Oxidative Phosphorylation
gene1904,SDHC,Oxidative Phosphorylation,Oxidative Phosphorylation
gene1905,ATP6V1G3,Oxidative Phosphorylation,Oxidative Phosphorylation
gene1906,COX7B,Oxidative Phosphorylation,Oxidative Phosphorylation
gene1907,COX7A1,Oxidative Phosphorylation,Oxidative Phosphorylation
gene1908,COX7A2,Oxidative Phosphorylation,Oxidative Phosphorylation
gene1909,COX6C,Oxidative Phosphorylation,Oxidative Phosphorylation
gene1910,COX17,Oxidative Phosphorylation,Oxidative Phosphorylation
gene1911,ATP5F1B,Oxidative Phosphorylation,Oxidative Phosphorylation
gene1912,COX6B1,Oxidative Phosphorylation,Oxidative Phosphorylation
gene1913,ATP5F1C,Oxidative Phosphorylation,Oxidative Phosphorylation
gene1914,UQCR10P1,Oxidative Phosphorylation,Oxidative Phosphorylation
gene1915,ATP6V1F,Oxidative Phosphorylation,Oxidative Phosphorylation
gene1916,COX7B2,Oxidative Phosphorylation,Oxidative Phosphorylation
gene1917,ATP6V0A2,Oxidative Phosphorylation,Oxidative Phosphorylation
gene1918,UQCRB,Oxidative Phosphorylation,Oxidative Phosphorylation
gene1919,ATP6V0D1,Oxidative Phosphorylation,Oxidative Phosphorylation
gene1920,COX6A2,Oxidative Phosphorylation,Oxidative Phosphorylation
gene1921,COX6A1,Oxidative Phosphorylation,Oxidative Phosphorylation
gene1922,UQCRH,Oxidative Phosphorylation,Oxidative Phosphorylation
gene1923,UQCRFS1,Oxidative Phosphorylation,Oxidative Phosphorylation
gene1924,UQCRC2,Oxidative Phosphorylation,Oxidative Phosphorylation
gene1925,UQCRC1,Oxidative Phosphorylation,Oxidative Phosphorylation
gene1926,NDUFB3,Oxidative Phosphorylation,Oxidative Phosphorylation
gene1927,NDUFB1,Oxidative Phosphorylation,Oxidative Phosphorylation
gene1928,NDUFB2,Oxidative Phosphorylation,Oxidative Phosphorylation
gene1929,NDUFA10,Oxidative Phosphorylation,Oxidative Phosphorylation
gene1930,NDUFAB1,Oxidative Phosphorylation,Oxidative Phosphorylation
gene1931,ATP6V0E2,Oxidative Phosphorylation,Oxidative Phosphorylation
gene1932,MT-ND6,Oxidative Phosphorylation,Oxidative Phosphorylation
gene1933,NDUFA9,Oxidative Phosphorylation,Oxidative Phosphorylation
gene1934,MT-ND5,Oxidative Phosphorylation,Oxidative Phosphorylation
gene1935,NDUFA7,Oxidative Phosphorylation,Oxidative Phosphorylation
gene1936,NDUFA8,Oxidative Phosphorylation,Oxidative Phosphorylation
gene1937,UQCR11,Oxidative Phosphorylation,Oxidative Phosphorylation
gene1938,NDUFA6,Oxidative Phosphorylation,Oxidative Phosphorylation
gene1939,NDUFV3,Oxidative Phosphorylation,Oxidative Phosphorylation
gene1940,ATP6V1E2,Oxidative Phosphorylation,Oxidative Phosphorylation
gene1941,MT-ND4,Oxidative Phosphorylation,Oxidative Phosphorylation
gene1942,MT-ND4L,Oxidative Phosphorylation,Oxidative Phosphorylation
gene1943,MT-ND2,Oxidative Phosphorylation,Oxidative Phosphorylation
gene1944,COX6B2,Oxidative Phosphorylation,Oxidative Phosphorylation
gene1945,PPA1,Oxidative Phosphorylation,Oxidative Phosphorylation
gene1946,MT-ND3,Oxidative Phosphorylation,Oxidative Phosphorylation
gene1947,COX4I2,Oxidative Phosphorylation,Oxidative Phosphorylation
gene1948,MT-ND1,Oxidative Phosphorylation,Oxidative Phosphorylation
gene1949,ATP5MG,Oxidative Phosphorylation,Oxidative Phosphorylation
gene1950,ATP6V0E1,Oxidative Phosphorylation,Oxidative Phosphorylation
gene1951,NDUFA11,Oxidative Phosphorylation,Oxidative Phosphorylation
gene1952,NDUFB10,Oxidative Phosphorylation,Oxidative Phosphorylation
gene1953,NDUFS8,Oxidative Phosphorylation,Oxidative Phosphorylation
gene1954,NDUFC1,Oxidative Phosphorylation,Oxidative Phosphorylation
gene1955,NDUFC2,Oxidative Phosphorylation,Oxidative Phosphorylation
gene1956,NDUFS1,Oxidative Phosphorylation,Oxidative Phosphorylation
gene1957,NDUFV2,Oxidative Phosphorylation,Oxidative Phosphorylation
gene1958,NDUFB6,Oxidative Phosphorylation,Oxidative Phosphorylation
gene1959,NDUFS4,Oxidative Phosphorylation,Oxidative Phosphorylation
gene1960,NDUFB7,Oxidative Phosphorylation,Oxidative Phosphorylation
gene1961,NDUFV1,Oxidative Phosphorylation,Oxidative Phosphorylation
gene1962,NDUFB8,Oxidative Phosphorylation,Oxidative Phosphorylation
gene1963,NDUFS6,Oxidative Phosphorylation,Oxidative Phosphorylation
gene1964,NDUFB9,Oxidative Phosphorylation,Oxidative Phosphorylation
gene1965,NDUFS5,Oxidative Phosphorylation,Oxidative Phosphorylation
gene1966,NDUFS2,Oxidative Phosphorylation,Oxidative Phosphorylation
gene1967,NDUFB4,Oxidative Phosphorylation,Oxidative Phosphorylation
gene1968,NDUFS3,Oxidative Phosphorylation,Oxidative Phosphorylation
gene1969,NDUFB5,Oxidative Phosphorylation,Oxidative Phosphorylation
gene1970,CYC1,Oxidative Phosphorylation,Oxidative Phosphorylation
gene1971,COX11,Oxidative Phosphorylation,Oxidative Phosphorylation
gene1972,COX15,Oxidative Phosphorylation,Oxidative Phosphorylation
gene1973,POLR2G,Purine Metabolism,Purine Metabolism
gene1974,NT5C2,Purine Metabolism,Purine Metabolism
gene1975,POLR2H,Purine Metabolism,Purine Metabolism
gene1976,ENPP3,Purine Metabolism,Purine Metabolism
gene1977,POLR2E,Purine Metabolism,Purine Metabolism
gene1978,POLR2F,Purine Metabolism,Purine Metabolism
gene1979,ENPP1,Purine Metabolism,Purine Metabolism
gene1980,XDH,Purine Metabolism,Purine Metabolism
gene1981,POLR2I,Purine Metabolism,Purine Metabolism
gene1982,POLR2J,Purine Metabolism,Purine Metabolism
gene1983,POLE3,Purine Metabolism,Purine Metabolism
gene1984,ADSS2,Purine Metabolism,Purine Metabolism
gene1985,PRPS2,Purine Metabolism,Purine Metabolism
gene1986,ADSL,Purine Metabolism,Purine Metabolism
gene1987,NME6,Purine Metabolism,Purine Metabolism
gene1988,POLR1D,Purine Metabolism,Purine Metabolism
gene1989,PNPT1,Purine Metabolism,Purine Metabolism
gene1990,POLR2K,Purine Metabolism,Purine Metabolism
gene1991,PDE11A,Purine Metabolism,Purine Metabolism
gene1992,POLD3,Purine Metabolism,Purine Metabolism
gene1993,POLR2L,Purine Metabolism,Purine Metabolism
gene1994,AK1,Purine Metabolism,Purine Metabolism
gene1995,NME1-NME2,Purine Metabolism,Purine Metabolism
gene1996,AK2,Purine Metabolism,Purine Metabolism
gene1997,AK4,Purine Metabolism,Purine Metabolism
gene1998,POLA2,Purine Metabolism,Purine Metabolism
gene1999,CANT1,Purine Metabolism,Purine Metabolism
gene2000,AMPD1,Purine Metabolism,Purine Metabolism
gene2001,AMPD3,Purine Metabolism,Purine Metabolism
gene2002,AMPD2,Purine Metabolism,Purine Metabolism
gene2003,NME4,Purine Metabolism,Purine Metabolism
gene2004,GUCY2D,Purine Metabolism,Purine Metabolism
gene2005,NME1,Purine Metabolism,Purine Metabolism
gene2006,ATIC,Purine Metabolism,Purine Metabolism
gene2007,NME2,Purine Metabolism,Purine Metabolism
gene2008,DGUOK,Purine Metabolism,Purine Metabolism
gene2009,POLR3C,Purine Metabolism,Purine Metabolism
gene2010,NME3,Purine Metabolism,Purine Metabolism
gene2011,POLR3G,Purine Metabolism,Purine Metabolism
gene2012,POLR3F,Purine Metabolism,Purine Metabolism
gene2013,PRUNE1,Purine Metabolism,Purine Metabolism
gene2014,ADPRM,Purine Metabolism,Purine Metabolism
gene2015,PDE4B,Purine Metabolism,Purine Metabolism
gene2016,PDE4C,Purine Metabolism,Purine Metabolism
gene2017,PDE3B,Purine Metabolism,Purine Metabolism
gene2018,PDE4A,Purine Metabolism,Purine Metabolism
gene2019,NUDT2,Purine Metabolism,Purine Metabolism
gene2020,GMPR2,Purine Metabolism,Purine Metabolism
gene2021,PDE6C,Purine Metabolism,Purine Metabolism
gene2022,PDE6D,Purine Metabolism,Purine Metabolism
gene2023,PDE4D,Purine Metabolism,Purine Metabolism
gene2024,PDE6A,Purine Metabolism,Purine Metabolism
gene2025,PRIM1,Purine Metabolism,Purine Metabolism
gene2026,PRIM2,Purine Metabolism,Purine Metabolism
gene2027,AK5,Purine Metabolism,Purine Metabolism
gene2028,GMPR,Purine Metabolism,Purine Metabolism
gene2029,NME5,Purine Metabolism,Purine Metabolism
gene2030,PDE7B,Purine Metabolism,Purine Metabolism
gene2031,PDE5A,Purine Metabolism,Purine Metabolism
gene2032,POLD4,Purine Metabolism,Purine Metabolism
gene2033,GUCY1A2,Purine Metabolism,Purine Metabolism
gene2034,FHIT,Purine Metabolism,Purine Metabolism
gene2035,ADCY3,Purine Metabolism,Purine Metabolism
gene2036,ADCY2,Purine Metabolism,Purine Metabolism
gene2037,ADCY1,Purine Metabolism,Purine Metabolism
gene2038,POLA1,Purine Metabolism,Purine Metabolism
gene2039,PDE3A,Purine Metabolism,Purine Metabolism
gene2040,PDE2A,Purine Metabolism,Purine Metabolism
gene2041,PDE1C,Purine Metabolism,Purine Metabolism
gene2042,ADSS1,Purine Metabolism,Purine Metabolism
gene2043,ADA,Purine Metabolism,Purine Metabolism
gene2044,ENTPD8,Purine Metabolism,Purine Metabolism
gene2045,POLE2,Purine Metabolism,Purine Metabolism
gene2046,PDE8A,Purine Metabolism,Purine Metabolism
gene2047,PDE9A,Purine Metabolism,Purine Metabolism
gene2048,PDE1B,Purine Metabolism,Purine Metabolism
gene2049,NUDT9,Purine Metabolism,Purine Metabolism
gene2050,POLD1,Purine Metabolism,Purine Metabolism
gene2051,GDA,Purine Metabolism,Purine Metabolism
gene2052,POLD2,Purine Metabolism,Purine Metabolism
gene2053,POLE,Purine Metabolism,Purine Metabolism
gene2054,PDE6B,Purine Metabolism,Purine Metabolism
gene2055,PDE7A,Purine Metabolism,Purine Metabolism
gene2056,PRPS1,Purine Metabolism,Purine Metabolism
gene2057,POLR1E,Purine Metabolism,Purine Metabolism
gene2058,PAICS,Purine Metabolism,Purine Metabolism
gene2059,NT5C1A,Purine Metabolism,Purine Metabolism
gene2060,POLR2B,Purine Metabolism,Purine Metabolism
gene2061,POLR3A,Purine Metabolism,Purine Metabolism
gene2062,PDE6H,Purine Metabolism,Purine Metabolism
gene2063,POLR2A,Purine Metabolism,Purine Metabolism
gene2064,PDE6G,Purine Metabolism,Purine Metabolism
gene2065,POLR2D,Purine Metabolism,Purine Metabolism
gene2066,DCK,Purine Metabolism,Purine Metabolism
gene2067,POLR2C,Purine Metabolism,Purine Metabolism
gene2068,ADCY8,Purine Metabolism,Purine Metabolism
gene2069,ADCY9,Purine Metabolism,Purine Metabolism
gene2070,ADCY6,Purine Metabolism,Purine Metabolism
gene2071,AK7,Purine Metabolism,Purine Metabolism
gene2072,ADCY7,Purine Metabolism,Purine Metabolism
gene2073,ADCY5,Purine Metabolism,Purine Metabolism
gene2074,GMPS,Purine Metabolism,Purine Metabolism
gene2075,ADCY10,Purine Metabolism,Purine Metabolism
gene2076,POLR3K,Purine Metabolism,Purine Metabolism
gene2077,POLR1B,Purine Metabolism,Purine Metabolism
gene2078,PNP,Purine Metabolism,Purine Metabolism
gene2079,RRM2B,Purine Metabolism,Purine Metabolism
gene2080,PDE1A,Purine Metabolism,Purine Metabolism
gene2081,POLR2J2,Purine Metabolism,Purine Metabolism
gene2082,HPRT1,Purine Metabolism,Purine Metabolism
gene2083,GART,Purine Metabolism,Purine Metabolism
gene2084,PAPSS1,Purine Metabolism,Purine Metabolism
gene2085,PAPSS2,Purine Metabolism,Purine Metabolism
gene2086,NT5M,Purine Metabolism,Purine Metabolism
gene2087,ADCY4,Purine Metabolism,Purine Metabolism
gene2088,IMPDH1,Purine Metabolism,Purine Metabolism
gene2089,IMPDH2,Purine Metabolism,Purine Metabolism
gene2090,POLR3H,Purine Metabolism,Purine Metabolism
gene2091,POLR2J3,Purine Metabolism,Purine Metabolism
gene2092,POLR1A,Purine Metabolism,Purine Metabolism
gene2093,POLR3B,Purine Metabolism,Purine Metabolism
gene2094,GUCY1B1,Purine Metabolism,Purine Metabolism
gene2095,PKLR,Purine Metabolism,Purine Metabolism
gene2096,GUCY2C,Purine Metabolism,Purine Metabolism
gene2097,ENTPD4,Purine Metabolism,Purine Metabolism
gene2098,PKM,Purine Metabolism,Purine Metabolism
gene2099,GUCY1A1,Purine Metabolism,Purine Metabolism
gene2100,GUK1,Purine Metabolism,Purine Metabolism
gene2101,GUCY2F,Purine Metabolism,Purine Metabolism
gene2102,ADK,Purine Metabolism,Purine Metabolism
gene2103,ITPA,Purine Metabolism,Purine Metabolism
gene2104,POLR1C,Purine Metabolism,Purine Metabolism
gene2105,URAD,Purine Metabolism,Purine Metabolism
gene2106,POLE4,Purine Metabolism,Purine Metabolism
gene2107,RRM1,Purine Metabolism,Purine Metabolism
gene2108,POLR3D,Purine Metabolism,Purine Metabolism
gene2109,RRM2,Purine Metabolism,Purine Metabolism
gene2110,NT5C3A,Purine Metabolism,Purine Metabolism
gene2111,PDE8B,Purine Metabolism,Purine Metabolism
gene2112,POLR3GL,Purine Metabolism,Purine Metabolism
gene2113,NT5E,Purine Metabolism,Purine Metabolism
gene2114,NPR2,Purine Metabolism,Purine Metabolism
gene2115,NPR1,Purine Metabolism,Purine Metabolism
gene2116,PDE10A,Purine Metabolism,Purine Metabolism
gene2117,ENTPD6,Purine Metabolism,Purine Metabolism
gene2118,ENTPD2,Purine Metabolism,Purine Metabolism
gene2119,ENTPD5,Purine Metabolism,Purine Metabolism
gene2120,ENTPD3,Purine Metabolism,Purine Metabolism
gene2121,NUDT5,Purine Metabolism,Purine Metabolism
gene2122,ENTPD1,Purine Metabolism,Purine Metabolism
gene2123,PFAS,Purine Metabolism,Purine Metabolism
gene2124,NT5C1B,Purine Metabolism,Purine Metabolism
gene2125,APRT,Purine Metabolism,Purine Metabolism
gene2126,PRPS1L1,Purine Metabolism,Purine Metabolism
gene2127,PPAT,Purine Metabolism,Purine Metabolism
gene2128,NME7,Purine Metabolism,Purine Metabolism
gene2129,NT5C,Purine Metabolism,Purine Metabolism
gene2130,ALLC,Purine Metabolism,Purine Metabolism
gene2131,POLR1H,Purine Metabolism,Purine Metabolism
gene2132,NT5C2,Pyrimidine Metabolism,Pyrimidine Metabolism
gene2133,POLR2G,Pyrimidine Metabolism,Pyrimidine Metabolism
gene2134,POLR2H,Pyrimidine Metabolism,Pyrimidine Metabolism
gene2135,POLR2E,Pyrimidine Metabolism,Pyrimidine Metabolism
gene2136,POLR2F,Pyrimidine Metabolism,Pyrimidine Metabolism
gene2137,POLR2I,Pyrimidine Metabolism,Pyrimidine Metabolism
gene2138,POLR2J,Pyrimidine Metabolism,Pyrimidine Metabolism
gene2139,POLE3,Pyrimidine Metabolism,Pyrimidine Metabolism
gene2140,TYMS,Pyrimidine Metabolism,Pyrimidine Metabolism
gene2141,TXNRD1,Pyrimidine Metabolism,Pyrimidine Metabolism
gene2142,NME6,Pyrimidine Metabolism,Pyrimidine Metabolism
gene2143,POLR1D,Pyrimidine Metabolism,Pyrimidine Metabolism
gene2144,PNPT1,Pyrimidine Metabolism,Pyrimidine Metabolism
gene2145,POLR2K,Pyrimidine Metabolism,Pyrimidine Metabolism
gene2146,DHODH,Pyrimidine Metabolism,Pyrimidine Metabolism
gene2147,POLD3,Pyrimidine Metabolism,Pyrimidine Metabolism
gene2148,POLR2L,Pyrimidine Metabolism,Pyrimidine Metabolism
gene2149,NME1-NME2,Pyrimidine Metabolism,Pyrimidine Metabolism
gene2150,POLA2,Pyrimidine Metabolism,Pyrimidine Metabolism
gene2151,UPRT,Pyrimidine Metabolism,Pyrimidine Metabolism
gene2152,CANT1,Pyrimidine Metabolism,Pyrimidine Metabolism
gene2153,NME4,Pyrimidine Metabolism,Pyrimidine Metabolism
gene2154,NME1,Pyrimidine Metabolism,Pyrimidine Metabolism
gene2155,NME2,Pyrimidine Metabolism,Pyrimidine Metabolism
gene2156,NME3,Pyrimidine Metabolism,Pyrimidine Metabolism
gene2157,POLR3C,Pyrimidine Metabolism,Pyrimidine Metabolism
gene2158,POLR3G,Pyrimidine Metabolism,Pyrimidine Metabolism
gene2159,POLR3F,Pyrimidine Metabolism,Pyrimidine Metabolism
gene2160,NUDT2,Pyrimidine Metabolism,Pyrimidine Metabolism
gene2161,PRIM1,Pyrimidine Metabolism,Pyrimidine Metabolism
gene2162,PRIM2,Pyrimidine Metabolism,Pyrimidine Metabolism
gene2163,NME5,Pyrimidine Metabolism,Pyrimidine Metabolism
gene2164,POLD4,Pyrimidine Metabolism,Pyrimidine Metabolism
gene2165,DTYMK,Pyrimidine Metabolism,Pyrimidine Metabolism
gene2166,CTPS1,Pyrimidine Metabolism,Pyrimidine Metabolism
gene2167,POLA1,Pyrimidine Metabolism,Pyrimidine Metabolism
gene2168,ENTPD8,Pyrimidine Metabolism,Pyrimidine Metabolism
gene2169,POLE2,Pyrimidine Metabolism,Pyrimidine Metabolism
gene2170,POLD1,Pyrimidine Metabolism,Pyrimidine Metabolism
gene2171,POLD2,Pyrimidine Metabolism,Pyrimidine Metabolism
gene2172,POLE,Pyrimidine Metabolism,Pyrimidine Metabolism
gene2173,CAD,Pyrimidine Metabolism,Pyrimidine Metabolism
gene2174,CMPK2,Pyrimidine Metabolism,Pyrimidine Metabolism
gene2175,POLR1E,Pyrimidine Metabolism,Pyrimidine Metabolism
gene2176,NT5C1A,Pyrimidine Metabolism,Pyrimidine Metabolism
gene2177,POLR3A,Pyrimidine Metabolism,Pyrimidine Metabolism
gene2178,DCTD,Pyrimidine Metabolism,Pyrimidine Metabolism
gene2179,POLR2B,Pyrimidine Metabolism,Pyrimidine Metabolism
gene2180,POLR2A,Pyrimidine Metabolism,Pyrimidine Metabolism
gene2181,DCK,Pyrimidine Metabolism,Pyrimidine Metabolism
gene2182,POLR2D,Pyrimidine Metabolism,Pyrimidine Metabolism
gene2183,POLR2C,Pyrimidine Metabolism,Pyrimidine Metabolism
gene2184,UCK1,Pyrimidine Metabolism,Pyrimidine Metabolism
gene2185,UPB1,Pyrimidine Metabolism,Pyrimidine Metabolism
gene2186,TXNRD2,Pyrimidine Metabolism,Pyrimidine Metabolism
gene2187,CMPK1,Pyrimidine Metabolism,Pyrimidine Metabolism
gene2188,POLR3K,Pyrimidine Metabolism,Pyrimidine Metabolism
gene2189,RRM2B,Pyrimidine Metabolism,Pyrimidine Metabolism
gene2190,PNP,Pyrimidine Metabolism,Pyrimidine Metabolism
gene2191,POLR1B,Pyrimidine Metabolism,Pyrimidine Metabolism
gene2192,UPP2,Pyrimidine Metabolism,Pyrimidine Metabolism
gene2193,CTPS2,Pyrimidine Metabolism,Pyrimidine Metabolism
gene2194,POLR2J2,Pyrimidine Metabolism,Pyrimidine Metabolism
gene2195,CDA,Pyrimidine Metabolism,Pyrimidine Metabolism
gene2196,NT5M,Pyrimidine Metabolism,Pyrimidine Metabolism
gene2197,DUT,Pyrimidine Metabolism,Pyrimidine Metabolism
gene2198,POLR3H,Pyrimidine Metabolism,Pyrimidine Metabolism
gene2199,UCKL1,Pyrimidine Metabolism,Pyrimidine Metabolism
gene2200,POLR2J3,Pyrimidine Metabolism,Pyrimidine Metabolism
gene2201,POLR1A,Pyrimidine Metabolism,Pyrimidine Metabolism
gene2202,POLR3B,Pyrimidine Metabolism,Pyrimidine Metabolism
gene2203,ENTPD4,Pyrimidine Metabolism,Pyrimidine Metabolism
gene2204,ITPA,Pyrimidine Metabolism,Pyrimidine Metabolism
gene2205,POLR1C,Pyrimidine Metabolism,Pyrimidine Metabolism
gene2206,POLE4,Pyrimidine Metabolism,Pyrimidine Metabolism
gene2207,RRM1,Pyrimidine Metabolism,Pyrimidine Metabolism
gene2208,RRM2,Pyrimidine Metabolism,Pyrimidine Metabolism
gene2209,POLR3D,Pyrimidine Metabolism,Pyrimidine Metabolism
gene2210,NT5C3A,Pyrimidine Metabolism,Pyrimidine Metabolism
gene2211,DPYS,Pyrimidine Metabolism,Pyrimidine Metabolism
gene2212,DPYD,Pyrimidine Metabolism,Pyrimidine Metabolism
gene2213,TYMP,Pyrimidine Metabolism,Pyrimidine Metabolism
gene2214,UMPS,Pyrimidine Metabolism,Pyrimidine Metabolism
gene2215,UCK2,Pyrimidine Metabolism,Pyrimidine Metabolism
gene2216,POLR3GL,Pyrimidine Metabolism,Pyrimidine Metabolism
gene2217,TK1,Pyrimidine Metabolism,Pyrimidine Metabolism
gene2218,NT5E,Pyrimidine Metabolism,Pyrimidine Metabolism
gene2219,TK2,Pyrimidine Metabolism,Pyrimidine Metabolism
gene2220,UPP1,Pyrimidine Metabolism,Pyrimidine Metabolism
gene2221,ENTPD6,Pyrimidine Metabolism,Pyrimidine Metabolism
gene2222,ENTPD5,Pyrimidine Metabolism,Pyrimidine Metabolism
gene2223,ENTPD3,Pyrimidine Metabolism,Pyrimidine Metabolism
gene2224,ENTPD1,Pyrimidine Metabolism,Pyrimidine Metabolism
gene2225,NT5C1B,Pyrimidine Metabolism,Pyrimidine Metabolism
gene2226,NT5C,Pyrimidine Metabolism,Pyrimidine Metabolism
gene2227,NME7,Pyrimidine Metabolism,Pyrimidine Metabolism
gene2228,AK3,Pyrimidine Metabolism,Pyrimidine Metabolism
gene2229,POLR1H,Pyrimidine Metabolism,Pyrimidine Metabolism
gene2230,GLUD2,Alanine Aspartate And Glutamate Metabolism,Alanine Aspartate And Glutamate Metabolism
gene2231,GFPT2,Alanine Aspartate And Glutamate Metabolism,Alanine Aspartate And Glutamate Metabolism
gene2232,AGXT2,Alanine Aspartate And Glutamate Metabolism,Alanine Aspartate And Glutamate Metabolism
gene2233,CPS1,Alanine Aspartate And Glutamate Metabolism,Alanine Aspartate And Glutamate Metabolism
gene2234,GLS2,Alanine Aspartate And Glutamate Metabolism,Alanine Aspartate And Glutamate Metabolism
gene2235,ABAT,Alanine Aspartate And Glutamate Metabolism,Alanine Aspartate And Glutamate Metabolism
gene2236,ADSS2,Alanine Aspartate And Glutamate Metabolism,Alanine Aspartate And Glutamate Metabolism
gene2237,ADSL,Alanine Aspartate And Glutamate Metabolism,Alanine Aspartate And Glutamate Metabolism
gene2238,GLUD1,Alanine Aspartate And Glutamate Metabolism,Alanine Aspartate And Glutamate Metabolism
gene2239,GLS,Alanine Aspartate And Glutamate Metabolism,Alanine Aspartate And Glutamate Metabolism
gene2240,ASL,Alanine Aspartate And Glutamate Metabolism,Alanine Aspartate And Glutamate Metabolism
gene2241,IL4I1,Alanine Aspartate And Glutamate Metabolism,Alanine Aspartate And Glutamate Metabolism
gene2242,GPT,Alanine Aspartate And Glutamate Metabolism,Alanine Aspartate And Glutamate Metabolism
gene2243,GFPT1,Alanine Aspartate And Glutamate Metabolism,Alanine Aspartate And Glutamate Metabolism
gene2244,GPT2,Alanine Aspartate And Glutamate Metabolism,Alanine Aspartate And Glutamate Metabolism
gene2245,DDO,Alanine Aspartate And Glutamate Metabolism,Alanine Aspartate And Glutamate Metabolism
gene2246,ADSS1,Alanine Aspartate And Glutamate Metabolism,Alanine Aspartate And Glutamate Metabolism
gene2247,ACY3,Alanine Aspartate And Glutamate Metabolism,Alanine Aspartate And Glutamate Metabolism
gene2248,GAD1,Alanine Aspartate And Glutamate Metabolism,Alanine Aspartate And Glutamate Metabolism
gene2249,GAD2,Alanine Aspartate And Glutamate Metabolism,Alanine Aspartate And Glutamate Metabolism
gene2250,GOT2,Alanine Aspartate And Glutamate Metabolism,Alanine Aspartate And Glutamate Metabolism
gene2251,AGXT,Alanine Aspartate And Glutamate Metabolism,Alanine Aspartate And Glutamate Metabolism
gene2252,GLUL,Alanine Aspartate And Glutamate Metabolism,Alanine Aspartate And Glutamate Metabolism
gene2253,NIT2,Alanine Aspartate And Glutamate Metabolism,Alanine Aspartate And Glutamate Metabolism
gene2254,GOT1,Alanine Aspartate And Glutamate Metabolism,Alanine Aspartate And Glutamate Metabolism
gene2255,ALDH4A1,Alanine Aspartate And Glutamate Metabolism,Alanine Aspartate And Glutamate Metabolism
gene2256,CAD,Alanine Aspartate And Glutamate Metabolism,Alanine Aspartate And Glutamate Metabolism
gene2257,ALDH5A1,Alanine Aspartate And Glutamate Metabolism,Alanine Aspartate And Glutamate Metabolism
gene2258,ASS1,Alanine Aspartate And Glutamate Metabolism,Alanine Aspartate And Glutamate Metabolism
gene2259,ASNS,Alanine Aspartate And Glutamate Metabolism,Alanine Aspartate And Glutamate Metabolism
gene2260,PPAT,Alanine Aspartate And Glutamate Metabolism,Alanine Aspartate And Glutamate Metabolism
gene2261,ASPA,Alanine Aspartate And Glutamate Metabolism,Alanine Aspartate And Glutamate Metabolism
gene2262,ALAS1,Glycine Serine And Threonine Metabolism,Glycine Serine And Threonine Metabolism
gene2263,ALAS2,Glycine Serine And Threonine Metabolism,Glycine Serine And Threonine Metabolism
gene2264,GLYCTK,Glycine Serine And Threonine Metabolism,Glycine Serine And Threonine Metabolism
gene2265,MAOB,Glycine Serine And Threonine Metabolism,Glycine Serine And Threonine Metabolism
gene2266,AGXT2,Glycine Serine And Threonine Metabolism,Glycine Serine And Threonine Metabolism
gene2267,MAOA,Glycine Serine And Threonine Metabolism,Glycine Serine And Threonine Metabolism
gene2268,AOC2,Glycine Serine And Threonine Metabolism,Glycine Serine And Threonine Metabolism
gene2269,GATM,Glycine Serine And Threonine Metabolism,Glycine Serine And Threonine Metabolism
gene2270,SDS,Glycine Serine And Threonine Metabolism,Glycine Serine And Threonine Metabolism
gene2271,AOC3,Glycine Serine And Threonine Metabolism,Glycine Serine And Threonine Metabolism
gene2272,GNMT,Glycine Serine And Threonine Metabolism,Glycine Serine And Threonine Metabolism
gene2273,SHMT1,Glycine Serine And Threonine Metabolism,Glycine Serine And Threonine Metabolism
gene2274,GCAT,Glycine Serine And Threonine Metabolism,Glycine Serine And Threonine Metabolism
gene2275,PHGDH,Glycine Serine And Threonine Metabolism,Glycine Serine And Threonine Metabolism
gene2276,DMGDH,Glycine Serine And Threonine Metabolism,Glycine Serine And Threonine Metabolism
gene2277,SHMT2,Glycine Serine And Threonine Metabolism,Glycine Serine And Threonine Metabolism
gene2278,SRR,Glycine Serine And Threonine Metabolism,Glycine Serine And Threonine Metabolism
gene2279,PSAT1,Glycine Serine And Threonine Metabolism,Glycine Serine And Threonine Metabolism
gene2280,BHMT,Glycine Serine And Threonine Metabolism,Glycine Serine And Threonine Metabolism
gene2281,GLDC,Glycine Serine And Threonine Metabolism,Glycine Serine And Threonine Metabolism
gene2282,DLD,Glycine Serine And Threonine Metabolism,Glycine Serine And Threonine Metabolism
gene2283,GAMT,Glycine Serine And Threonine Metabolism,Glycine Serine And Threonine Metabolism
gene2284,PSPH,Glycine Serine And Threonine Metabolism,Glycine Serine And Threonine Metabolism
gene2285,AGXT,Glycine Serine And Threonine Metabolism,Glycine Serine And Threonine Metabolism
gene2286,SARDH,Glycine Serine And Threonine Metabolism,Glycine Serine And Threonine Metabolism
gene2287,AMT,Glycine Serine And Threonine Metabolism,Glycine Serine And Threonine Metabolism
gene2288,CHDH,Glycine Serine And Threonine Metabolism,Glycine Serine And Threonine Metabolism
gene2289,CBS,Glycine Serine And Threonine Metabolism,Glycine Serine And Threonine Metabolism
gene2290,CTH,Glycine Serine And Threonine Metabolism,Glycine Serine And Threonine Metabolism
gene2291,PIPOX,Glycine Serine And Threonine Metabolism,Glycine Serine And Threonine Metabolism
gene2292,DAO,Glycine Serine And Threonine Metabolism,Glycine Serine And Threonine Metabolism
gene2293,AMD1,Cysteine And Methionine Metabolism,Cysteine And Methionine Metabolism
gene2294,SRM,Cysteine And Methionine Metabolism,Cysteine And Methionine Metabolism
gene2295,ADI1,Cysteine And Methionine Metabolism,Cysteine And Methionine Metabolism
gene2296,AHCY,Cysteine And Methionine Metabolism,Cysteine And Methionine Metabolism
gene2297,DNMT1,Cysteine And Methionine Metabolism,Cysteine And Methionine Metabolism
gene2298,SDS,Cysteine And Methionine Metabolism,Cysteine And Methionine Metabolism
gene2299,TRDMT1,Cysteine And Methionine Metabolism,Cysteine And Methionine Metabolism
gene2300,DNMT3A,Cysteine And Methionine Metabolism,Cysteine And Methionine Metabolism
gene2301,DNMT3B,Cysteine And Methionine Metabolism,Cysteine And Methionine Metabolism
gene2302,LDHC,Cysteine And Methionine Metabolism,Cysteine And Methionine Metabolism
gene2303,IL4I1,Cysteine And Methionine Metabolism,Cysteine And Methionine Metabolism
gene2304,SMS,Cysteine And Methionine Metabolism,Cysteine And Methionine Metabolism
gene2305,LDHB,Cysteine And Methionine Metabolism,Cysteine And Methionine Metabolism
gene2306,ENOPH1,Cysteine And Methionine Metabolism,Cysteine And Methionine Metabolism
gene2307,BHMT,Cysteine And Methionine Metabolism,Cysteine And Methionine Metabolism
gene2308,GOT2,Cysteine And Methionine Metabolism,Cysteine And Methionine Metabolism
gene2309,CDO1,Cysteine And Methionine Metabolism,Cysteine And Methionine Metabolism
gene2310,APIP,Cysteine And Methionine Metabolism,Cysteine And Methionine Metabolism
gene2311,GOT1,Cysteine And Methionine Metabolism,Cysteine And Methionine Metabolism
gene2312,LDHAL6B,Cysteine And Methionine Metabolism,Cysteine And Methionine Metabolism
gene2313,TAT,Cysteine And Methionine Metabolism,Cysteine And Methionine Metabolism
gene2314,AHCYL1,Cysteine And Methionine Metabolism,Cysteine And Methionine Metabolism
gene2315,MTAP,Cysteine And Methionine Metabolism,Cysteine And Methionine Metabolism
gene2316,MAT2B,Cysteine And Methionine Metabolism,Cysteine And Methionine Metabolism
gene2317,LDHA,Cysteine And Methionine Metabolism,Cysteine And Methionine Metabolism
gene2318,MTR,Cysteine And Methionine Metabolism,Cysteine And Methionine Metabolism
gene2319,CBS,Cysteine And Methionine Metabolism,Cysteine And Methionine Metabolism
gene2320,MAT1A,Cysteine And Methionine Metabolism,Cysteine And Methionine Metabolism
gene2321,AHCYL2,Cysteine And Methionine Metabolism,Cysteine And Methionine Metabolism
gene2322,CTH,Cysteine And Methionine Metabolism,Cysteine And Methionine Metabolism
gene2323,MAT2A,Cysteine And Methionine Metabolism,Cysteine And Methionine Metabolism
gene2324,MPST,Cysteine And Methionine Metabolism,Cysteine And Methionine Metabolism
gene2325,LDHAL6A,Cysteine And Methionine Metabolism,Cysteine And Methionine Metabolism
gene2326,DNMT3L,Cysteine And Methionine Metabolism,Cysteine And Methionine Metabolism
gene2327,AOX1,Valine Leucine And Isoleucine Degradation,Valine Leucine And Isoleucine Degradation
gene2328,ALDH1B1,Valine Leucine And Isoleucine Degradation,Valine Leucine And Isoleucine Degradation
gene2329,ACADS,Valine Leucine And Isoleucine Degradation,Valine Leucine And Isoleucine Degradation
gene2330,ACADSB,Valine Leucine And Isoleucine Degradation,Valine Leucine And Isoleucine Degradation
gene2331,ABAT,Valine Leucine And Isoleucine Degradation,Valine Leucine And Isoleucine Degradation
gene2332,ALDH2,Valine Leucine And Isoleucine Degradation,Valine Leucine And Isoleucine Degradation
gene2333,ACADM,Valine Leucine And Isoleucine Degradation,Valine Leucine And Isoleucine Degradation
gene2334,ACAT2,Valine Leucine And Isoleucine Degradation,Valine Leucine And Isoleucine Degradation
gene2335,HSD17B10,Valine Leucine And Isoleucine Degradation,Valine Leucine And Isoleucine Degradation
gene2336,ACAT1,Valine Leucine And Isoleucine Degradation,Valine Leucine And Isoleucine Degradation
gene2337,OXCT1,Valine Leucine And Isoleucine Degradation,Valine Leucine And Isoleucine Degradation
gene2338,ACAA2,Valine Leucine And Isoleucine Degradation,Valine Leucine And Isoleucine Degradation
gene2339,IL4I1,Valine Leucine And Isoleucine Degradation,Valine Leucine And Isoleucine Degradation
gene2340,HADH,Valine Leucine And Isoleucine Degradation,Valine Leucine And Isoleucine Degradation
gene2341,MCEE,Valine Leucine And Isoleucine Degradation,Valine Leucine And Isoleucine Degradation
gene2342,HADHB,Valine Leucine And Isoleucine Degradation,Valine Leucine And Isoleucine Degradation
gene2343,DBT,Valine Leucine And Isoleucine Degradation,Valine Leucine And Isoleucine Degradation
gene2344,HADHA,Valine Leucine And Isoleucine Degradation,Valine Leucine And Isoleucine Degradation
gene2345,ALDH6A1,Valine Leucine And Isoleucine Degradation,Valine Leucine And Isoleucine Degradation
gene2346,HMGCL,Valine Leucine And Isoleucine Degradation,Valine Leucine And Isoleucine Degradation
gene2347,IVD,Valine Leucine And Isoleucine Degradation,Valine Leucine And Isoleucine Degradation
gene2348,BCKDHB,Valine Leucine And Isoleucine Degradation,Valine Leucine And Isoleucine Degradation
gene2349,ACAD8,Valine Leucine And Isoleucine Degradation,Valine Leucine And Isoleucine Degradation
gene2350,ECHS1,Valine Leucine And Isoleucine Degradation,Valine Leucine And Isoleucine Degradation
gene2351,ALDH9A1,Valine Leucine And Isoleucine Degradation,Valine Leucine And Isoleucine Degradation
gene2352,ALDH3A2,Valine Leucine And Isoleucine Degradation,Valine Leucine And Isoleucine Degradation
gene2353,PCCB,Valine Leucine And Isoleucine Degradation,Valine Leucine And Isoleucine Degradation
gene2354,HIBCH,Valine Leucine And Isoleucine Degradation,Valine Leucine And Isoleucine Degradation
gene2355,DLD,Valine Leucine And Isoleucine Degradation,Valine Leucine And Isoleucine Degradation
gene2356,HMGCS2,Valine Leucine And Isoleucine Degradation,Valine Leucine And Isoleucine Degradation
gene2357,EHHADH,Valine Leucine And Isoleucine Degradation,Valine Leucine And Isoleucine Degradation
gene2358,HMGCS1,Valine Leucine And Isoleucine Degradation,Valine Leucine And Isoleucine Degradation
gene2359,PCCA,Valine Leucine And Isoleucine Degradation,Valine Leucine And Isoleucine Degradation
gene2360,ALDH7A1,Valine Leucine And Isoleucine Degradation,Valine Leucine And Isoleucine Degradation
gene2361,HIBADH,Valine Leucine And Isoleucine Degradation,Valine Leucine And Isoleucine Degradation
gene2362,ACAA1,Valine Leucine And Isoleucine Degradation,Valine Leucine And Isoleucine Degradation
gene2363,OXCT2,Valine Leucine And Isoleucine Degradation,Valine Leucine And Isoleucine Degradation
gene2364,MMUT,Valine Leucine And Isoleucine Degradation,Valine Leucine And Isoleucine Degradation
gene2365,MCCC2,Valine Leucine And Isoleucine Degradation,Valine Leucine And Isoleucine Degradation
gene2366,BCAT1,Valine Leucine And Isoleucine Degradation,Valine Leucine And Isoleucine Degradation
gene2367,AUH,Valine Leucine And Isoleucine Degradation,Valine Leucine And Isoleucine Degradation
gene2368,BCAT2,Valine Leucine And Isoleucine Degradation,Valine Leucine And Isoleucine Degradation
gene2369,BCKDHA,Valine Leucine And Isoleucine Degradation,Valine Leucine And Isoleucine Degradation
gene2370,MCCC1,Valine Leucine And Isoleucine Degradation,Valine Leucine And Isoleucine Degradation
gene2371,PDHB,Valine Leucine And Isoleucine Biosynthesis,Valine Leucine And Isoleucine Biosynthesis
gene2372,VARS2,Valine Leucine And Isoleucine Biosynthesis,Valine Leucine And Isoleucine Biosynthesis
gene2373,IARS2,Valine Leucine And Isoleucine Biosynthesis,Valine Leucine And Isoleucine Biosynthesis
gene2374,PDHA1,Valine Leucine And Isoleucine Biosynthesis,Valine Leucine And Isoleucine Biosynthesis
gene2375,PDHA2,Valine Leucine And Isoleucine Biosynthesis,Valine Leucine And Isoleucine Biosynthesis
gene2376,LARS1,Valine Leucine And Isoleucine Biosynthesis,Valine Leucine And Isoleucine Biosynthesis
gene2377,LARS2,Valine Leucine And Isoleucine Biosynthesis,Valine Leucine And Isoleucine Biosynthesis
gene2378,VARS1,Valine Leucine And Isoleucine Biosynthesis,Valine Leucine And Isoleucine Biosynthesis
gene2379,BCAT1,Valine Leucine And Isoleucine Biosynthesis,Valine Leucine And Isoleucine Biosynthesis
gene2380,BCAT2,Valine Leucine And Isoleucine Biosynthesis,Valine Leucine And Isoleucine Biosynthesis
gene2381,IARS1,Valine Leucine And Isoleucine Biosynthesis,Valine Leucine And Isoleucine Biosynthesis
gene2382,SUV39H2,Lysine Degradation,Lysine Degradation
gene2383,AASDHPPT,Lysine Degradation,Lysine Degradation
gene2384,DLST,Lysine Degradation,Lysine Degradation
gene2385,ALDH1B1,Lysine Degradation,Lysine Degradation
gene2386,AASDH,Lysine Degradation,Lysine Degradation
gene2387,ALDH2,Lysine Degradation,Lysine Degradation
gene2388,ACAT2,Lysine Degradation,Lysine Degradation
gene2389,PLOD2,Lysine Degradation,Lysine Degradation
gene2390,PLOD1,Lysine Degradation,Lysine Degradation
gene2391,TMLHE,Lysine Degradation,Lysine Degradation
gene2392,EHMT2,Lysine Degradation,Lysine Degradation
gene2393,ACAT1,Lysine Degradation,Lysine Degradation
gene2394,KMT5A,Lysine Degradation,Lysine Degradation
gene2395,HADH,Lysine Degradation,Lysine Degradation
gene2396,SETMAR,Lysine Degradation,Lysine Degradation
gene2397,OGDH,Lysine Degradation,Lysine Degradation
gene2398,HADHA,Lysine Degradation,Lysine Degradation
gene2399,BBOX1,Lysine Degradation,Lysine Degradation
gene2400,AASS,Lysine Degradation,Lysine Degradation
gene2401,ECHS1,Lysine Degradation,Lysine Degradation
gene2402,ALDH9A1,Lysine Degradation,Lysine Degradation
gene2403,ALDH3A2,Lysine Degradation,Lysine Degradation
gene2404,KMT5B,Lysine Degradation,Lysine Degradation
gene2405,SUV39H1,Lysine Degradation,Lysine Degradation
gene2406,ASH1L,Lysine Degradation,Lysine Degradation
gene2407,SETD1B,Lysine Degradation,Lysine Degradation
gene2408,DOT1L,Lysine Degradation,Lysine Degradation
gene2409,NSD2,Lysine Degradation,Lysine Degradation
gene2410,EHHADH,Lysine Degradation,Lysine Degradation
gene2411,OGDHL,Lysine Degradation,Lysine Degradation
gene2412,SETD1A,Lysine Degradation,Lysine Degradation
gene2413,GCDH,Lysine Degradation,Lysine Degradation
gene2414,KMT5C,Lysine Degradation,Lysine Degradation
gene2415,SETD7,Lysine Degradation,Lysine Degradation
gene2416,ALDH7A1,Lysine Degradation,Lysine Degradation
gene2417,NSD3,Lysine Degradation,Lysine Degradation
gene2418,EHMT1,Lysine Degradation,Lysine Degradation
gene2419,SETDB1,Lysine Degradation,Lysine Degradation
gene2420,AADAT,Lysine Degradation,Lysine Degradation
gene2421,SETD2,Lysine Degradation,Lysine Degradation
gene2422,SETDB2,Lysine Degradation,Lysine Degradation
gene2423,PLOD3,Lysine Degradation,Lysine Degradation
gene2424,NSD1,Lysine Degradation,Lysine Degradation
gene2425,PIPOX,Lysine Degradation,Lysine Degradation
gene2426,SRM,Arginine And Proline Metabolism,Arginine And Proline Metabolism
gene2427,AZIN2,Arginine And Proline Metabolism,Arginine And Proline Metabolism
gene2428,GLUD2,Arginine And Proline Metabolism,Arginine And Proline Metabolism
gene2429,GLS2,Arginine And Proline Metabolism,Arginine And Proline Metabolism
gene2430,ARG1,Arginine And Proline Metabolism,Arginine And Proline Metabolism
gene2431,ARG2,Arginine And Proline Metabolism,Arginine And Proline Metabolism
gene2432,GLUD1,Arginine And Proline Metabolism,Arginine And Proline Metabolism
gene2433,GLS,Arginine And Proline Metabolism,Arginine And Proline Metabolism
gene2434,ASL,Arginine And Proline Metabolism,Arginine And Proline Metabolism
gene2435,CKMT1A,Arginine And Proline Metabolism,Arginine And Proline Metabolism
gene2436,P4HA2,Arginine And Proline Metabolism,Arginine And Proline Metabolism
gene2437,SMS,Arginine And Proline Metabolism,Arginine And Proline Metabolism
gene2438,CKB,Arginine And Proline Metabolism,Arginine And Proline Metabolism
gene2439,NOS3,Arginine And Proline Metabolism,Arginine And Proline Metabolism
gene2440,NOS2,Arginine And Proline Metabolism,Arginine And Proline Metabolism
gene2441,NOS1,Arginine And Proline Metabolism,Arginine And Proline Metabolism
gene2442,GOT2,Arginine And Proline Metabolism,Arginine And Proline Metabolism
gene2443,GLUL,Arginine And Proline Metabolism,Arginine And Proline Metabolism
gene2444,P4HA1,Arginine And Proline Metabolism,Arginine And Proline Metabolism
gene2445,AOC1,Arginine And Proline Metabolism,Arginine And Proline Metabolism
gene2446,ALDH7A1,Arginine And Proline Metabolism,Arginine And Proline Metabolism
gene2447,LAP3,Arginine And Proline Metabolism,Arginine And Proline Metabolism
gene2448,AGMAT,Arginine And Proline Metabolism,Arginine And Proline Metabolism
gene2449,GOT1,Arginine And Proline Metabolism,Arginine And Proline Metabolism
gene2450,PYCR1,Arginine And Proline Metabolism,Arginine And Proline Metabolism
gene2451,ASS1,Arginine And Proline Metabolism,Arginine And Proline Metabolism
gene2452,ALDH18A1,Arginine And Proline Metabolism,Arginine And Proline Metabolism
gene2453,SAT1,Arginine And Proline Metabolism,Arginine And Proline Metabolism
gene2454,NAGS,Arginine And Proline Metabolism,Arginine And Proline Metabolism
gene2455,DAO,Arginine And Proline Metabolism,Arginine And Proline Metabolism
gene2456,AMD1,Arginine And Proline Metabolism,Arginine And Proline Metabolism
gene2457,MAOB,Arginine And Proline Metabolism,Arginine And Proline Metabolism
gene2458,MAOA,Arginine And Proline Metabolism,Arginine And Proline Metabolism
gene2459,CPS1,Arginine And Proline Metabolism,Arginine And Proline Metabolism
gene2460,P4HA3,Arginine And Proline Metabolism,Arginine And Proline Metabolism
gene2461,ALDH1B1,Arginine And Proline Metabolism,Arginine And Proline Metabolism
gene2462,GATM,Arginine And Proline Metabolism,Arginine And Proline Metabolism
gene2463,ALDH2,Arginine And Proline Metabolism,Arginine And Proline Metabolism
gene2464,OTC,Arginine And Proline Metabolism,Arginine And Proline Metabolism
gene2465,PRODH2,Arginine And Proline Metabolism,Arginine And Proline Metabolism
gene2466,OAT,Arginine And Proline Metabolism,Arginine And Proline Metabolism
gene2467,CKM,Arginine And Proline Metabolism,Arginine And Proline Metabolism
gene2468,ACY1,Arginine And Proline Metabolism,Arginine And Proline Metabolism
gene2469,SAT2,Arginine And Proline Metabolism,Arginine And Proline Metabolism
gene2470,ALDH9A1,Arginine And Proline Metabolism,Arginine And Proline Metabolism
gene2471,ALDH3A2,Arginine And Proline Metabolism,Arginine And Proline Metabolism
gene2472,CKMT1B,Arginine And Proline Metabolism,Arginine And Proline Metabolism
gene2473,PYCR3,Arginine And Proline Metabolism,Arginine And Proline Metabolism
gene2474,GAMT,Arginine And Proline Metabolism,Arginine And Proline Metabolism
gene2475,PRODH,Arginine And Proline Metabolism,Arginine And Proline Metabolism
gene2476,ALDH4A1,Arginine And Proline Metabolism,Arginine And Proline Metabolism
gene2477,CKMT2,Arginine And Proline Metabolism,Arginine And Proline Metabolism
gene2478,PYCR2,Arginine And Proline Metabolism,Arginine And Proline Metabolism
gene2479,ODC1,Arginine And Proline Metabolism,Arginine And Proline Metabolism
gene2480,CNDP1,Histidine Metabolism,Histidine Metabolism
gene2481,MAOB,Histidine Metabolism,Histidine Metabolism
gene2482,MAOA,Histidine Metabolism,Histidine Metabolism
gene2483,ALDH1B1,Histidine Metabolism,Histidine Metabolism
gene2484,ALDH2,Histidine Metabolism,Histidine Metabolism
gene2485,METTL6,Histidine Metabolism,Histidine Metabolism
gene2486,ALDH3A1,Histidine Metabolism,Histidine Metabolism
gene2487,BUD23,Histidine Metabolism,Histidine Metabolism
gene2488,HAL,Histidine Metabolism,Histidine Metabolism
gene2489,HNMT,Histidine Metabolism,Histidine Metabolism
gene2490,DDC,Histidine Metabolism,Histidine Metabolism
gene2491,ACY3,Histidine Metabolism,Histidine Metabolism
gene2492,ALDH1A3,Histidine Metabolism,Histidine Metabolism
gene2493,METTL2B,Histidine Metabolism,Histidine Metabolism
gene2494,ALDH3B1,Histidine Metabolism,Histidine Metabolism
gene2495,ALDH3B2,Histidine Metabolism,Histidine Metabolism
gene2496,ALDH9A1,Histidine Metabolism,Histidine Metabolism
gene2497,ALDH3A2,Histidine Metabolism,Histidine Metabolism
gene2498,HEMK1,Histidine Metabolism,Histidine Metabolism
gene2499,LCMT2,Histidine Metabolism,Histidine Metabolism
gene2500,UROC1,Histidine Metabolism,Histidine Metabolism
gene2501,TRMT11,Histidine Metabolism,Histidine Metabolism
gene2502,AOC1,Histidine Metabolism,Histidine Metabolism
gene2503,ALDH7A1,Histidine Metabolism,Histidine Metabolism
gene2504,FTCD,Histidine Metabolism,Histidine Metabolism
gene2505,AMDHD1,Histidine Metabolism,Histidine Metabolism
gene2506,ASPA,Histidine Metabolism,Histidine Metabolism
gene2507,LCMT1,Histidine Metabolism,Histidine Metabolism
gene2508,HDC,Histidine Metabolism,Histidine Metabolism
gene2509,MAOB,Tyrosine Metabolism,Tyrosine Metabolism
gene2510,MAOA,Tyrosine Metabolism,Tyrosine Metabolism
gene2511,HPD,Tyrosine Metabolism,Tyrosine Metabolism
gene2512,AOX1,Tyrosine Metabolism,Tyrosine Metabolism
gene2513,AOC2,Tyrosine Metabolism,Tyrosine Metabolism
gene2514,TYR,Tyrosine Metabolism,Tyrosine Metabolism
gene2515,HGD,Tyrosine Metabolism,Tyrosine Metabolism
gene2516,METTL6,Tyrosine Metabolism,Tyrosine Metabolism
gene2517,ALDH3A1,Tyrosine Metabolism,Tyrosine Metabolism
gene2518,COMT,Tyrosine Metabolism,Tyrosine Metabolism
gene2519,AOC3,Tyrosine Metabolism,Tyrosine Metabolism
gene2520,BUD23,Tyrosine Metabolism,Tyrosine Metabolism
gene2521,IL4I1,Tyrosine Metabolism,Tyrosine Metabolism
gene2522,GSTZ1,Tyrosine Metabolism,Tyrosine Metabolism
gene2523,DDC,Tyrosine Metabolism,Tyrosine Metabolism
gene2524,ADH7,Tyrosine Metabolism,Tyrosine Metabolism
gene2525,DBH,Tyrosine Metabolism,Tyrosine Metabolism
gene2526,ADH6,Tyrosine Metabolism,Tyrosine Metabolism
gene2527,METTL2B,Tyrosine Metabolism,Tyrosine Metabolism
gene2528,ADH1B,Tyrosine Metabolism,Tyrosine Metabolism
gene2529,ALDH1A3,Tyrosine Metabolism,Tyrosine Metabolism
gene2530,ADH1C,Tyrosine Metabolism,Tyrosine Metabolism
gene2531,ALDH3B1,Tyrosine Metabolism,Tyrosine Metabolism
gene2532,ADH4,Tyrosine Metabolism,Tyrosine Metabolism
gene2533,ALDH3B2,Tyrosine Metabolism,Tyrosine Metabolism
gene2534,ADH5,Tyrosine Metabolism,Tyrosine Metabolism
gene2535,HEMK1,Tyrosine Metabolism,Tyrosine Metabolism
gene2536,ADH1A,Tyrosine Metabolism,Tyrosine Metabolism
gene2537,GOT2,Tyrosine Metabolism,Tyrosine Metabolism
gene2538,LCMT2,Tyrosine Metabolism,Tyrosine Metabolism
gene2539,TRMT11,Tyrosine Metabolism,Tyrosine Metabolism
gene2540,GOT1,Tyrosine Metabolism,Tyrosine Metabolism
gene2541,TYRP1,Tyrosine Metabolism,Tyrosine Metabolism
gene2542,TAT,Tyrosine Metabolism,Tyrosine Metabolism
gene2543,MIF,Tyrosine Metabolism,Tyrosine Metabolism
gene2544,NAA80,Tyrosine Metabolism,Tyrosine Metabolism
gene2545,PNMT,Tyrosine Metabolism,Tyrosine Metabolism
gene2546,DCT,Tyrosine Metabolism,Tyrosine Metabolism
gene2547,LCMT1,Tyrosine Metabolism,Tyrosine Metabolism
gene2548,TPO,Tyrosine Metabolism,Tyrosine Metabolism
gene2549,TH,Tyrosine Metabolism,Tyrosine Metabolism
gene2550,FAH,Tyrosine Metabolism,Tyrosine Metabolism
gene2551,ALDH1A3,Phenylalanine Metabolism,Phenylalanine Metabolism
gene2552,ALDH3B1,Phenylalanine Metabolism,Phenylalanine Metabolism
gene2553,ALDH3B2,Phenylalanine Metabolism,Phenylalanine Metabolism
gene2554,MAOB,Phenylalanine Metabolism,Phenylalanine Metabolism
gene2555,MAOA,Phenylalanine Metabolism,Phenylalanine Metabolism
gene2556,HPD,Phenylalanine Metabolism,Phenylalanine Metabolism
gene2557,GOT2,Phenylalanine Metabolism,Phenylalanine Metabolism
gene2558,AOC2,Phenylalanine Metabolism,Phenylalanine Metabolism
gene2559,ALDH3A1,Phenylalanine Metabolism,Phenylalanine Metabolism
gene2560,AOC3,Phenylalanine Metabolism,Phenylalanine Metabolism
gene2561,PAH,Phenylalanine Metabolism,Phenylalanine Metabolism
gene2562,GOT1,Phenylalanine Metabolism,Phenylalanine Metabolism
gene2563,PRDX6,Phenylalanine Metabolism,Phenylalanine Metabolism
gene2564,TAT,Phenylalanine Metabolism,Phenylalanine Metabolism
gene2565,MIF,Phenylalanine Metabolism,Phenylalanine Metabolism
gene2566,NAA80,Phenylalanine Metabolism,Phenylalanine Metabolism
gene2567,IL4I1,Phenylalanine Metabolism,Phenylalanine Metabolism
gene2568,DDC,Phenylalanine Metabolism,Phenylalanine Metabolism
gene2569,MAOB,Tryptophan Metabolism,Tryptophan Metabolism
gene2570,MAOA,Tryptophan Metabolism,Tryptophan Metabolism
gene2571,IDO2,Tryptophan Metabolism,Tryptophan Metabolism
gene2572,AOX1,Tryptophan Metabolism,Tryptophan Metabolism
gene2573,ALDH1B1,Tryptophan Metabolism,Tryptophan Metabolism
gene2574,AANAT,Tryptophan Metabolism,Tryptophan Metabolism
gene2575,ALDH2,Tryptophan Metabolism,Tryptophan Metabolism
gene2576,WARS1,Tryptophan Metabolism,Tryptophan Metabolism
gene2577,IDO1,Tryptophan Metabolism,Tryptophan Metabolism
gene2578,CAT,Tryptophan Metabolism,Tryptophan Metabolism
gene2579,ACAT2,Tryptophan Metabolism,Tryptophan Metabolism
gene2580,ACAT1,Tryptophan Metabolism,Tryptophan Metabolism
gene2581,IL4I1,Tryptophan Metabolism,Tryptophan Metabolism
gene2582,HADH,Tryptophan Metabolism,Tryptophan Metabolism
gene2583,OGDH,Tryptophan Metabolism,Tryptophan Metabolism
gene2584,TPH1,Tryptophan Metabolism,Tryptophan Metabolism
gene2585,HADHA,Tryptophan Metabolism,Tryptophan Metabolism
gene2586,DDC,Tryptophan Metabolism,Tryptophan Metabolism
gene2587,AFMID,Tryptophan Metabolism,Tryptophan Metabolism
gene2588,CYP1A1,Tryptophan Metabolism,Tryptophan Metabolism
gene2589,CYP1A2,Tryptophan Metabolism,Tryptophan Metabolism
gene2590,CYP1B1,Tryptophan Metabolism,Tryptophan Metabolism
gene2591,ASMT,Tryptophan Metabolism,Tryptophan Metabolism
gene2592,ECHS1,Tryptophan Metabolism,Tryptophan Metabolism
gene2593,ALDH9A1,Tryptophan Metabolism,Tryptophan Metabolism
gene2594,KMO,Tryptophan Metabolism,Tryptophan Metabolism
gene2595,ALDH3A2,Tryptophan Metabolism,Tryptophan Metabolism
gene2596,WARS2,Tryptophan Metabolism,Tryptophan Metabolism
gene2597,EHHADH,Tryptophan Metabolism,Tryptophan Metabolism
gene2598,OGDHL,Tryptophan Metabolism,Tryptophan Metabolism
gene2599,GCDH,Tryptophan Metabolism,Tryptophan Metabolism
gene2600,ALDH7A1,Tryptophan Metabolism,Tryptophan Metabolism
gene2601,AOC1,Tryptophan Metabolism,Tryptophan Metabolism
gene2602,INMT,Tryptophan Metabolism,Tryptophan Metabolism
gene2603,TDO2,Tryptophan Metabolism,Tryptophan Metabolism
gene2604,HAAO,Tryptophan Metabolism,Tryptophan Metabolism
gene2605,KYNU,Tryptophan Metabolism,Tryptophan Metabolism
gene2606,AADAT,Tryptophan Metabolism,Tryptophan Metabolism
gene2607,TPH2,Tryptophan Metabolism,Tryptophan Metabolism
gene2608,ACMSD,Tryptophan Metabolism,Tryptophan Metabolism
gene2609,CNDP1,Beta Alanine Metabolism,Beta Alanine Metabolism
gene2610,SRM,Beta Alanine Metabolism,Beta Alanine Metabolism
gene2611,ECHS1,Beta Alanine Metabolism,Beta Alanine Metabolism
gene2612,ALDH9A1,Beta Alanine Metabolism,Beta Alanine Metabolism
gene2613,ALDH3A2,Beta Alanine Metabolism,Beta Alanine Metabolism
gene2614,GAD1,Beta Alanine Metabolism,Beta Alanine Metabolism
gene2615,GAD2,Beta Alanine Metabolism,Beta Alanine Metabolism
gene2616,AOC2,Beta Alanine Metabolism,Beta Alanine Metabolism
gene2617,ALDH1B1,Beta Alanine Metabolism,Beta Alanine Metabolism
gene2618,HIBCH,Beta Alanine Metabolism,Beta Alanine Metabolism
gene2619,ABAT,Beta Alanine Metabolism,Beta Alanine Metabolism
gene2620,EHHADH,Beta Alanine Metabolism,Beta Alanine Metabolism
gene2621,ALDH2,Beta Alanine Metabolism,Beta Alanine Metabolism
gene2622,ACADM,Beta Alanine Metabolism,Beta Alanine Metabolism
gene2623,UPB1,Beta Alanine Metabolism,Beta Alanine Metabolism
gene2624,ALDH7A1,Beta Alanine Metabolism,Beta Alanine Metabolism
gene2625,AOC3,Beta Alanine Metabolism,Beta Alanine Metabolism
gene2626,DPYS,Beta Alanine Metabolism,Beta Alanine Metabolism
gene2627,DPYD,Beta Alanine Metabolism,Beta Alanine Metabolism
gene2628,MLYCD,Beta Alanine Metabolism,Beta Alanine Metabolism
gene2629,HADHA,Beta Alanine Metabolism,Beta Alanine Metabolism
gene2630,SMS,Beta Alanine Metabolism,Beta Alanine Metabolism
gene2631,GGT7,Taurine And Hypotaurine Metabolism,Taurine And Hypotaurine Metabolism
gene2632,CSAD,Taurine And Hypotaurine Metabolism,Taurine And Hypotaurine Metabolism
gene2633,GGT5,Taurine And Hypotaurine Metabolism,Taurine And Hypotaurine Metabolism
gene2634,GGT1,Taurine And Hypotaurine Metabolism,Taurine And Hypotaurine Metabolism
gene2635,GAD1,Taurine And Hypotaurine Metabolism,Taurine And Hypotaurine Metabolism
gene2636,BAAT,Taurine And Hypotaurine Metabolism,Taurine And Hypotaurine Metabolism
gene2637,GAD2,Taurine And Hypotaurine Metabolism,Taurine And Hypotaurine Metabolism
gene2638,GGT6,Taurine And Hypotaurine Metabolism,Taurine And Hypotaurine Metabolism
gene2639,CDO1,Taurine And Hypotaurine Metabolism,Taurine And Hypotaurine Metabolism
gene2640,ADO,Taurine And Hypotaurine Metabolism,Taurine And Hypotaurine Metabolism
gene2641,METTL6,Selenoamino Acid Metabolism,Selenoamino Acid Metabolism
gene2642,AHCY,Selenoamino Acid Metabolism,Selenoamino Acid Metabolism
gene2643,BUD23,Selenoamino Acid Metabolism,Selenoamino Acid Metabolism
gene2644,SEPHS1,Selenoamino Acid Metabolism,Selenoamino Acid Metabolism
gene2645,GGT1,Selenoamino Acid Metabolism,Selenoamino Acid Metabolism
gene2646,SEPHS2,Selenoamino Acid Metabolism,Selenoamino Acid Metabolism
gene2647,METTL2B,Selenoamino Acid Metabolism,Selenoamino Acid Metabolism
gene2648,HEMK1,Selenoamino Acid Metabolism,Selenoamino Acid Metabolism
gene2649,GGT6,Selenoamino Acid Metabolism,Selenoamino Acid Metabolism
gene2650,LCMT2,Selenoamino Acid Metabolism,Selenoamino Acid Metabolism
gene2651,PAPSS1,Selenoamino Acid Metabolism,Selenoamino Acid Metabolism
gene2652,PAPSS2,Selenoamino Acid Metabolism,Selenoamino Acid Metabolism
gene2653,TRMT11,Selenoamino Acid Metabolism,Selenoamino Acid Metabolism
gene2654,MARS2,Selenoamino Acid Metabolism,Selenoamino Acid Metabolism
gene2655,SCLY,Selenoamino Acid Metabolism,Selenoamino Acid Metabolism
gene2656,AHCYL1,Selenoamino Acid Metabolism,Selenoamino Acid Metabolism
gene2657,GGT7,Selenoamino Acid Metabolism,Selenoamino Acid Metabolism
gene2658,GGT5,Selenoamino Acid Metabolism,Selenoamino Acid Metabolism
gene2659,MAT2B,Selenoamino Acid Metabolism,Selenoamino Acid Metabolism
gene2660,MAT1A,Selenoamino Acid Metabolism,Selenoamino Acid Metabolism
gene2661,LCMT1,Selenoamino Acid Metabolism,Selenoamino Acid Metabolism
gene2662,CBS,Selenoamino Acid Metabolism,Selenoamino Acid Metabolism
gene2663,AHCYL2,Selenoamino Acid Metabolism,Selenoamino Acid Metabolism
gene2664,CTH,Selenoamino Acid Metabolism,Selenoamino Acid Metabolism
gene2665,MAT2A,Selenoamino Acid Metabolism,Selenoamino Acid Metabolism
gene2666,MARS1,Selenoamino Acid Metabolism,Selenoamino Acid Metabolism
gene2667,SRM,Glutathione Metabolism,Glutathione Metabolism
gene2668,GGT1,Glutathione Metabolism,Glutathione Metabolism
gene2669,GSTP1,Glutathione Metabolism,Glutathione Metabolism
gene2670,GSTT2,Glutathione Metabolism,Glutathione Metabolism
gene2671,GSTT1,Glutathione Metabolism,Glutathione Metabolism
gene2672,GSTZ1,Glutathione Metabolism,Glutathione Metabolism
gene2673,RRM2B,Glutathione Metabolism,Glutathione Metabolism
gene2674,SMS,Glutathione Metabolism,Glutathione Metabolism
gene2675,PGD,Glutathione Metabolism,Glutathione Metabolism
gene2676,GSTO1,Glutathione Metabolism,Glutathione Metabolism
gene2677,GSTA5,Glutathione Metabolism,Glutathione Metabolism
gene2678,MGST2,Glutathione Metabolism,Glutathione Metabolism
gene2679,LAP3,Glutathione Metabolism,Glutathione Metabolism
gene2680,MGST1,Glutathione Metabolism,Glutathione Metabolism
gene2681,MGST3,Glutathione Metabolism,Glutathione Metabolism
gene2682,GSTA3,Glutathione Metabolism,Glutathione Metabolism
gene2683,GSTM1,Glutathione Metabolism,Glutathione Metabolism
gene2684,GPX7,Glutathione Metabolism,Glutathione Metabolism
gene2685,GSTA4,Glutathione Metabolism,Glutathione Metabolism
gene2686,GPX6,Glutathione Metabolism,Glutathione Metabolism
gene2687,GSTM4,Glutathione Metabolism,Glutathione Metabolism
gene2688,GGCT,Glutathione Metabolism,Glutathione Metabolism
gene2689,GSTM3,Glutathione Metabolism,Glutathione Metabolism
gene2690,GSTM2,Glutathione Metabolism,Glutathione Metabolism
gene2691,GSTM5,Glutathione Metabolism,Glutathione Metabolism
gene2692,GSTA1,Glutathione Metabolism,Glutathione Metabolism
gene2693,GSTA2,Glutathione Metabolism,Glutathione Metabolism
gene2694,GSR,Glutathione Metabolism,Glutathione Metabolism
gene2695,GSS,Glutathione Metabolism,Glutathione Metabolism
gene2696,RRM1,Glutathione Metabolism,Glutathione Metabolism
gene2697,RRM2,Glutathione Metabolism,Glutathione Metabolism
gene2698,GCLC,Glutathione Metabolism,Glutathione Metabolism
gene2699,GSTK1,Glutathione Metabolism,Glutathione Metabolism
gene2700,GPX5,Glutathione Metabolism,Glutathione Metabolism
gene2701,TXNDC12,Glutathione Metabolism,Glutathione Metabolism
gene2702,GPX1,Glutathione Metabolism,Glutathione Metabolism
gene2703,GPX2,Glutathione Metabolism,Glutathione Metabolism
gene2704,GPX3,Glutathione Metabolism,Glutathione Metabolism
gene2705,IDH2,Glutathione Metabolism,Glutathione Metabolism
gene2706,GPX4,Glutathione Metabolism,Glutathione Metabolism
gene2707,IDH1,Glutathione Metabolism,Glutathione Metabolism
gene2708,OPLAH,Glutathione Metabolism,Glutathione Metabolism
gene2709,GCLM,Glutathione Metabolism,Glutathione Metabolism
gene2710,GGT6,Glutathione Metabolism,Glutathione Metabolism
gene2711,ANPEP,Glutathione Metabolism,Glutathione Metabolism
gene2712,GGT7,Glutathione Metabolism,Glutathione Metabolism
gene2713,GSTO2,Glutathione Metabolism,Glutathione Metabolism
gene2714,GGT5,Glutathione Metabolism,Glutathione Metabolism
gene2715,G6PD,Glutathione Metabolism,Glutathione Metabolism
gene2716,ODC1,Glutathione Metabolism,Glutathione Metabolism
gene2717,ENPP3,Starch And Sucrose Metabolism,Starch And Sucrose Metabolism
gene2718,GCK,Starch And Sucrose Metabolism,Starch And Sucrose Metabolism
gene2719,ENPP1,Starch And Sucrose Metabolism,Starch And Sucrose Metabolism
gene2720,AMY2B,Starch And Sucrose Metabolism,Starch And Sucrose Metabolism
gene2721,UGT2B28,Starch And Sucrose Metabolism,Starch And Sucrose Metabolism
gene2722,PGM2,Starch And Sucrose Metabolism,Starch And Sucrose Metabolism
gene2723,UXS1,Starch And Sucrose Metabolism,Starch And Sucrose Metabolism
gene2724,UGDH,Starch And Sucrose Metabolism,Starch And Sucrose Metabolism
gene2725,MGAM,Starch And Sucrose Metabolism,Starch And Sucrose Metabolism
gene2726,GYS1,Starch And Sucrose Metabolism,Starch And Sucrose Metabolism
gene2727,GYS2,Starch And Sucrose Metabolism,Starch And Sucrose Metabolism
gene2728,HK2,Starch And Sucrose Metabolism,Starch And Sucrose Metabolism
gene2729,HK3,Starch And Sucrose Metabolism,Starch And Sucrose Metabolism
gene2730,HK1,Starch And Sucrose Metabolism,Starch And Sucrose Metabolism
gene2731,GBA3,Starch And Sucrose Metabolism,Starch And Sucrose Metabolism
gene2732,GUSB,Starch And Sucrose Metabolism,Starch And Sucrose Metabolism
gene2733,TREH,Starch And Sucrose Metabolism,Starch And Sucrose Metabolism
gene2734,AMY1A,Starch And Sucrose Metabolism,Starch And Sucrose Metabolism
gene2735,AMY1B,Starch And Sucrose Metabolism,Starch And Sucrose Metabolism
gene2736,AMY1C,Starch And Sucrose Metabolism,Starch And Sucrose Metabolism
gene2737,AMY2A,Starch And Sucrose Metabolism,Starch And Sucrose Metabolism
gene2738,UGT2B11,Starch And Sucrose Metabolism,Starch And Sucrose Metabolism
gene2739,PYGB,Starch And Sucrose Metabolism,Starch And Sucrose Metabolism
gene2740,PYGM,Starch And Sucrose Metabolism,Starch And Sucrose Metabolism
gene2741,PYGL,Starch And Sucrose Metabolism,Starch And Sucrose Metabolism
gene2742,UGT2A3,Starch And Sucrose Metabolism,Starch And Sucrose Metabolism
gene2743,UGT1A4,Starch And Sucrose Metabolism,Starch And Sucrose Metabolism
gene2744,UGT1A1,Starch And Sucrose Metabolism,Starch And Sucrose Metabolism
gene2745,UGT1A3,Starch And Sucrose Metabolism,Starch And Sucrose Metabolism
gene2746,UGT1A10,Starch And Sucrose Metabolism,Starch And Sucrose Metabolism
gene2747,UGT1A8,Starch And Sucrose Metabolism,Starch And Sucrose Metabolism
gene2748,UGT1A7,Starch And Sucrose Metabolism,Starch And Sucrose Metabolism
gene2749,UGT1A6,Starch And Sucrose Metabolism,Starch And Sucrose Metabolism
gene2750,PGM2L1,Starch And Sucrose Metabolism,Starch And Sucrose Metabolism
gene2751,AGL,Starch And Sucrose Metabolism,Starch And Sucrose Metabolism
gene2752,UGT1A5,Starch And Sucrose Metabolism,Starch And Sucrose Metabolism
gene2753,SI,Starch And Sucrose Metabolism,Starch And Sucrose Metabolism
gene2754,UGT2A1,Starch And Sucrose Metabolism,Starch And Sucrose Metabolism
gene2755,GBE1,Starch And Sucrose Metabolism,Starch And Sucrose Metabolism
gene2756,UGT1A9,Starch And Sucrose Metabolism,Starch And Sucrose Metabolism
gene2757,G6PC2,Starch And Sucrose Metabolism,Starch And Sucrose Metabolism
gene2758,GANC,Starch And Sucrose Metabolism,Starch And Sucrose Metabolism
gene2759,G6PC1,Starch And Sucrose Metabolism,Starch And Sucrose Metabolism
gene2760,UGP2,Starch And Sucrose Metabolism,Starch And Sucrose Metabolism
gene2761,PGM1,Starch And Sucrose Metabolism,Starch And Sucrose Metabolism
gene2762,UGT2B10,Starch And Sucrose Metabolism,Starch And Sucrose Metabolism
gene2763,UGT2B7,Starch And Sucrose Metabolism,Starch And Sucrose Metabolism
gene2764,UGT2B4,Starch And Sucrose Metabolism,Starch And Sucrose Metabolism
gene2765,GAA,Starch And Sucrose Metabolism,Starch And Sucrose Metabolism
gene2766,GPI,Starch And Sucrose Metabolism,Starch And Sucrose Metabolism
gene2767,UGT2B17,Starch And Sucrose Metabolism,Starch And Sucrose Metabolism
gene2768,UGT2B15,Starch And Sucrose Metabolism,Starch And Sucrose Metabolism
gene2769,MPI,Amino Sugar And Nucleotide Sugar Metabolism,Amino Sugar And Nucleotide Sugar Metabolism
gene2770,GCK,Amino Sugar And Nucleotide Sugar Metabolism,Amino Sugar And Nucleotide Sugar Metabolism
gene2771,GFPT2,Amino Sugar And Nucleotide Sugar Metabolism,Amino Sugar And Nucleotide Sugar Metabolism
gene2772,GALK1,Amino Sugar And Nucleotide Sugar Metabolism,Amino Sugar And Nucleotide Sugar Metabolism
gene2773,GALE,Amino Sugar And Nucleotide Sugar Metabolism,Amino Sugar And Nucleotide Sugar Metabolism
gene2774,PMM2,Amino Sugar And Nucleotide Sugar Metabolism,Amino Sugar And Nucleotide Sugar Metabolism
gene2775,PGM2,Amino Sugar And Nucleotide Sugar Metabolism,Amino Sugar And Nucleotide Sugar Metabolism
gene2776,PMM1,Amino Sugar And Nucleotide Sugar Metabolism,Amino Sugar And Nucleotide Sugar Metabolism
gene2777,AMDHD2,Amino Sugar And Nucleotide Sugar Metabolism,Amino Sugar And Nucleotide Sugar Metabolism
gene2778,GNPDA2,Amino Sugar And Nucleotide Sugar Metabolism,Amino Sugar And Nucleotide Sugar Metabolism
gene2779,GMDS,Amino Sugar And Nucleotide Sugar Metabolism,Amino Sugar And Nucleotide Sugar Metabolism
gene2780,UXS1,Amino Sugar And Nucleotide Sugar Metabolism,Amino Sugar And Nucleotide Sugar Metabolism
gene2781,GNPNAT1,Amino Sugar And Nucleotide Sugar Metabolism,Amino Sugar And Nucleotide Sugar Metabolism
gene2782,NANS,Amino Sugar And Nucleotide Sugar Metabolism,Amino Sugar And Nucleotide Sugar Metabolism
gene2783,UGDH,Amino Sugar And Nucleotide Sugar Metabolism,Amino Sugar And Nucleotide Sugar Metabolism
gene2784,CYB5R3,Amino Sugar And Nucleotide Sugar Metabolism,Amino Sugar And Nucleotide Sugar Metabolism
gene2785,GFPT1,Amino Sugar And Nucleotide Sugar Metabolism,Amino Sugar And Nucleotide Sugar Metabolism
gene2786,FCSK,Amino Sugar And Nucleotide Sugar Metabolism,Amino Sugar And Nucleotide Sugar Metabolism
gene2787,NANP,Amino Sugar And Nucleotide Sugar Metabolism,Amino Sugar And Nucleotide Sugar Metabolism
gene2788,CYB5R1,Amino Sugar And Nucleotide Sugar Metabolism,Amino Sugar And Nucleotide Sugar Metabolism
gene2789,FPGT,Amino Sugar And Nucleotide Sugar Metabolism,Amino Sugar And Nucleotide Sugar Metabolism
gene2790,HEXB,Amino Sugar And Nucleotide Sugar Metabolism,Amino Sugar And Nucleotide Sugar Metabolism
gene2791,HEXA,Amino Sugar And Nucleotide Sugar Metabolism,Amino Sugar And Nucleotide Sugar Metabolism
gene2792,HK2,Amino Sugar And Nucleotide Sugar Metabolism,Amino Sugar And Nucleotide Sugar Metabolism
gene2793,HK1,Amino Sugar And Nucleotide Sugar Metabolism,Amino Sugar And Nucleotide Sugar Metabolism
gene2794,HK3,Amino Sugar And Nucleotide Sugar Metabolism,Amino Sugar And Nucleotide Sugar Metabolism
gene2795,GALT,Amino Sugar And Nucleotide Sugar Metabolism,Amino Sugar And Nucleotide Sugar Metabolism
gene2796,GNE,Amino Sugar And Nucleotide Sugar Metabolism,Amino Sugar And Nucleotide Sugar Metabolism
gene2797,NAGK,Amino Sugar And Nucleotide Sugar Metabolism,Amino Sugar And Nucleotide Sugar Metabolism
gene2798,CHIT1,Amino Sugar And Nucleotide Sugar Metabolism,Amino Sugar And Nucleotide Sugar Metabolism
gene2799,UAP1,Amino Sugar And Nucleotide Sugar Metabolism,Amino Sugar And Nucleotide Sugar Metabolism
gene2800,RENBP,Amino Sugar And Nucleotide Sugar Metabolism,Amino Sugar And Nucleotide Sugar Metabolism
gene2801,CHIA,Amino Sugar And Nucleotide Sugar Metabolism,Amino Sugar And Nucleotide Sugar Metabolism
gene2802,NPL,Amino Sugar And Nucleotide Sugar Metabolism,Amino Sugar And Nucleotide Sugar Metabolism
gene2803,UGP2,Amino Sugar And Nucleotide Sugar Metabolism,Amino Sugar And Nucleotide Sugar Metabolism
gene2804,GALK2,Amino Sugar And Nucleotide Sugar Metabolism,Amino Sugar And Nucleotide Sugar Metabolism
gene2805,GFUS,Amino Sugar And Nucleotide Sugar Metabolism,Amino Sugar And Nucleotide Sugar Metabolism
gene2806,PGM1,Amino Sugar And Nucleotide Sugar Metabolism,Amino Sugar And Nucleotide Sugar Metabolism
gene2807,CMAS,Amino Sugar And Nucleotide Sugar Metabolism,Amino Sugar And Nucleotide Sugar Metabolism
gene2808,PGM3,Amino Sugar And Nucleotide Sugar Metabolism,Amino Sugar And Nucleotide Sugar Metabolism
gene2809,GNPDA1,Amino Sugar And Nucleotide Sugar Metabolism,Amino Sugar And Nucleotide Sugar Metabolism
gene2810,GMPPA,Amino Sugar And Nucleotide Sugar Metabolism,Amino Sugar And Nucleotide Sugar Metabolism
gene2811,GPI,Amino Sugar And Nucleotide Sugar Metabolism,Amino Sugar And Nucleotide Sugar Metabolism
gene2812,GMPPB,Amino Sugar And Nucleotide Sugar Metabolism,Amino Sugar And Nucleotide Sugar Metabolism
gene2813,DSE,Glycosaminoglycan Biosynthesis Chondroitin Sulfate,Glycosaminoglycan Biosynthesis Chondroitin Sulfate
gene2814,B3GALT6,Glycosaminoglycan Biosynthesis Chondroitin Sulfate,Glycosaminoglycan Biosynthesis Chondroitin Sulfate
gene2815,CHPF,Glycosaminoglycan Biosynthesis Chondroitin Sulfate,Glycosaminoglycan Biosynthesis Chondroitin Sulfate
gene2816,XYLT1,Glycosaminoglycan Biosynthesis Chondroitin Sulfate,Glycosaminoglycan Biosynthesis Chondroitin Sulfate
gene2817,CHSY3,Glycosaminoglycan Biosynthesis Chondroitin Sulfate,Glycosaminoglycan Biosynthesis Chondroitin Sulfate
gene2818,XYLT2,Glycosaminoglycan Biosynthesis Chondroitin Sulfate,Glycosaminoglycan Biosynthesis Chondroitin Sulfate
gene2819,CHST14,Glycosaminoglycan Biosynthesis Chondroitin Sulfate,Glycosaminoglycan Biosynthesis Chondroitin Sulfate
gene2820,B3GAT1,Glycosaminoglycan Biosynthesis Chondroitin Sulfate,Glycosaminoglycan Biosynthesis Chondroitin Sulfate
gene2821,CHSY1,Glycosaminoglycan Biosynthesis Chondroitin Sulfate,Glycosaminoglycan Biosynthesis Chondroitin Sulfate
gene2822,CHST11,Glycosaminoglycan Biosynthesis Chondroitin Sulfate,Glycosaminoglycan Biosynthesis Chondroitin Sulfate
gene2823,CHPF2,Glycosaminoglycan Biosynthesis Chondroitin Sulfate,Glycosaminoglycan Biosynthesis Chondroitin Sulfate
gene2824,CHST15,Glycosaminoglycan Biosynthesis Chondroitin Sulfate,Glycosaminoglycan Biosynthesis Chondroitin Sulfate
gene2825,B4GALT7,Glycosaminoglycan Biosynthesis Chondroitin Sulfate,Glycosaminoglycan Biosynthesis Chondroitin Sulfate
gene2826,CHST7,Glycosaminoglycan Biosynthesis Chondroitin Sulfate,Glycosaminoglycan Biosynthesis Chondroitin Sulfate
gene2827,UST,Glycosaminoglycan Biosynthesis Chondroitin Sulfate,Glycosaminoglycan Biosynthesis Chondroitin Sulfate
gene2828,CHST13,Glycosaminoglycan Biosynthesis Chondroitin Sulfate,Glycosaminoglycan Biosynthesis Chondroitin Sulfate
gene2829,CSGALNACT2,Glycosaminoglycan Biosynthesis Chondroitin Sulfate,Glycosaminoglycan Biosynthesis Chondroitin Sulfate
gene2830,B3GAT2,Glycosaminoglycan Biosynthesis Chondroitin Sulfate,Glycosaminoglycan Biosynthesis Chondroitin Sulfate
gene2831,CSGALNACT1,Glycosaminoglycan Biosynthesis Chondroitin Sulfate,Glycosaminoglycan Biosynthesis Chondroitin Sulfate
gene2832,CHST3,Glycosaminoglycan Biosynthesis Chondroitin Sulfate,Glycosaminoglycan Biosynthesis Chondroitin Sulfate
gene2833,CHST12,Glycosaminoglycan Biosynthesis Chondroitin Sulfate,Glycosaminoglycan Biosynthesis Chondroitin Sulfate
gene2834,B3GAT3,Glycosaminoglycan Biosynthesis Chondroitin Sulfate,Glycosaminoglycan Biosynthesis Chondroitin Sulfate
gene2835,HS3ST5,Glycosaminoglycan Biosynthesis Heparan Sulfate,Glycosaminoglycan Biosynthesis Heparan Sulfate
gene2836,EXT2,Glycosaminoglycan Biosynthesis Heparan Sulfate,Glycosaminoglycan Biosynthesis Heparan Sulfate
gene2837,EXT1,Glycosaminoglycan Biosynthesis Heparan Sulfate,Glycosaminoglycan Biosynthesis Heparan Sulfate
gene2838,NDST3,Glycosaminoglycan Biosynthesis Heparan Sulfate,Glycosaminoglycan Biosynthesis Heparan Sulfate
gene2839,XYLT1,Glycosaminoglycan Biosynthesis Heparan Sulfate,Glycosaminoglycan Biosynthesis Heparan Sulfate
gene2840,XYLT2,Glycosaminoglycan Biosynthesis Heparan Sulfate,Glycosaminoglycan Biosynthesis Heparan Sulfate
gene2841,B3GAT1,Glycosaminoglycan Biosynthesis Heparan Sulfate,Glycosaminoglycan Biosynthesis Heparan Sulfate
gene2842,NDST1,Glycosaminoglycan Biosynthesis Heparan Sulfate,Glycosaminoglycan Biosynthesis Heparan Sulfate
gene2843,GLCE,Glycosaminoglycan Biosynthesis Heparan Sulfate,Glycosaminoglycan Biosynthesis Heparan Sulfate
gene2844,HS3ST3B1,Glycosaminoglycan Biosynthesis Heparan Sulfate,Glycosaminoglycan Biosynthesis Heparan Sulfate
gene2845,HS2ST1,Glycosaminoglycan Biosynthesis Heparan Sulfate,Glycosaminoglycan Biosynthesis Heparan Sulfate
gene2846,HS6ST2,Glycosaminoglycan Biosynthesis Heparan Sulfate,Glycosaminoglycan Biosynthesis Heparan Sulfate
gene2847,B3GAT3,Glycosaminoglycan Biosynthesis Heparan Sulfate,Glycosaminoglycan Biosynthesis Heparan Sulfate
gene2848,HS3ST1,Glycosaminoglycan Biosynthesis Heparan Sulfate,Glycosaminoglycan Biosynthesis Heparan Sulfate
gene2849,B3GALT6,Glycosaminoglycan Biosynthesis Heparan Sulfate,Glycosaminoglycan Biosynthesis Heparan Sulfate
gene2850,HS3ST2,Glycosaminoglycan Biosynthesis Heparan Sulfate,Glycosaminoglycan Biosynthesis Heparan Sulfate
gene2851,HS6ST1,Glycosaminoglycan Biosynthesis Heparan Sulfate,Glycosaminoglycan Biosynthesis Heparan Sulfate
gene2852,HS3ST3A1,Glycosaminoglycan Biosynthesis Heparan Sulfate,Glycosaminoglycan Biosynthesis Heparan Sulfate
gene2853,NDST2,Glycosaminoglycan Biosynthesis Heparan Sulfate,Glycosaminoglycan Biosynthesis Heparan Sulfate
gene2854,NDST4,Glycosaminoglycan Biosynthesis Heparan Sulfate,Glycosaminoglycan Biosynthesis Heparan Sulfate
gene2855,HS6ST3,Glycosaminoglycan Biosynthesis Heparan Sulfate,Glycosaminoglycan Biosynthesis Heparan Sulfate
gene2856,B4GALT7,Glycosaminoglycan Biosynthesis Heparan Sulfate,Glycosaminoglycan Biosynthesis Heparan Sulfate
gene2857,B3GAT2,Glycosaminoglycan Biosynthesis Heparan Sulfate,Glycosaminoglycan Biosynthesis Heparan Sulfate
gene2858,EXTL1,Glycosaminoglycan Biosynthesis Heparan Sulfate,Glycosaminoglycan Biosynthesis Heparan Sulfate
gene2859,EXTL2,Glycosaminoglycan Biosynthesis Heparan Sulfate,Glycosaminoglycan Biosynthesis Heparan Sulfate
gene2860,EXTL3,Glycosaminoglycan Biosynthesis Heparan Sulfate,Glycosaminoglycan Biosynthesis Heparan Sulfate
gene2861,PLCB2,Inositol Phosphate Metabolism,Inositol Phosphate Metabolism
gene2862,PLCB1,Inositol Phosphate Metabolism,Inositol Phosphate Metabolism
gene2863,INPP1,Inositol Phosphate Metabolism,Inositol Phosphate Metabolism
gene2864,IPMK,Inositol Phosphate Metabolism,Inositol Phosphate Metabolism
gene2865,PLCD1,Inositol Phosphate Metabolism,Inositol Phosphate Metabolism
gene2866,PLCB3,Inositol Phosphate Metabolism,Inositol Phosphate Metabolism
gene2867,PLCB4,Inositol Phosphate Metabolism,Inositol Phosphate Metabolism
gene2868,MIOX,Inositol Phosphate Metabolism,Inositol Phosphate Metabolism
gene2869,TPI1,Inositol Phosphate Metabolism,Inositol Phosphate Metabolism
gene2870,INPP5A,Inositol Phosphate Metabolism,Inositol Phosphate Metabolism
gene2871,INPP5B,Inositol Phosphate Metabolism,Inositol Phosphate Metabolism
gene2872,INPP4A,Inositol Phosphate Metabolism,Inositol Phosphate Metabolism
gene2873,INPPL1,Inositol Phosphate Metabolism,Inositol Phosphate Metabolism
gene2874,SYNJ2,Inositol Phosphate Metabolism,Inositol Phosphate Metabolism
gene2875,PIP4K2B,Inositol Phosphate Metabolism,Inositol Phosphate Metabolism
gene2876,PLCD3,Inositol Phosphate Metabolism,Inositol Phosphate Metabolism
gene2877,PIKFYVE,Inositol Phosphate Metabolism,Inositol Phosphate Metabolism
gene2878,IMPA1,Inositol Phosphate Metabolism,Inositol Phosphate Metabolism
gene2879,IMPA2,Inositol Phosphate Metabolism,Inositol Phosphate Metabolism
gene2880,PIP5K1A,Inositol Phosphate Metabolism,Inositol Phosphate Metabolism
gene2881,PIP5K1B,Inositol Phosphate Metabolism,Inositol Phosphate Metabolism
gene2882,ISYNA1,Inositol Phosphate Metabolism,Inositol Phosphate Metabolism
gene2883,INPP5J,Inositol Phosphate Metabolism,Inositol Phosphate Metabolism
gene2884,INPP5K,Inositol Phosphate Metabolism,Inositol Phosphate Metabolism
gene2885,SYNJ1,Inositol Phosphate Metabolism,Inositol Phosphate Metabolism
gene2886,PLCD4,Inositol Phosphate Metabolism,Inositol Phosphate Metabolism
gene2887,ITPKA,Inositol Phosphate Metabolism,Inositol Phosphate Metabolism
gene2888,ITPKB,Inositol Phosphate Metabolism,Inositol Phosphate Metabolism
gene2889,ITPK1,Inositol Phosphate Metabolism,Inositol Phosphate Metabolism
gene2890,CDIPT,Inositol Phosphate Metabolism,Inositol Phosphate Metabolism
gene2891,INPP4B,Inositol Phosphate Metabolism,Inositol Phosphate Metabolism
gene2892,PLCE1,Inositol Phosphate Metabolism,Inositol Phosphate Metabolism
gene2893,ALDH6A1,Inositol Phosphate Metabolism,Inositol Phosphate Metabolism
gene2894,PIP5K1C,Inositol Phosphate Metabolism,Inositol Phosphate Metabolism
gene2895,PIK3C3,Inositol Phosphate Metabolism,Inositol Phosphate Metabolism
gene2896,PIK3C2B,Inositol Phosphate Metabolism,Inositol Phosphate Metabolism
gene2897,PIK3C2G,Inositol Phosphate Metabolism,Inositol Phosphate Metabolism
gene2898,PIP4K2A,Inositol Phosphate Metabolism,Inositol Phosphate Metabolism
gene2899,PIK3C2A,Inositol Phosphate Metabolism,Inositol Phosphate Metabolism
gene2900,PTEN,Inositol Phosphate Metabolism,Inositol Phosphate Metabolism
gene2901,PIP4K2C,Inositol Phosphate Metabolism,Inositol Phosphate Metabolism
gene2902,MINPP1,Inositol Phosphate Metabolism,Inositol Phosphate Metabolism
gene2903,IPPK,Inositol Phosphate Metabolism,Inositol Phosphate Metabolism
gene2904,PIK3CA,Inositol Phosphate Metabolism,Inositol Phosphate Metabolism
gene2905,PIK3CB,Inositol Phosphate Metabolism,Inositol Phosphate Metabolism
gene2906,PIK3CD,Inositol Phosphate Metabolism,Inositol Phosphate Metabolism
gene2907,PLCG1,Inositol Phosphate Metabolism,Inositol Phosphate Metabolism
gene2908,PLCG2,Inositol Phosphate Metabolism,Inositol Phosphate Metabolism
gene2909,PLCZ1,Inositol Phosphate Metabolism,Inositol Phosphate Metabolism
gene2910,PI4KB,Inositol Phosphate Metabolism,Inositol Phosphate Metabolism
gene2911,PIK3CG,Inositol Phosphate Metabolism,Inositol Phosphate Metabolism
gene2912,INPP5E,Inositol Phosphate Metabolism,Inositol Phosphate Metabolism
gene2913,OCRL,Inositol Phosphate Metabolism,Inositol Phosphate Metabolism
gene2914,PI4KA,Inositol Phosphate Metabolism,Inositol Phosphate Metabolism
gene2915,ACSS2,Pyruvate Metabolism,Pyruvate Metabolism
gene2916,PCK2,Pyruvate Metabolism,Pyruvate Metabolism
gene2917,ME3,Pyruvate Metabolism,Pyruvate Metabolism
gene2918,GRHPR,Pyruvate Metabolism,Pyruvate Metabolism
gene2919,PDHB,Pyruvate Metabolism,Pyruvate Metabolism
gene2920,PCK1,Pyruvate Metabolism,Pyruvate Metabolism
gene2921,PDHA1,Pyruvate Metabolism,Pyruvate Metabolism
gene2922,ALDH1B1,Pyruvate Metabolism,Pyruvate Metabolism
gene2923,PDHA2,Pyruvate Metabolism,Pyruvate Metabolism
gene2924,HAGH,Pyruvate Metabolism,Pyruvate Metabolism
gene2925,ALDH2,Pyruvate Metabolism,Pyruvate Metabolism
gene2926,ACAT2,Pyruvate Metabolism,Pyruvate Metabolism
gene2927,ACAT1,Pyruvate Metabolism,Pyruvate Metabolism
gene2928,LDHC,Pyruvate Metabolism,Pyruvate Metabolism
gene2929,LDHD,Pyruvate Metabolism,Pyruvate Metabolism
gene2930,HAGHL,Pyruvate Metabolism,Pyruvate Metabolism
gene2931,ACSS1,Pyruvate Metabolism,Pyruvate Metabolism
gene2932,LDHB,Pyruvate Metabolism,Pyruvate Metabolism
gene2933,ACYP2,Pyruvate Metabolism,Pyruvate Metabolism
gene2934,ME1,Pyruvate Metabolism,Pyruvate Metabolism
gene2935,ACYP1,Pyruvate Metabolism,Pyruvate Metabolism
gene2936,ALDH9A1,Pyruvate Metabolism,Pyruvate Metabolism
gene2937,ALDH3A2,Pyruvate Metabolism,Pyruvate Metabolism
gene2938,ME2,Pyruvate Metabolism,Pyruvate Metabolism
gene2939,DLD,Pyruvate Metabolism,Pyruvate Metabolism
gene2940,MDH2,Pyruvate Metabolism,Pyruvate Metabolism
gene2941,DLAT,Pyruvate Metabolism,Pyruvate Metabolism
gene2942,MDH1,Pyruvate Metabolism,Pyruvate Metabolism
gene2943,ALDH7A1,Pyruvate Metabolism,Pyruvate Metabolism
gene2944,PC,Pyruvate Metabolism,Pyruvate Metabolism
gene2945,GLO1,Pyruvate Metabolism,Pyruvate Metabolism
gene2946,LDHAL6B,Pyruvate Metabolism,Pyruvate Metabolism
gene2947,LDHA,Pyruvate Metabolism,Pyruvate Metabolism
gene2948,ACACB,Pyruvate Metabolism,Pyruvate Metabolism
gene2949,ACACA,Pyruvate Metabolism,Pyruvate Metabolism
gene2950,PKLR,Pyruvate Metabolism,Pyruvate Metabolism
gene2951,AKR1B1,Pyruvate Metabolism,Pyruvate Metabolism
gene2952,LDHAL6A,Pyruvate Metabolism,Pyruvate Metabolism
gene2953,PKM,Pyruvate Metabolism,Pyruvate Metabolism
gene2954,ACOT12,Pyruvate Metabolism,Pyruvate Metabolism
gene2955,ACO1,Glyoxylate And Dicarboxylate Metabolism,Glyoxylate And Dicarboxylate Metabolism
gene2956,GLYCTK,Glyoxylate And Dicarboxylate Metabolism,Glyoxylate And Dicarboxylate Metabolism
gene2957,MTHFD2,Glyoxylate And Dicarboxylate Metabolism,Glyoxylate And Dicarboxylate Metabolism
gene2958,GRHPR,Glyoxylate And Dicarboxylate Metabolism,Glyoxylate And Dicarboxylate Metabolism
gene2959,CS,Glyoxylate And Dicarboxylate Metabolism,Glyoxylate And Dicarboxylate Metabolism
gene2960,HAO1,Glyoxylate And Dicarboxylate Metabolism,Glyoxylate And Dicarboxylate Metabolism
gene2961,MDH2,Glyoxylate And Dicarboxylate Metabolism,Glyoxylate And Dicarboxylate Metabolism
gene2962,MDH1,Glyoxylate And Dicarboxylate Metabolism,Glyoxylate And Dicarboxylate Metabolism
gene2963,MTHFD2L,Glyoxylate And Dicarboxylate Metabolism,Glyoxylate And Dicarboxylate Metabolism
gene2964,PGP,Glyoxylate And Dicarboxylate Metabolism,Glyoxylate And Dicarboxylate Metabolism
gene2965,MTHFD1L,Glyoxylate And Dicarboxylate Metabolism,Glyoxylate And Dicarboxylate Metabolism
gene2966,MTHFD1,Glyoxylate And Dicarboxylate Metabolism,Glyoxylate And Dicarboxylate Metabolism
gene2967,HAO2,Glyoxylate And Dicarboxylate Metabolism,Glyoxylate And Dicarboxylate Metabolism
gene2968,AFMID,Glyoxylate And Dicarboxylate Metabolism,Glyoxylate And Dicarboxylate Metabolism
gene2969,HYI,Glyoxylate And Dicarboxylate Metabolism,Glyoxylate And Dicarboxylate Metabolism
gene2970,ACO2,Glyoxylate And Dicarboxylate Metabolism,Glyoxylate And Dicarboxylate Metabolism
gene2971,ACSS2,Propanoate Metabolism,Propanoate Metabolism
gene2972,ALDH1B1,Propanoate Metabolism,Propanoate Metabolism
gene2973,ABAT,Propanoate Metabolism,Propanoate Metabolism
gene2974,SUCLG2P2,Propanoate Metabolism,Propanoate Metabolism
gene2975,ALDH2,Propanoate Metabolism,Propanoate Metabolism
gene2976,ACADM,Propanoate Metabolism,Propanoate Metabolism
gene2977,ACAT2,Propanoate Metabolism,Propanoate Metabolism
gene2978,ACAT1,Propanoate Metabolism,Propanoate Metabolism
gene2979,LDHC,Propanoate Metabolism,Propanoate Metabolism
gene2980,MCEE,Propanoate Metabolism,Propanoate Metabolism
gene2981,HADHA,Propanoate Metabolism,Propanoate Metabolism
gene2982,ALDH6A1,Propanoate Metabolism,Propanoate Metabolism
gene2983,ACSS1,Propanoate Metabolism,Propanoate Metabolism
gene2984,LDHB,Propanoate Metabolism,Propanoate Metabolism
gene2985,ECHS1,Propanoate Metabolism,Propanoate Metabolism
gene2986,ALDH9A1,Propanoate Metabolism,Propanoate Metabolism
gene2987,ALDH3A2,Propanoate Metabolism,Propanoate Metabolism
gene2988,PCCB,Propanoate Metabolism,Propanoate Metabolism
gene2989,HIBCH,Propanoate Metabolism,Propanoate Metabolism
gene2990,EHHADH,Propanoate Metabolism,Propanoate Metabolism
gene2991,PCCA,Propanoate Metabolism,Propanoate Metabolism
gene2992,ALDH7A1,Propanoate Metabolism,Propanoate Metabolism
gene2993,LDHAL6B,Propanoate Metabolism,Propanoate Metabolism
gene2994,SUCLG1,Propanoate Metabolism,Propanoate Metabolism
gene2995,MLYCD,Propanoate Metabolism,Propanoate Metabolism
gene2996,LDHA,Propanoate Metabolism,Propanoate Metabolism
gene2997,SUCLA2,Propanoate Metabolism,Propanoate Metabolism
gene2998,ACACB,Propanoate Metabolism,Propanoate Metabolism
gene2999,MMUT,Propanoate Metabolism,Propanoate Metabolism
gene3000,SUCLG2,Propanoate Metabolism,Propanoate Metabolism
gene3001,ACACA,Propanoate Metabolism,Propanoate Metabolism
gene3002,ACSS3,Propanoate Metabolism,Propanoate Metabolism
gene3003,LDHAL6A,Propanoate Metabolism,Propanoate Metabolism
gene3004,AACS,Butanoate Metabolism,Butanoate Metabolism
gene3005,PDHB,Butanoate Metabolism,Butanoate Metabolism
gene3006,ALDH1B1,Butanoate Metabolism,Butanoate Metabolism
gene3007,ACADS,Butanoate Metabolism,Butanoate Metabolism
gene3008,PDHA1,Butanoate Metabolism,Butanoate Metabolism
gene3009,ABAT,Butanoate Metabolism,Butanoate Metabolism
gene3010,PDHA2,Butanoate Metabolism,Butanoate Metabolism
gene3011,ALDH2,Butanoate Metabolism,Butanoate Metabolism
gene3012,ACAT2,Butanoate Metabolism,Butanoate Metabolism
gene3013,ACAT1,Butanoate Metabolism,Butanoate Metabolism
gene3014,OXCT1,Butanoate Metabolism,Butanoate Metabolism
gene3015,HADH,Butanoate Metabolism,Butanoate Metabolism
gene3016,BDH1,Butanoate Metabolism,Butanoate Metabolism
gene3017,HADHA,Butanoate Metabolism,Butanoate Metabolism
gene3018,ACSM1,Butanoate Metabolism,Butanoate Metabolism
gene3019,HMGCL,Butanoate Metabolism,Butanoate Metabolism
gene3020,AKR1B10,Butanoate Metabolism,Butanoate Metabolism
gene3021,ECHS1,Butanoate Metabolism,Butanoate Metabolism
gene3022,ALDH9A1,Butanoate Metabolism,Butanoate Metabolism
gene3023,GAD1,Butanoate Metabolism,Butanoate Metabolism
gene3024,ALDH3A2,Butanoate Metabolism,Butanoate Metabolism
gene3025,ACSM3,Butanoate Metabolism,Butanoate Metabolism
gene3026,GAD2,Butanoate Metabolism,Butanoate Metabolism
gene3027,ACSM4,Butanoate Metabolism,Butanoate Metabolism
gene3028,HMGCS2,Butanoate Metabolism,Butanoate Metabolism
gene3029,EHHADH,Butanoate Metabolism,Butanoate Metabolism
gene3030,HMGCS1,Butanoate Metabolism,Butanoate Metabolism
gene3031,ALDH7A1,Butanoate Metabolism,Butanoate Metabolism
gene3032,ALDH5A1,Butanoate Metabolism,Butanoate Metabolism
gene3033,BDH2,Butanoate Metabolism,Butanoate Metabolism
gene3034,OXCT2,Butanoate Metabolism,Butanoate Metabolism
gene3035,ACSM2A,Butanoate Metabolism,Butanoate Metabolism
gene3036,ACSM5,Butanoate Metabolism,Butanoate Metabolism
gene3037,L2HGDH,Butanoate Metabolism,Butanoate Metabolism
gene3038,MTHFD2,One Carbon Pool By Folate,One Carbon Pool By Folate
gene3039,GART,One Carbon Pool By Folate,One Carbon Pool By Folate
gene3040,TYMS,One Carbon Pool By Folate,One Carbon Pool By Folate
gene3041,FTCD,One Carbon Pool By Folate,One Carbon Pool By Folate
gene3042,ALDH1L1,One Carbon Pool By Folate,One Carbon Pool By Folate
gene3043,MTHFS,One Carbon Pool By Folate,One Carbon Pool By Folate
gene3044,MTFMT,One Carbon Pool By Folate,One Carbon Pool By Folate
gene3045,AMT,One Carbon Pool By Folate,One Carbon Pool By Folate
gene3046,MTHFD2L,One Carbon Pool By Folate,One Carbon Pool By Folate
gene3047,DHFR,One Carbon Pool By Folate,One Carbon Pool By Folate
gene3048,SHMT1,One Carbon Pool By Folate,One Carbon Pool By Folate
gene3049,MTHFD1L,One Carbon Pool By Folate,One Carbon Pool By Folate
gene3050,MTHFD1,One Carbon Pool By Folate,One Carbon Pool By Folate
gene3051,MTR,One Carbon Pool By Folate,One Carbon Pool By Folate
gene3052,ATIC,One Carbon Pool By Folate,One Carbon Pool By Folate
gene3053,MTHFR,One Carbon Pool By Folate,One Carbon Pool By Folate
gene3054,SHMT2,One Carbon Pool By Folate,One Carbon Pool By Folate
gene3055,QDPR,Folate Biosynthesis,Folate Biosynthesis
gene3056,ALPP,Folate Biosynthesis,Folate Biosynthesis
gene3057,ALPG,Folate Biosynthesis,Folate Biosynthesis
gene3058,DHFR,Folate Biosynthesis,Folate Biosynthesis
gene3059,GGH,Folate Biosynthesis,Folate Biosynthesis
gene3060,GCH1,Folate Biosynthesis,Folate Biosynthesis
gene3061,FPGS,Folate Biosynthesis,Folate Biosynthesis
gene3062,SPR,Folate Biosynthesis,Folate Biosynthesis
gene3063,ALPL,Folate Biosynthesis,Folate Biosynthesis
gene3064,PTS,Folate Biosynthesis,Folate Biosynthesis
gene3065,ALPI,Folate Biosynthesis,Folate Biosynthesis
gene3066,RPE65,Retinol Metabolism,Retinol Metabolism
gene3067,CYP3A5,Retinol Metabolism,Retinol Metabolism
gene3068,UGT2B28,Retinol Metabolism,Retinol Metabolism
gene3069,CYP4A11,Retinol Metabolism,Retinol Metabolism
gene3070,CYP3A4,Retinol Metabolism,Retinol Metabolism
gene3071,RDH8,Retinol Metabolism,Retinol Metabolism
gene3072,DHRS3,Retinol Metabolism,Retinol Metabolism
gene3073,CYP2C18,Retinol Metabolism,Retinol Metabolism
gene3074,ADH1B,Retinol Metabolism,Retinol Metabolism
gene3075,ADH1C,Retinol Metabolism,Retinol Metabolism
gene3076,ADH4,Retinol Metabolism,Retinol Metabolism
gene3077,ADH5,Retinol Metabolism,Retinol Metabolism
gene3078,DGAT2,Retinol Metabolism,Retinol Metabolism
gene3079,ADH1A,Retinol Metabolism,Retinol Metabolism
gene3080,BCO1,Retinol Metabolism,Retinol Metabolism
gene3081,RDH10,Retinol Metabolism,Retinol Metabolism
gene3082,CYP26A1,Retinol Metabolism,Retinol Metabolism
gene3083,UGT2B11,Retinol Metabolism,Retinol Metabolism
gene3084,CYP2C9,Retinol Metabolism,Retinol Metabolism
gene3085,AWAT2,Retinol Metabolism,Retinol Metabolism
gene3086,CYP26C1,Retinol Metabolism,Retinol Metabolism
gene3087,CYP2C19,Retinol Metabolism,Retinol Metabolism
gene3088,CYP2C8,Retinol Metabolism,Retinol Metabolism
gene3089,CYP2B6,Retinol Metabolism,Retinol Metabolism
gene3090,UGT2A3,Retinol Metabolism,Retinol Metabolism
gene3091,CYP2A13,Retinol Metabolism,Retinol Metabolism
gene3092,UGT1A4,Retinol Metabolism,Retinol Metabolism
gene3093,CYP3A7,Retinol Metabolism,Retinol Metabolism
gene3094,UGT1A1,Retinol Metabolism,Retinol Metabolism
gene3095,UGT1A3,Retinol Metabolism,Retinol Metabolism
gene3096,CYP26B1,Retinol Metabolism,Retinol Metabolism
gene3097,DHRS9,Retinol Metabolism,Retinol Metabolism
gene3098,UGT1A10,Retinol Metabolism,Retinol Metabolism
gene3099,DGAT1,Retinol Metabolism,Retinol Metabolism
gene3100,UGT1A8,Retinol Metabolism,Retinol Metabolism
gene3101,UGT1A7,Retinol Metabolism,Retinol Metabolism
gene3102,UGT1A6,Retinol Metabolism,Retinol Metabolism
gene3103,ALDH1A1,Retinol Metabolism,Retinol Metabolism
gene3104,RETSAT,Retinol Metabolism,Retinol Metabolism
gene3105,RDH12,Retinol Metabolism,Retinol Metabolism
gene3106,LRAT,Retinol Metabolism,Retinol Metabolism
gene3107,RDH11,Retinol Metabolism,Retinol Metabolism
gene3108,UGT1A5,Retinol Metabolism,Retinol Metabolism
gene3109,CYP2A6,Retinol Metabolism,Retinol Metabolism
gene3110,CYP2A7,Retinol Metabolism,Retinol Metabolism
gene3111,CYP4A22,Retinol Metabolism,Retinol Metabolism
gene3112,DHRS4,Retinol Metabolism,Retinol Metabolism
gene3113,CYP1A1,Retinol Metabolism,Retinol Metabolism
gene3114,CYP1A2,Retinol Metabolism,Retinol Metabolism
gene3115,ADH7,Retinol Metabolism,Retinol Metabolism
gene3116,ADH6,Retinol Metabolism,Retinol Metabolism
gene3117,UGT2A1,Retinol Metabolism,Retinol Metabolism
gene3118,ALDH1A2,Retinol Metabolism,Retinol Metabolism
gene3119,CYP3A43,Retinol Metabolism,Retinol Metabolism
gene3120,DHRS4L2,Retinol Metabolism,Retinol Metabolism
gene3121,RDH16,Retinol Metabolism,Retinol Metabolism
gene3122,UGT1A9,Retinol Metabolism,Retinol Metabolism
gene3123,RDH5,Retinol Metabolism,Retinol Metabolism
gene3124,UGT2B10,Retinol Metabolism,Retinol Metabolism
gene3125,UGT2B7,Retinol Metabolism,Retinol Metabolism
gene3126,PNPLA4,Retinol Metabolism,Retinol Metabolism
gene3127,UGT2B4,Retinol Metabolism,Retinol Metabolism
gene3128,UGT2B17,Retinol Metabolism,Retinol Metabolism
gene3129,UGT2B15,Retinol Metabolism,Retinol Metabolism
gene3130,ALAS1,Porphyrin And Chlorophyll Metabolism,Porphyrin And Chlorophyll Metabolism
gene3131,COX10,Porphyrin And Chlorophyll Metabolism,Porphyrin And Chlorophyll Metabolism
gene3132,UGT1A10,Porphyrin And Chlorophyll Metabolism,Porphyrin And Chlorophyll Metabolism
gene3133,ALAS2,Porphyrin And Chlorophyll Metabolism,Porphyrin And Chlorophyll Metabolism
gene3134,UGT1A8,Porphyrin And Chlorophyll Metabolism,Porphyrin And Chlorophyll Metabolism
gene3135,UGT1A7,Porphyrin And Chlorophyll Metabolism,Porphyrin And Chlorophyll Metabolism
gene3136,ALAD,Porphyrin And Chlorophyll Metabolism,Porphyrin And Chlorophyll Metabolism
gene3137,UGT1A6,Porphyrin And Chlorophyll Metabolism,Porphyrin And Chlorophyll Metabolism
gene3138,CPOX,Porphyrin And Chlorophyll Metabolism,Porphyrin And Chlorophyll Metabolism
gene3139,BLVRA,Porphyrin And Chlorophyll Metabolism,Porphyrin And Chlorophyll Metabolism
gene3140,UGT2B28,Porphyrin And Chlorophyll Metabolism,Porphyrin And Chlorophyll Metabolism
gene3141,BLVRB,Porphyrin And Chlorophyll Metabolism,Porphyrin And Chlorophyll Metabolism
gene3142,UGT1A5,Porphyrin And Chlorophyll Metabolism,Porphyrin And Chlorophyll Metabolism
gene3143,UROS,Porphyrin And Chlorophyll Metabolism,Porphyrin And Chlorophyll Metabolism
gene3144,HCCS,Porphyrin And Chlorophyll Metabolism,Porphyrin And Chlorophyll Metabolism
gene3145,UGT2A1,Porphyrin And Chlorophyll Metabolism,Porphyrin And Chlorophyll Metabolism
gene3146,GUSB,Porphyrin And Chlorophyll Metabolism,Porphyrin And Chlorophyll Metabolism
gene3147,FTMT,Porphyrin And Chlorophyll Metabolism,Porphyrin And Chlorophyll Metabolism
gene3148,UGT1A9,Porphyrin And Chlorophyll Metabolism,Porphyrin And Chlorophyll Metabolism
gene3149,MMAB,Porphyrin And Chlorophyll Metabolism,Porphyrin And Chlorophyll Metabolism
gene3150,FECH,Porphyrin And Chlorophyll Metabolism,Porphyrin And Chlorophyll Metabolism
gene3151,HMOX1,Porphyrin And Chlorophyll Metabolism,Porphyrin And Chlorophyll Metabolism
gene3152,HMOX2,Porphyrin And Chlorophyll Metabolism,Porphyrin And Chlorophyll Metabolism
gene3153,UGT2B11,Porphyrin And Chlorophyll Metabolism,Porphyrin And Chlorophyll Metabolism
gene3154,PPOX,Porphyrin And Chlorophyll Metabolism,Porphyrin And Chlorophyll Metabolism
gene3155,FTH1,Porphyrin And Chlorophyll Metabolism,Porphyrin And Chlorophyll Metabolism
gene3156,UGT2B10,Porphyrin And Chlorophyll Metabolism,Porphyrin And Chlorophyll Metabolism
gene3157,UGT2B7,Porphyrin And Chlorophyll Metabolism,Porphyrin And Chlorophyll Metabolism
gene3158,UROD,Porphyrin And Chlorophyll Metabolism,Porphyrin And Chlorophyll Metabolism
gene3159,UGT2B4,Porphyrin And Chlorophyll Metabolism,Porphyrin And Chlorophyll Metabolism
gene3160,COX15,Porphyrin And Chlorophyll Metabolism,Porphyrin And Chlorophyll Metabolism
gene3161,HMBS,Porphyrin And Chlorophyll Metabolism,Porphyrin And Chlorophyll Metabolism
gene3162,CP,Porphyrin And Chlorophyll Metabolism,Porphyrin And Chlorophyll Metabolism
gene3163,UGT2A3,Porphyrin And Chlorophyll Metabolism,Porphyrin And Chlorophyll Metabolism
gene3164,UGT1A4,Porphyrin And Chlorophyll Metabolism,Porphyrin And Chlorophyll Metabolism
gene3165,EARS2,Porphyrin And Chlorophyll Metabolism,Porphyrin And Chlorophyll Metabolism
gene3166,UGT2B17,Porphyrin And Chlorophyll Metabolism,Porphyrin And Chlorophyll Metabolism
gene3167,UGT1A1,Porphyrin And Chlorophyll Metabolism,Porphyrin And Chlorophyll Metabolism
gene3168,EPRS1,Porphyrin And Chlorophyll Metabolism,Porphyrin And Chlorophyll Metabolism
gene3169,UGT2B15,Porphyrin And Chlorophyll Metabolism,Porphyrin And Chlorophyll Metabolism
gene3170,UGT1A3,Porphyrin And Chlorophyll Metabolism,Porphyrin And Chlorophyll Metabolism
gene3171,GGPS1,Terpenoid Backbone Biosynthesis,Terpenoid Backbone Biosynthesis
gene3172,PDSS1,Terpenoid Backbone Biosynthesis,Terpenoid Backbone Biosynthesis
gene3173,HMGCS2,Terpenoid Backbone Biosynthesis,Terpenoid Backbone Biosynthesis
gene3174,IDI2,Terpenoid Backbone Biosynthesis,Terpenoid Backbone Biosynthesis
gene3175,HMGCS1,Terpenoid Backbone Biosynthesis,Terpenoid Backbone Biosynthesis
gene3176,MVK,Terpenoid Backbone Biosynthesis,Terpenoid Backbone Biosynthesis
gene3177,ACAT2,Terpenoid Backbone Biosynthesis,Terpenoid Backbone Biosynthesis
gene3178,ACAT1,Terpenoid Backbone Biosynthesis,Terpenoid Backbone Biosynthesis
gene3179,FDPS,Terpenoid Backbone Biosynthesis,Terpenoid Backbone Biosynthesis
gene3180,PDSS2,Terpenoid Backbone Biosynthesis,Terpenoid Backbone Biosynthesis
gene3181,PMVK,Terpenoid Backbone Biosynthesis,Terpenoid Backbone Biosynthesis
gene3182,DHDDS,Terpenoid Backbone Biosynthesis,Terpenoid Backbone Biosynthesis
gene3183,MVD,Terpenoid Backbone Biosynthesis,Terpenoid Backbone Biosynthesis
gene3184,HMGCR,Terpenoid Backbone Biosynthesis,Terpenoid Backbone Biosynthesis
gene3185,IDI1,Terpenoid Backbone Biosynthesis,Terpenoid Backbone Biosynthesis
gene3186,NAA80,Limonene And Pinene Degradation,Limonene And Pinene Degradation
gene3187,ECHS1,Limonene And Pinene Degradation,Limonene And Pinene Degradation
gene3188,ALDH9A1,Limonene And Pinene Degradation,Limonene And Pinene Degradation
gene3189,ALDH3A2,Limonene And Pinene Degradation,Limonene And Pinene Degradation
gene3190,HADHA,Limonene And Pinene Degradation,Limonene And Pinene Degradation
gene3191,ALDH1B1,Limonene And Pinene Degradation,Limonene And Pinene Degradation
gene3192,EHHADH,Limonene And Pinene Degradation,Limonene And Pinene Degradation
gene3193,YOD1,Limonene And Pinene Degradation,Limonene And Pinene Degradation
gene3194,ALDH2,Limonene And Pinene Degradation,Limonene And Pinene Degradation
gene3195,ALDH7A1,Limonene And Pinene Degradation,Limonene And Pinene Degradation
gene3196,CA5A,Nitrogen Metabolism,Nitrogen Metabolism
gene3197,CA5B,Nitrogen Metabolism,Nitrogen Metabolism
gene3198,CA6,Nitrogen Metabolism,Nitrogen Metabolism
gene3199,CA12,Nitrogen Metabolism,Nitrogen Metabolism
gene3200,CA7,Nitrogen Metabolism,Nitrogen Metabolism
gene3201,GLUD2,Nitrogen Metabolism,Nitrogen Metabolism
gene3202,CA2,Nitrogen Metabolism,Nitrogen Metabolism
gene3203,CPS1,Nitrogen Metabolism,Nitrogen Metabolism
gene3204,CA3,Nitrogen Metabolism,Nitrogen Metabolism
gene3205,CA4,Nitrogen Metabolism,Nitrogen Metabolism
gene3206,GLS2,Nitrogen Metabolism,Nitrogen Metabolism
gene3207,GLUL,Nitrogen Metabolism,Nitrogen Metabolism
gene3208,CA8,Nitrogen Metabolism,Nitrogen Metabolism
gene3209,CA14,Nitrogen Metabolism,Nitrogen Metabolism
gene3210,GLUD1,Nitrogen Metabolism,Nitrogen Metabolism
gene3211,CA9,Nitrogen Metabolism,Nitrogen Metabolism
gene3212,CA1,Nitrogen Metabolism,Nitrogen Metabolism
gene3213,GLS,Nitrogen Metabolism,Nitrogen Metabolism
gene3214,AMT,Nitrogen Metabolism,Nitrogen Metabolism
gene3215,HAL,Nitrogen Metabolism,Nitrogen Metabolism
gene3216,ASNS,Nitrogen Metabolism,Nitrogen Metabolism
gene3217,CA13,Nitrogen Metabolism,Nitrogen Metabolism
gene3218,CTH,Nitrogen Metabolism,Nitrogen Metabolism
gene3219,SULT1E1,Sulfur Metabolism,Sulfur Metabolism
gene3220,PAPSS1,Sulfur Metabolism,Sulfur Metabolism
gene3221,SULT1A4,Sulfur Metabolism,Sulfur Metabolism
gene3222,SULT1A3,Sulfur Metabolism,Sulfur Metabolism
gene3223,PAPSS2,Sulfur Metabolism,Sulfur Metabolism
gene3224,CHST11,Sulfur Metabolism,Sulfur Metabolism
gene3225,SULT1A1,Sulfur Metabolism,Sulfur Metabolism
gene3226,SULT2B1,Sulfur Metabolism,Sulfur Metabolism
gene3227,SUOX,Sulfur Metabolism,Sulfur Metabolism
gene3228,BPNT1,Sulfur Metabolism,Sulfur Metabolism
gene3229,CHST13,Sulfur Metabolism,Sulfur Metabolism
gene3230,SULT1A2,Sulfur Metabolism,Sulfur Metabolism
gene3231,CHST12,Sulfur Metabolism,Sulfur Metabolism
gene3232,CYP2F1,Metabolism Of Xenobiotics By Cytochrome P450,Metabolism Of Xenobiotics By Cytochrome P450
gene3233,CYP2E1,Metabolism Of Xenobiotics By Cytochrome P450,Metabolism Of Xenobiotics By Cytochrome P450
gene3234,AKR1C4,Metabolism Of Xenobiotics By Cytochrome P450,Metabolism Of Xenobiotics By Cytochrome P450
gene3235,EPHX1,Metabolism Of Xenobiotics By Cytochrome P450,Metabolism Of Xenobiotics By Cytochrome P450
gene3236,CYP3A5,Metabolism Of Xenobiotics By Cytochrome P450,Metabolism Of Xenobiotics By Cytochrome P450
gene3237,UGT2B28,Metabolism Of Xenobiotics By Cytochrome P450,Metabolism Of Xenobiotics By Cytochrome P450
gene3238,CYP3A4,Metabolism Of Xenobiotics By Cytochrome P450,Metabolism Of Xenobiotics By Cytochrome P450
gene3239,GSTP1,Metabolism Of Xenobiotics By Cytochrome P450,Metabolism Of Xenobiotics By Cytochrome P450
gene3240,GSTT2,Metabolism Of Xenobiotics By Cytochrome P450,Metabolism Of Xenobiotics By Cytochrome P450
gene3241,GSTT1,Metabolism Of Xenobiotics By Cytochrome P450,Metabolism Of Xenobiotics By Cytochrome P450
gene3242,AKR1C3,Metabolism Of Xenobiotics By Cytochrome P450,Metabolism Of Xenobiotics By Cytochrome P450
gene3243,GSTZ1,Metabolism Of Xenobiotics By Cytochrome P450,Metabolism Of Xenobiotics By Cytochrome P450
gene3244,CYP2C18,Metabolism Of Xenobiotics By Cytochrome P450,Metabolism Of Xenobiotics By Cytochrome P450
gene3245,ADH1B,Metabolism Of Xenobiotics By Cytochrome P450,Metabolism Of Xenobiotics By Cytochrome P450
gene3246,CYP2S1,Metabolism Of Xenobiotics By Cytochrome P450,Metabolism Of Xenobiotics By Cytochrome P450
gene3247,ADH1C,Metabolism Of Xenobiotics By Cytochrome P450,Metabolism Of Xenobiotics By Cytochrome P450
gene3248,ADH4,Metabolism Of Xenobiotics By Cytochrome P450,Metabolism Of Xenobiotics By Cytochrome P450
gene3249,ADH5,Metabolism Of Xenobiotics By Cytochrome P450,Metabolism Of Xenobiotics By Cytochrome P450
gene3250,GSTO1,Metabolism Of Xenobiotics By Cytochrome P450,Metabolism Of Xenobiotics By Cytochrome P450
gene3251,ADH1A,Metabolism Of Xenobiotics By Cytochrome P450,Metabolism Of Xenobiotics By Cytochrome P450
gene3252,GSTA5,Metabolism Of Xenobiotics By Cytochrome P450,Metabolism Of Xenobiotics By Cytochrome P450
gene3253,MGST2,Metabolism Of Xenobiotics By Cytochrome P450,Metabolism Of Xenobiotics By Cytochrome P450
gene3254,MGST1,Metabolism Of Xenobiotics By Cytochrome P450,Metabolism Of Xenobiotics By Cytochrome P450
gene3255,MGST3,Metabolism Of Xenobiotics By Cytochrome P450,Metabolism Of Xenobiotics By Cytochrome P450
gene3256,GSTA3,Metabolism Of Xenobiotics By Cytochrome P450,Metabolism Of Xenobiotics By Cytochrome P450
gene3257,GSTM1,Metabolism Of Xenobiotics By Cytochrome P450,Metabolism Of Xenobiotics By Cytochrome P450
gene3258,UGT2B11,Metabolism Of Xenobiotics By Cytochrome P450,Metabolism Of Xenobiotics By Cytochrome P450
gene3259,CYP2C9,Metabolism Of Xenobiotics By Cytochrome P450,Metabolism Of Xenobiotics By Cytochrome P450
gene3260,GSTA4,Metabolism Of Xenobiotics By Cytochrome P450,Metabolism Of Xenobiotics By Cytochrome P450
gene3261,CYP2C19,Metabolism Of Xenobiotics By Cytochrome P450,Metabolism Of Xenobiotics By Cytochrome P450
gene3262,GSTM4,Metabolism Of Xenobiotics By Cytochrome P450,Metabolism Of Xenobiotics By Cytochrome P450
gene3263,CYP2C8,Metabolism Of Xenobiotics By Cytochrome P450,Metabolism Of Xenobiotics By Cytochrome P450
gene3264,GSTM3,Metabolism Of Xenobiotics By Cytochrome P450,Metabolism Of Xenobiotics By Cytochrome P450
gene3265,CYP2B6,Metabolism Of Xenobiotics By Cytochrome P450,Metabolism Of Xenobiotics By Cytochrome P450
gene3266,GSTM2,Metabolism Of Xenobiotics By Cytochrome P450,Metabolism Of Xenobiotics By Cytochrome P450
gene3267,UGT2A3,Metabolism Of Xenobiotics By Cytochrome P450,Metabolism Of Xenobiotics By Cytochrome P450
gene3268,UGT1A4,Metabolism Of Xenobiotics By Cytochrome P450,Metabolism Of Xenobiotics By Cytochrome P450
gene3269,UGT1A1,Metabolism Of Xenobiotics By Cytochrome P450,Metabolism Of Xenobiotics By Cytochrome P450
gene3270,CYP3A7,Metabolism Of Xenobiotics By Cytochrome P450,Metabolism Of Xenobiotics By Cytochrome P450
gene3271,UGT1A3,Metabolism Of Xenobiotics By Cytochrome P450,Metabolism Of Xenobiotics By Cytochrome P450
gene3272,GSTM5,Metabolism Of Xenobiotics By Cytochrome P450,Metabolism Of Xenobiotics By Cytochrome P450
gene3273,UGT1A10,Metabolism Of Xenobiotics By Cytochrome P450,Metabolism Of Xenobiotics By Cytochrome P450
gene3274,UGT1A8,Metabolism Of Xenobiotics By Cytochrome P450,Metabolism Of Xenobiotics By Cytochrome P450
gene3275,UGT1A7,Metabolism Of Xenobiotics By Cytochrome P450,Metabolism Of Xenobiotics By Cytochrome P450
gene3276,GSTA1,Metabolism Of Xenobiotics By Cytochrome P450,Metabolism Of Xenobiotics By Cytochrome P450
gene3277,UGT1A6,Metabolism Of Xenobiotics By Cytochrome P450,Metabolism Of Xenobiotics By Cytochrome P450
gene3278,GSTA2,Metabolism Of Xenobiotics By Cytochrome P450,Metabolism Of Xenobiotics By Cytochrome P450
gene3279,ALDH3A1,Metabolism Of Xenobiotics By Cytochrome P450,Metabolism Of Xenobiotics By Cytochrome P450
gene3280,UGT1A5,Metabolism Of Xenobiotics By Cytochrome P450,Metabolism Of Xenobiotics By Cytochrome P450
gene3281,GSTK1,Metabolism Of Xenobiotics By Cytochrome P450,Metabolism Of Xenobiotics By Cytochrome P450
gene3282,AKR1C2,Metabolism Of Xenobiotics By Cytochrome P450,Metabolism Of Xenobiotics By Cytochrome P450
gene3283,AKR1C1,Metabolism Of Xenobiotics By Cytochrome P450,Metabolism Of Xenobiotics By Cytochrome P450
gene3284,CYP1A1,Metabolism Of Xenobiotics By Cytochrome P450,Metabolism Of Xenobiotics By Cytochrome P450
gene3285,ADH7,Metabolism Of Xenobiotics By Cytochrome P450,Metabolism Of Xenobiotics By Cytochrome P450
gene3286,CYP1A2,Metabolism Of Xenobiotics By Cytochrome P450,Metabolism Of Xenobiotics By Cytochrome P450
gene3287,CYP1B1,Metabolism Of Xenobiotics By Cytochrome P450,Metabolism Of Xenobiotics By Cytochrome P450
gene3288,ADH6,Metabolism Of Xenobiotics By Cytochrome P450,Metabolism Of Xenobiotics By Cytochrome P450
gene3289,UGT2A1,Metabolism Of Xenobiotics By Cytochrome P450,Metabolism Of Xenobiotics By Cytochrome P450
gene3290,ALDH1A3,Metabolism Of Xenobiotics By Cytochrome P450,Metabolism Of Xenobiotics By Cytochrome P450
gene3291,ALDH3B1,Metabolism Of Xenobiotics By Cytochrome P450,Metabolism Of Xenobiotics By Cytochrome P450
gene3292,ALDH3B2,Metabolism Of Xenobiotics By Cytochrome P450,Metabolism Of Xenobiotics By Cytochrome P450
gene3293,CYP3A43,Metabolism Of Xenobiotics By Cytochrome P450,Metabolism Of Xenobiotics By Cytochrome P450
gene3294,UGT1A9,Metabolism Of Xenobiotics By Cytochrome P450,Metabolism Of Xenobiotics By Cytochrome P450
gene3295,DHDH,Metabolism Of Xenobiotics By Cytochrome P450,Metabolism Of Xenobiotics By Cytochrome P450
gene3296,GSTO2,Metabolism Of Xenobiotics By Cytochrome P450,Metabolism Of Xenobiotics By Cytochrome P450
gene3297,UGT2B10,Metabolism Of Xenobiotics By Cytochrome P450,Metabolism Of Xenobiotics By Cytochrome P450
gene3298,UGT2B7,Metabolism Of Xenobiotics By Cytochrome P450,Metabolism Of Xenobiotics By Cytochrome P450
gene3299,UGT2B4,Metabolism Of Xenobiotics By Cytochrome P450,Metabolism Of Xenobiotics By Cytochrome P450
gene3300,UGT2B17,Metabolism Of Xenobiotics By Cytochrome P450,Metabolism Of Xenobiotics By Cytochrome P450
gene3301,UGT2B15,Metabolism Of Xenobiotics By Cytochrome P450,Metabolism Of Xenobiotics By Cytochrome P450
gene3302,CYP2E1,Drug Metabolism Cytochrome P450,Drug Metabolism Cytochrome P450
gene3303,CYP3A5,Drug Metabolism Cytochrome P450,Drug Metabolism Cytochrome P450
gene3304,UGT2B28,Drug Metabolism Cytochrome P450,Drug Metabolism Cytochrome P450
gene3305,CYP3A4,Drug Metabolism Cytochrome P450,Drug Metabolism Cytochrome P450
gene3306,GSTP1,Drug Metabolism Cytochrome P450,Drug Metabolism Cytochrome P450
gene3307,GSTT2,Drug Metabolism Cytochrome P450,Drug Metabolism Cytochrome P450
gene3308,GSTT1,Drug Metabolism Cytochrome P450,Drug Metabolism Cytochrome P450
gene3309,GSTZ1,Drug Metabolism Cytochrome P450,Drug Metabolism Cytochrome P450
gene3310,CYP2C18,Drug Metabolism Cytochrome P450,Drug Metabolism Cytochrome P450
gene3311,CYP2D6,Drug Metabolism Cytochrome P450,Drug Metabolism Cytochrome P450
gene3312,ADH1B,Drug Metabolism Cytochrome P450,Drug Metabolism Cytochrome P450
gene3313,FMO4,Drug Metabolism Cytochrome P450,Drug Metabolism Cytochrome P450
gene3314,ADH1C,Drug Metabolism Cytochrome P450,Drug Metabolism Cytochrome P450
gene3315,ADH4,Drug Metabolism Cytochrome P450,Drug Metabolism Cytochrome P450
gene3316,ADH5,Drug Metabolism Cytochrome P450,Drug Metabolism Cytochrome P450
gene3317,GSTO1,Drug Metabolism Cytochrome P450,Drug Metabolism Cytochrome P450
gene3318,ADH1A,Drug Metabolism Cytochrome P450,Drug Metabolism Cytochrome P450
gene3319,GSTA5,Drug Metabolism Cytochrome P450,Drug Metabolism Cytochrome P450
gene3320,MGST2,Drug Metabolism Cytochrome P450,Drug Metabolism Cytochrome P450
gene3321,MGST1,Drug Metabolism Cytochrome P450,Drug Metabolism Cytochrome P450
gene3322,FMO1,Drug Metabolism Cytochrome P450,Drug Metabolism Cytochrome P450
gene3323,FMO2,Drug Metabolism Cytochrome P450,Drug Metabolism Cytochrome P450
gene3324,MGST3,Drug Metabolism Cytochrome P450,Drug Metabolism Cytochrome P450
gene3325,FMO3,Drug Metabolism Cytochrome P450,Drug Metabolism Cytochrome P450
gene3326,GSTA3,Drug Metabolism Cytochrome P450,Drug Metabolism Cytochrome P450
gene3327,GSTM1,Drug Metabolism Cytochrome P450,Drug Metabolism Cytochrome P450
gene3328,UGT2B11,Drug Metabolism Cytochrome P450,Drug Metabolism Cytochrome P450
gene3329,CYP2C9,Drug Metabolism Cytochrome P450,Drug Metabolism Cytochrome P450
gene3330,FMO5,Drug Metabolism Cytochrome P450,Drug Metabolism Cytochrome P450
gene3331,GSTA4,Drug Metabolism Cytochrome P450,Drug Metabolism Cytochrome P450
gene3332,CYP2C19,Drug Metabolism Cytochrome P450,Drug Metabolism Cytochrome P450
gene3333,GSTM4,Drug Metabolism Cytochrome P450,Drug Metabolism Cytochrome P450
gene3334,CYP2C8,Drug Metabolism Cytochrome P450,Drug Metabolism Cytochrome P450
gene3335,GSTM3,Drug Metabolism Cytochrome P450,Drug Metabolism Cytochrome P450
gene3336,CYP2B6,Drug Metabolism Cytochrome P450,Drug Metabolism Cytochrome P450
gene3337,GSTM2,Drug Metabolism Cytochrome P450,Drug Metabolism Cytochrome P450
gene3338,UGT2A3,Drug Metabolism Cytochrome P450,Drug Metabolism Cytochrome P450
gene3339,CYP2A13,Drug Metabolism Cytochrome P450,Drug Metabolism Cytochrome P450
gene3340,UGT1A4,Drug Metabolism Cytochrome P450,Drug Metabolism Cytochrome P450
gene3341,UGT1A1,Drug Metabolism Cytochrome P450,Drug Metabolism Cytochrome P450
gene3342,CYP3A7,Drug Metabolism Cytochrome P450,Drug Metabolism Cytochrome P450
gene3343,UGT1A3,Drug Metabolism Cytochrome P450,Drug Metabolism Cytochrome P450
gene3344,GSTM5,Drug Metabolism Cytochrome P450,Drug Metabolism Cytochrome P450
gene3345,UGT1A10,Drug Metabolism Cytochrome P450,Drug Metabolism Cytochrome P450
gene3346,UGT1A8,Drug Metabolism Cytochrome P450,Drug Metabolism Cytochrome P450
gene3347,UGT1A7,Drug Metabolism Cytochrome P450,Drug Metabolism Cytochrome P450
gene3348,GSTA1,Drug Metabolism Cytochrome P450,Drug Metabolism Cytochrome P450
gene3349,UGT1A6,Drug Metabolism Cytochrome P450,Drug Metabolism Cytochrome P450
gene3350,MAOB,Drug Metabolism Cytochrome P450,Drug Metabolism Cytochrome P450
gene3351,GSTA2,Drug Metabolism Cytochrome P450,Drug Metabolism Cytochrome P450
gene3352,MAOA,Drug Metabolism Cytochrome P450,Drug Metabolism Cytochrome P450
gene3353,AOX1,Drug Metabolism Cytochrome P450,Drug Metabolism Cytochrome P450
gene3354,ALDH3A1,Drug Metabolism Cytochrome P450,Drug Metabolism Cytochrome P450
gene3355,UGT1A5,Drug Metabolism Cytochrome P450,Drug Metabolism Cytochrome P450
gene3356,GSTK1,Drug Metabolism Cytochrome P450,Drug Metabolism Cytochrome P450
gene3357,CYP2A6,Drug Metabolism Cytochrome P450,Drug Metabolism Cytochrome P450
gene3358,CYP2A7,Drug Metabolism Cytochrome P450,Drug Metabolism Cytochrome P450
gene3359,ADH7,Drug Metabolism Cytochrome P450,Drug Metabolism Cytochrome P450
gene3360,CYP1A2,Drug Metabolism Cytochrome P450,Drug Metabolism Cytochrome P450
gene3361,ADH6,Drug Metabolism Cytochrome P450,Drug Metabolism Cytochrome P450
gene3362,UGT2A1,Drug Metabolism Cytochrome P450,Drug Metabolism Cytochrome P450
gene3363,ALDH1A3,Drug Metabolism Cytochrome P450,Drug Metabolism Cytochrome P450
gene3364,ALDH3B1,Drug Metabolism Cytochrome P450,Drug Metabolism Cytochrome P450
gene3365,ALDH3B2,Drug Metabolism Cytochrome P450,Drug Metabolism Cytochrome P450
gene3366,CYP3A43,Drug Metabolism Cytochrome P450,Drug Metabolism Cytochrome P450
gene3367,UGT1A9,Drug Metabolism Cytochrome P450,Drug Metabolism Cytochrome P450
gene3368,GSTO2,Drug Metabolism Cytochrome P450,Drug Metabolism Cytochrome P450
gene3369,UGT2B10,Drug Metabolism Cytochrome P450,Drug Metabolism Cytochrome P450
gene3370,UGT2B7,Drug Metabolism Cytochrome P450,Drug Metabolism Cytochrome P450
gene3371,UGT2B4,Drug Metabolism Cytochrome P450,Drug Metabolism Cytochrome P450
gene3372,UGT2B17,Drug Metabolism Cytochrome P450,Drug Metabolism Cytochrome P450
gene3373,UGT2B15,Drug Metabolism Cytochrome P450,Drug Metabolism Cytochrome P450
gene3374,XDH,Drug Metabolism Other Enzymes,Drug Metabolism Other Enzymes
gene3375,CYP3A5,Drug Metabolism Other Enzymes,Drug Metabolism Other Enzymes
gene3376,UGT2B28,Drug Metabolism Other Enzymes,Drug Metabolism Other Enzymes
gene3377,UPB1,Drug Metabolism Other Enzymes,Drug Metabolism Other Enzymes
gene3378,CYP3A4,Drug Metabolism Other Enzymes,Drug Metabolism Other Enzymes
gene3379,GMPS,Drug Metabolism Other Enzymes,Drug Metabolism Other Enzymes
gene3380,UPP2,Drug Metabolism Other Enzymes,Drug Metabolism Other Enzymes
gene3381,HPRT1,Drug Metabolism Other Enzymes,Drug Metabolism Other Enzymes
gene3382,CDA,Drug Metabolism Other Enzymes,Drug Metabolism Other Enzymes
gene3383,GUSB,Drug Metabolism Other Enzymes,Drug Metabolism Other Enzymes
gene3384,IMPDH1,Drug Metabolism Other Enzymes,Drug Metabolism Other Enzymes
gene3385,IMPDH2,Drug Metabolism Other Enzymes,Drug Metabolism Other Enzymes
gene3386,CES2,Drug Metabolism Other Enzymes,Drug Metabolism Other Enzymes
gene3387,UCKL1,Drug Metabolism Other Enzymes,Drug Metabolism Other Enzymes
gene3388,UGT2B11,Drug Metabolism Other Enzymes,Drug Metabolism Other Enzymes
gene3389,TPMT,Drug Metabolism Other Enzymes,Drug Metabolism Other Enzymes
gene3390,NAT1,Drug Metabolism Other Enzymes,Drug Metabolism Other Enzymes
gene3391,CES5A,Drug Metabolism Other Enzymes,Drug Metabolism Other Enzymes
gene3392,CYP2A13,Drug Metabolism Other Enzymes,Drug Metabolism Other Enzymes
gene3393,UGT2A3,Drug Metabolism Other Enzymes,Drug Metabolism Other Enzymes
gene3394,UGT1A4,Drug Metabolism Other Enzymes,Drug Metabolism Other Enzymes
gene3395,CYP3A7,Drug Metabolism Other Enzymes,Drug Metabolism Other Enzymes
gene3396,UGT1A1,Drug Metabolism Other Enzymes,Drug Metabolism Other Enzymes
gene3397,UGT1A3,Drug Metabolism Other Enzymes,Drug Metabolism Other Enzymes
gene3398,UGT1A10,Drug Metabolism Other Enzymes,Drug Metabolism Other Enzymes
gene3399,UGT1A8,Drug Metabolism Other Enzymes,Drug Metabolism Other Enzymes
gene3400,UGT1A7,Drug Metabolism Other Enzymes,Drug Metabolism Other Enzymes
gene3401,ITPA,Drug Metabolism Other Enzymes,Drug Metabolism Other Enzymes
gene3402,UGT1A6,Drug Metabolism Other Enzymes,Drug Metabolism Other Enzymes
gene3403,UGT1A5,Drug Metabolism Other Enzymes,Drug Metabolism Other Enzymes
gene3404,CYP2A6,Drug Metabolism Other Enzymes,Drug Metabolism Other Enzymes
gene3405,CYP2A7,Drug Metabolism Other Enzymes,Drug Metabolism Other Enzymes
gene3406,DPYS,Drug Metabolism Other Enzymes,Drug Metabolism Other Enzymes
gene3407,TYMP,Drug Metabolism Other Enzymes,Drug Metabolism Other Enzymes
gene3408,DPYD,Drug Metabolism Other Enzymes,Drug Metabolism Other Enzymes
gene3409,UMPS,Drug Metabolism Other Enzymes,Drug Metabolism Other Enzymes
gene3410,UCK2,Drug Metabolism Other Enzymes,Drug Metabolism Other Enzymes
gene3411,TK1,Drug Metabolism Other Enzymes,Drug Metabolism Other Enzymes
gene3412,TK2,Drug Metabolism Other Enzymes,Drug Metabolism Other Enzymes
gene3413,UPP1,Drug Metabolism Other Enzymes,Drug Metabolism Other Enzymes
gene3414,UGT2A1,Drug Metabolism Other Enzymes,Drug Metabolism Other Enzymes
gene3415,CYP3A43,Drug Metabolism Other Enzymes,Drug Metabolism Other Enzymes
gene3416,CES1,Drug Metabolism Other Enzymes,Drug Metabolism Other Enzymes
gene3417,UGT1A9,Drug Metabolism Other Enzymes,Drug Metabolism Other Enzymes
gene3418,NAT2,Drug Metabolism Other Enzymes,Drug Metabolism Other Enzymes
gene3419,UGT2B10,Drug Metabolism Other Enzymes,Drug Metabolism Other Enzymes
gene3420,UGT2B7,Drug Metabolism Other Enzymes,Drug Metabolism Other Enzymes
gene3421,UGT2B4,Drug Metabolism Other Enzymes,Drug Metabolism Other Enzymes
gene3422,UCK1,Drug Metabolism Other Enzymes,Drug Metabolism Other Enzymes
gene3423,UGT2B17,Drug Metabolism Other Enzymes,Drug Metabolism Other Enzymes
gene3424,UGT2B15,Drug Metabolism Other Enzymes,Drug Metabolism Other Enzymes
gene3425,ACOT4,Biosynthesis Of Unsaturated Fatty Acids,Biosynthesis Of Unsaturated Fatty Acids
gene3426,TECR,Biosynthesis Of Unsaturated Fatty Acids,Biosynthesis Of Unsaturated Fatty Acids
gene3427,BAAT,Biosynthesis Of Unsaturated Fatty Acids,Biosynthesis Of Unsaturated Fatty Acids
gene3428,ELOVL5,Biosynthesis Of Unsaturated Fatty Acids,Biosynthesis Of Unsaturated Fatty Acids
gene3429,ELOVL6,Biosynthesis Of Unsaturated Fatty Acids,Biosynthesis Of Unsaturated Fatty Acids
gene3430,ACOT2,Biosynthesis Of Unsaturated Fatty Acids,Biosynthesis Of Unsaturated Fatty Acids
gene3431,YOD1,Biosynthesis Of Unsaturated Fatty Acids,Biosynthesis Of Unsaturated Fatty Acids
gene3432,ELOVL2,Biosynthesis Of Unsaturated Fatty Acids,Biosynthesis Of Unsaturated Fatty Acids
gene3433,FADS1,Biosynthesis Of Unsaturated Fatty Acids,Biosynthesis Of Unsaturated Fatty Acids
gene3434,FADS2,Biosynthesis Of Unsaturated Fatty Acids,Biosynthesis Of Unsaturated Fatty Acids
gene3435,ACOX3,Biosynthesis Of Unsaturated Fatty Acids,Biosynthesis Of Unsaturated Fatty Acids
gene3436,PECR,Biosynthesis Of Unsaturated Fatty Acids,Biosynthesis Of Unsaturated Fatty Acids
gene3437,SCD5,Biosynthesis Of Unsaturated Fatty Acids,Biosynthesis Of Unsaturated Fatty Acids
gene3438,SCD,Biosynthesis Of Unsaturated Fatty Acids,Biosynthesis Of Unsaturated Fatty Acids
gene3439,HACD1,Biosynthesis Of Unsaturated Fatty Acids,Biosynthesis Of Unsaturated Fatty Acids
gene3440,ACAA1,Biosynthesis Of Unsaturated Fatty Acids,Biosynthesis Of Unsaturated Fatty Acids
gene3441,HADHA,Biosynthesis Of Unsaturated Fatty Acids,Biosynthesis Of Unsaturated Fatty Acids
gene3442,ACOT1,Biosynthesis Of Unsaturated Fatty Acids,Biosynthesis Of Unsaturated Fatty Acids
gene3443,ACOT7,Biosynthesis Of Unsaturated Fatty Acids,Biosynthesis Of Unsaturated Fatty Acids
gene3444,ACOX1,Biosynthesis Of Unsaturated Fatty Acids,Biosynthesis Of Unsaturated Fatty Acids
gene3445,HSD17B12,Biosynthesis Of Unsaturated Fatty Acids,Biosynthesis Of Unsaturated Fatty Acids
gene3446,HACD2,Biosynthesis Of Unsaturated Fatty Acids,Biosynthesis Of Unsaturated Fatty Acids
gene3447,ABCA7,Abc Transporters,Abc Transporters
gene3448,ABCG4,Abc Transporters,Abc Transporters
gene3449,ABCD1,Abc Transporters,Abc Transporters
gene3450,ABCC12,Abc Transporters,Abc Transporters
gene3451,ABCA1,Abc Transporters,Abc Transporters
gene3452,TAP2,Abc Transporters,Abc Transporters
gene3453,ABCA6,Abc Transporters,Abc Transporters
gene3454,TAP1,Abc Transporters,Abc Transporters
gene3455,ABCA5,Abc Transporters,Abc Transporters
gene3456,ABCB8,Abc Transporters,Abc Transporters
gene3457,ABCA10,Abc Transporters,Abc Transporters
gene3458,ABCD4,Abc Transporters,Abc Transporters
gene3459,ABCA3,Abc Transporters,Abc Transporters
gene3460,ABCB11,Abc Transporters,Abc Transporters
gene3461,ABCD3,Abc Transporters,Abc Transporters
gene3462,ABCA2,Abc Transporters,Abc Transporters
gene3463,ABCC2,Abc Transporters,Abc Transporters
gene3464,ABCC11,Abc Transporters,Abc Transporters
gene3465,ABCC6,Abc Transporters,Abc Transporters
gene3466,ABCC3,Abc Transporters,Abc Transporters
gene3467,ABCC9,Abc Transporters,Abc Transporters
gene3468,ABCG2,Abc Transporters,Abc Transporters
gene3469,ABCC4,Abc Transporters,Abc Transporters
gene3470,ABCC5,Abc Transporters,Abc Transporters
gene3471,ABCA12,Abc Transporters,Abc Transporters
gene3472,ABCG1,Abc Transporters,Abc Transporters
gene3473,ABCB4,Abc Transporters,Abc Transporters
gene3474,CFTR,Abc Transporters,Abc Transporters
gene3475,ABCB1,Abc Transporters,Abc Transporters
gene3476,ABCC1,Abc Transporters,Abc Transporters
gene3477,ABCD2,Abc Transporters,Abc Transporters
gene3478,ABCB6,Abc Transporters,Abc Transporters
gene3479,ABCB7,Abc Transporters,Abc Transporters
gene3480,ABCA8,Abc Transporters,Abc Transporters
gene3481,ABCA4,Abc Transporters,Abc Transporters
gene3482,ABCC8,Abc Transporters,Abc Transporters
gene3483,ABCC10,Abc Transporters,Abc Transporters
gene3484,ABCB10,Abc Transporters,Abc Transporters
gene3485,ABCB9,Abc Transporters,Abc Transporters
gene3486,ABCA13,Abc Transporters,Abc Transporters
gene3487,ABCA9,Abc Transporters,Abc Transporters
gene3488,ABCB5,Abc Transporters,Abc Transporters
gene3489,ABCG5,Abc Transporters,Abc Transporters
gene3490,ABCG8,Abc Transporters,Abc Transporters
gene3491,RPL35,Ribosome,Ribosome
gene3492,RPL23,Ribosome,Ribosome
gene3493,RPL3,Ribosome,Ribosome
gene3494,RPL3L,Ribosome,Ribosome
gene3495,RPL31,Ribosome,Ribosome
gene3496,RPL4,Ribosome,Ribosome
gene3497,RPL5,Ribosome,Ribosome
gene3498,RPL32,Ribosome,Ribosome
gene3499,RPS10,Ribosome,Ribosome
gene3500,RPL34,Ribosome,Ribosome
gene3501,RPS11,Ribosome,Ribosome
gene3502,RPS12,Ribosome,Ribosome
gene3503,RPL36AL,Ribosome,Ribosome
gene3504,RPS13,Ribosome,Ribosome
gene3505,RPL35A,Ribosome,Ribosome
gene3506,RPL37A,Ribosome,Ribosome
gene3507,RPS15,Ribosome,Ribosome
gene3508,RPL37,Ribosome,Ribosome
gene3509,RPL38,Ribosome,Ribosome
gene3510,RPL14,Ribosome,Ribosome
gene3511,RPS15A,Ribosome,Ribosome
gene3512,FAU,Ribosome,Ribosome
gene3513,RPSA,Ribosome,Ribosome
gene3514,RPS16,Ribosome,Ribosome
gene3515,RPL27,Ribosome,Ribosome
gene3516,RPS17,Ribosome,Ribosome
gene3517,RPL26,Ribosome,Ribosome
gene3518,RPL24,Ribosome,Ribosome
gene3519,RPL29,Ribosome,Ribosome
gene3520,RPL28,Ribosome,Ribosome
gene3521,RPL27A,Ribosome,Ribosome
gene3522,UBA52,Ribosome,Ribosome
gene3523,RPL30,Ribosome,Ribosome
gene3524,RPL36,Ribosome,Ribosome
gene3525,RPS20,Ribosome,Ribosome
gene3526,RPS19,Ribosome,Ribosome
gene3527,RPS18,Ribosome,Ribosome
gene3528,RPS4X,Ribosome,Ribosome
gene3529,RSL24D1P11,Ribosome,Ribosome
gene3530,RPS4Y1,Ribosome,Ribosome
gene3531,RPS5,Ribosome,Ribosome
gene3532,RPL22L1,Ribosome,Ribosome
gene3533,RPL26L1,Ribosome,Ribosome
gene3534,RPS6,Ribosome,Ribosome
gene3535,RPLP2,Ribosome,Ribosome
gene3536,RPL22,Ribosome,Ribosome
gene3537,RPL23A,Ribosome,Ribosome
gene3538,RPL18,Ribosome,Ribosome
gene3539,RPL18A,Ribosome,Ribosome
gene3540,RPL19,Ribosome,Ribosome
gene3541,RPL21,Ribosome,Ribosome
gene3542,RPS3A,Ribosome,Ribosome
gene3543,RPL10A,Ribosome,Ribosome
gene3544,RPS27L,Ribosome,Ribosome
gene3545,RPS3,Ribosome,Ribosome
gene3546,RPS2,Ribosome,Ribosome
gene3547,MRPL13,Ribosome,Ribosome
gene3548,RPL17,Ribosome,Ribosome
gene3549,RPL15,Ribosome,Ribosome
gene3550,RPL36A,Ribosome,Ribosome
gene3551,RPL12,Ribosome,Ribosome
gene3552,RPL13,Ribosome,Ribosome
gene3553,RPL41,Ribosome,Ribosome
gene3554,RPL10,Ribosome,Ribosome
gene3555,RPL39,Ribosome,Ribosome
gene3556,RPL11,Ribosome,Ribosome
gene3557,RPL8,Ribosome,Ribosome
gene3558,RPL9,Ribosome,Ribosome
gene3559,RPL13A,Ribosome,Ribosome
gene3560,RPL7A,Ribosome,Ribosome
gene3561,RPS26,Ribosome,Ribosome
gene3562,RPS27,Ribosome,Ribosome
gene3563,RPS25,Ribosome,Ribosome
gene3564,RPS29,Ribosome,Ribosome
gene3565,RPLP1,Ribosome,Ribosome
gene3566,RPS27A,Ribosome,Ribosome
gene3567,RPLP0,Ribosome,Ribosome
gene3568,RPS28,Ribosome,Ribosome
gene3569,RPS24,Ribosome,Ribosome
gene3570,RPS9,Ribosome,Ribosome
gene3571,RSL24D1,Ribosome,Ribosome
gene3572,RPS23,Ribosome,Ribosome
gene3573,RPS8,Ribosome,Ribosome
gene3574,RPS21,Ribosome,Ribosome
gene3575,RPS7,Ribosome,Ribosome
gene3576,RPL10L,Ribosome,Ribosome
gene3577,RPL7,Ribosome,Ribosome
gene3578,RPL6,Ribosome,Ribosome
gene3579,LSM5,Rna Degradation,Rna Degradation
gene3580,MPHOSPH6,Rna Degradation,Rna Degradation
gene3581,MTREX,Rna Degradation,Rna Degradation
gene3582,PATL1,Rna Degradation,Rna Degradation
gene3583,EXOSC4,Rna Degradation,Rna Degradation
gene3584,PNPT1,Rna Degradation,Rna Degradation
gene3585,EXOSC2,Rna Degradation,Rna Degradation
gene3586,SKIV2L,Rna Degradation,Rna Degradation
gene3587,XRN2,Rna Degradation,Rna Degradation
gene3588,EXOSC5,Rna Degradation,Rna Degradation
gene3589,TTC37,Rna Degradation,Rna Degradation
gene3590,LSM6,Rna Degradation,Rna Degradation
gene3591,EXOSC3,Rna Degradation,Rna Degradation
gene3592,EXOSC1,Rna Degradation,Rna Degradation
gene3593,EDC4,Rna Degradation,Rna Degradation
gene3594,CNOT3,Rna Degradation,Rna Degradation
gene3595,CNOT2,Rna Degradation,Rna Degradation
gene3596,XRN1,Rna Degradation,Rna Degradation
gene3597,PARN,Rna Degradation,Rna Degradation
gene3598,C1D,Rna Degradation,Rna Degradation
gene3599,PAPOLA,Rna Degradation,Rna Degradation
gene3600,DDX6,Rna Degradation,Rna Degradation
gene3601,DCP1A,Rna Degradation,Rna Degradation
gene3602,ZCCHC7,Rna Degradation,Rna Degradation
gene3603,ENO1,Rna Degradation,Rna Degradation
gene3604,CNOT4,Rna Degradation,Rna Degradation
gene3605,CNOT7,Rna Degradation,Rna Degradation
gene3606,TENT4A,Rna Degradation,Rna Degradation
gene3607,EXOSC8,Rna Degradation,Rna Degradation
gene3608,C1DP3,Rna Degradation,Rna Degradation
gene3609,HSPA9,Rna Degradation,Rna Degradation
gene3610,LSM1,Rna Degradation,Rna Degradation
gene3611,CNOT6L,Rna Degradation,Rna Degradation
gene3612,EXOSC6,Rna Degradation,Rna Degradation
gene3613,LSM7,Rna Degradation,Rna Degradation
gene3614,LSM8,Rna Degradation,Rna Degradation
gene3615,CNOT9,Rna Degradation,Rna Degradation
gene3616,LSM4,Rna Degradation,Rna Degradation
gene3617,CNOT1,Rna Degradation,Rna Degradation
gene3618,CNOT10,Rna Degradation,Rna Degradation
gene3619,EXOSC7,Rna Degradation,Rna Degradation
gene3620,LSM3,Rna Degradation,Rna Degradation
gene3621,DIS3,Rna Degradation,Rna Degradation
gene3622,ENO3,Rna Degradation,Rna Degradation
gene3623,ENO2,Rna Degradation,Rna Degradation
gene3624,CNOT6,Rna Degradation,Rna Degradation
gene3625,C1DP2,Rna Degradation,Rna Degradation
gene3626,LSM2,Rna Degradation,Rna Degradation
gene3627,DCP2,Rna Degradation,Rna Degradation
gene3628,HSPD1,Rna Degradation,Rna Degradation
gene3629,EXOSC9,Rna Degradation,Rna Degradation
gene3630,EXOSC10,Rna Degradation,Rna Degradation
gene3631,EDC3,Rna Degradation,Rna Degradation
gene3632,DCPS,Rna Degradation,Rna Degradation
gene3633,PAPOLB,Rna Degradation,Rna Degradation
gene3634,DCP1B,Rna Degradation,Rna Degradation
gene3635,WDR61,Rna Degradation,Rna Degradation
gene3636,CNOT8,Rna Degradation,Rna Degradation
gene3637,PAPOLG,Rna Degradation,Rna Degradation
gene3638,POLR2G,Rna Polymerase,Rna Polymerase
gene3639,POLR2H,Rna Polymerase,Rna Polymerase
gene3640,POLR2E,Rna Polymerase,Rna Polymerase
gene3641,POLR2F,Rna Polymerase,Rna Polymerase
gene3642,POLR1C,Rna Polymerase,Rna Polymerase
gene3643,POLR2I,Rna Polymerase,Rna Polymerase
gene3644,POLR2J,Rna Polymerase,Rna Polymerase
gene3645,POLR3D,Rna Polymerase,Rna Polymerase
gene3646,POLR1D,Rna Polymerase,Rna Polymerase
gene3647,POLR3K,Rna Polymerase,Rna Polymerase
gene3648,POLR3GL,Rna Polymerase,Rna Polymerase
gene3649,POLR1B,Rna Polymerase,Rna Polymerase
gene3650,POLR2K,Rna Polymerase,Rna Polymerase
gene3651,POLR2J2,Rna Polymerase,Rna Polymerase
gene3652,POLR2L,Rna Polymerase,Rna Polymerase
gene3653,POLR3H,Rna Polymerase,Rna Polymerase
gene3654,POLR1E,Rna Polymerase,Rna Polymerase
gene3655,POLR2J3,Rna Polymerase,Rna Polymerase
gene3656,POLR1A,Rna Polymerase,Rna Polymerase
gene3657,POLR3C,Rna Polymerase,Rna Polymerase
gene3658,POLR2B,Rna Polymerase,Rna Polymerase
gene3659,POLR3A,Rna Polymerase,Rna Polymerase
gene3660,POLR3G,Rna Polymerase,Rna Polymerase
gene3661,POLR3B,Rna Polymerase,Rna Polymerase
gene3662,POLR2A,Rna Polymerase,Rna Polymerase
gene3663,POLR3F,Rna Polymerase,Rna Polymerase
gene3664,POLR2D,Rna Polymerase,Rna Polymerase
gene3665,POLR2C,Rna Polymerase,Rna Polymerase
gene3666,POLR1H,Rna Polymerase,Rna Polymerase
gene3667,DNA2,Dna Replication,Dna Replication
gene3668,POLE4,Dna Replication,Dna Replication
gene3669,POLE3,Dna Replication,Dna Replication
gene3670,PRIM1,Dna Replication,Dna Replication
gene3671,PRIM2,Dna Replication,Dna Replication
gene3672,POLD4,Dna Replication,Dna Replication
gene3673,RFC4,Dna Replication,Dna Replication
gene3674,RFC5,Dna Replication,Dna Replication
gene3675,RPA1,Dna Replication,Dna Replication
gene3676,POLA1,Dna Replication,Dna Replication
gene3677,RPA3,Dna Replication,Dna Replication
gene3678,POLD3,Dna Replication,Dna Replication
gene3679,RNASEH2B,Dna Replication,Dna Replication
gene3680,RPA2,Dna Replication,Dna Replication
gene3681,PCNA,Dna Replication,Dna Replication
gene3682,RPA4,Dna Replication,Dna Replication
gene3683,RNASEH1,Dna Replication,Dna Replication
gene3684,RNASEH2C,Dna Replication,Dna Replication
gene3685,MCM4,Dna Replication,Dna Replication
gene3686,POLE2,Dna Replication,Dna Replication
gene3687,MCM3,Dna Replication,Dna Replication
gene3688,MCM6,Dna Replication,Dna Replication
gene3689,MCM5,Dna Replication,Dna Replication
gene3690,POLA2,Dna Replication,Dna Replication
gene3691,MCM7,Dna Replication,Dna Replication
gene3692,POLD1,Dna Replication,Dna Replication
gene3693,POLD2,Dna Replication,Dna Replication
gene3694,RNASEH2A,Dna Replication,Dna Replication
gene3695,POLE,Dna Replication,Dna Replication
gene3696,RFC1,Dna Replication,Dna Replication
gene3697,RFC3,Dna Replication,Dna Replication
gene3698,RFC2,Dna Replication,Dna Replication
gene3699,MCM2,Dna Replication,Dna Replication
gene3700,FEN1,Dna Replication,Dna Replication
gene3701,LIG1,Dna Replication,Dna Replication
gene3702,SSBP1,Dna Replication,Dna Replication
gene3703,EFTUD2,Spliceosome,Spliceosome
gene3704,LSM5,Spliceosome,Spliceosome
gene3705,SF3A1,Spliceosome,Spliceosome
gene3706,HNRNPA1L2,Spliceosome,Spliceosome
gene3707,SF3B2,Spliceosome,Spliceosome
gene3708,PRPF19,Spliceosome,Spliceosome
gene3709,SNRNP27,Spliceosome,Spliceosome
gene3710,HNRNPA3,Spliceosome,Spliceosome
gene3711,LSM6,Spliceosome,Spliceosome
gene3712,USP39,Spliceosome,Spliceosome
gene3713,DDX42,Spliceosome,Spliceosome
gene3714,NCBP1,Spliceosome,Spliceosome
gene3715,SF3B1,Spliceosome,Spliceosome
gene3716,MAGOH,Spliceosome,Spliceosome
gene3717,CDC40,Spliceosome,Spliceosome
gene3718,SF3B3,Spliceosome,Spliceosome
gene3719,SRSF9,Spliceosome,Spliceosome
gene3720,ACIN1,Spliceosome,Spliceosome
gene3721,TXNL4A,Spliceosome,Spliceosome
gene3722,TCERG1,Spliceosome,Spliceosome
gene3723,U2AF2,Spliceosome,Spliceosome
gene3724,RBM17,Spliceosome,Spliceosome
gene3725,PRPF38B,Spliceosome,Spliceosome
gene3726,THOC1,Spliceosome,Spliceosome
gene3727,PLRG1,Spliceosome,Spliceosome
gene3728,CCDC12,Spliceosome,Spliceosome
gene3729,MAGOHB,Spliceosome,Spliceosome
gene3730,HSPA8,Spliceosome,Spliceosome
gene3731,LSM7,Spliceosome,Spliceosome
gene3732,CHERP,Spliceosome,Spliceosome
gene3733,LSM8,Spliceosome,Spliceosome
gene3734,PQBP1,Spliceosome,Spliceosome
gene3735,RBMX,Spliceosome,Spliceosome
gene3736,LSM4,Spliceosome,Spliceosome
gene3737,EIF4A3,Spliceosome,Spliceosome
gene3738,SF3A3,Spliceosome,Spliceosome
gene3739,DDX46,Spliceosome,Spliceosome
gene3740,RBM25,Spliceosome,Spliceosome
gene3741,PRPF40A,Spliceosome,Spliceosome
gene3742,THOC3,Spliceosome,Spliceosome
gene3743,SNU13,Spliceosome,Spliceosome
gene3744,PRPF40B,Spliceosome,Spliceosome
gene3745,LSM2,Spliceosome,Spliceosome
gene3746,SRSF8,Spliceosome,Spliceosome
gene3747,SF3A2,Spliceosome,Spliceosome
gene3748,SMNDC1,Spliceosome,Spliceosome
gene3749,BCAS2,Spliceosome,Spliceosome
gene3750,NCBP2,Spliceosome,Spliceosome
gene3751,PRPF8,Spliceosome,Spliceosome
gene3752,HNRNPA1P60,Spliceosome,Spliceosome
gene3753,ALYREF,Spliceosome,Spliceosome
gene3754,DDX39B,Spliceosome,Spliceosome
gene3755,CWC15,Spliceosome,Spliceosome
gene3756,DDX23,Spliceosome,Spliceosome
gene3757,PRPF18,Spliceosome,Spliceosome
gene3758,CDC5L,Spliceosome,Spliceosome
gene3759,SF3B5,Spliceosome,Spliceosome
gene3760,SNRNP40,Spliceosome,Spliceosome
gene3761,PRPF31,Spliceosome,Spliceosome
gene3762,SNW1,Spliceosome,Spliceosome
gene3763,DHX15,Spliceosome,Spliceosome
gene3764,WBP11,Spliceosome,Spliceosome
gene3765,HNRNPU,Spliceosome,Spliceosome
gene3766,CTNNBL1,Spliceosome,Spliceosome
gene3767,HNRNPK,Spliceosome,Spliceosome
gene3768,TRA2A,Spliceosome,Spliceosome
gene3769,SNRNP200,Spliceosome,Spliceosome
gene3770,HSPA1L,Spliceosome,Spliceosome
gene3771,HSPA1B,Spliceosome,Spliceosome
gene3772,RBM22,Spliceosome,Spliceosome
gene3773,HSPA2,Spliceosome,Spliceosome
gene3774,HSPA1A,Spliceosome,Spliceosome
gene3775,ZMAT2,Spliceosome,Spliceosome
gene3776,PRPF6,Spliceosome,Spliceosome
gene3777,DHX16,Spliceosome,Spliceosome
gene3778,U2AF1,Spliceosome,Spliceosome
gene3779,PRPF38A,Spliceosome,Spliceosome
gene3780,HNRNPC,Spliceosome,Spliceosome
gene3781,DDX5,Spliceosome,Spliceosome
gene3782,DHX8,Spliceosome,Spliceosome
gene3783,HSPA6,Spliceosome,Spliceosome
gene3784,DHX38,Spliceosome,Spliceosome
gene3785,ISY1,Spliceosome,Spliceosome
gene3786,XAB2,Spliceosome,Spliceosome
gene3787,SNRPG,Spliceosome,Spliceosome
gene3788,SNRPE,Spliceosome,Spliceosome
gene3789,SNRPF,Spliceosome,Spliceosome
gene3790,SNRPD2,Spliceosome,Spliceosome
gene3791,SNRPD3,Spliceosome,Spliceosome
gene3792,SART1,Spliceosome,Spliceosome
gene3793,SYF2,Spliceosome,Spliceosome
gene3794,CRNKL1,Spliceosome,Spliceosome
gene3795,U2SURP,Spliceosome,Spliceosome
gene3796,HNRNPA1,Spliceosome,Spliceosome
gene3797,PRPF3,Spliceosome,Spliceosome
gene3798,AQR,Spliceosome,Spliceosome
gene3799,PRPF4,Spliceosome,Spliceosome
gene3800,LSM3,Spliceosome,Spliceosome
gene3801,SF3B4,Spliceosome,Spliceosome
gene3802,PPIH,Spliceosome,Spliceosome
gene3803,SLU7,Spliceosome,Spliceosome
gene3804,BUD31,Spliceosome,Spliceosome
gene3805,PHF5A,Spliceosome,Spliceosome
gene3806,SRSF10,Spliceosome,Spliceosome
gene3807,SRSF6,Spliceosome,Spliceosome
gene3808,SNRPA,Spliceosome,Spliceosome
gene3809,RBM8A,Spliceosome,Spliceosome
gene3810,SRSF7,Spliceosome,Spliceosome
gene3811,SNRPA1,Spliceosome,Spliceosome
gene3812,HNRNPM,Spliceosome,Spliceosome
gene3813,SNRPB,Spliceosome,Spliceosome
gene3814,TRA2B,Spliceosome,Spliceosome
gene3815,SNRPB2,Spliceosome,Spliceosome
gene3816,PUF60,Spliceosome,Spliceosome
gene3817,SRSF5,Spliceosome,Spliceosome
gene3818,SNRNP70,Spliceosome,Spliceosome
gene3819,PCBP1,Spliceosome,Spliceosome
gene3820,PPIL1,Spliceosome,Spliceosome
gene3821,SF3B6,Spliceosome,Spliceosome
gene3822,SRSF4,Spliceosome,Spliceosome
gene3823,SRSF3,Spliceosome,Spliceosome
gene3824,SNRPD1,Spliceosome,Spliceosome
gene3825,THOC2,Spliceosome,Spliceosome
gene3826,SNRPC,Spliceosome,Spliceosome
gene3827,PPIE,Spliceosome,Spliceosome
gene3828,SRSF2,Spliceosome,Spliceosome
gene3829,SRSF1,Spliceosome,Spliceosome
gene3830,PSMD11,Proteasome,Proteasome
gene3831,PSMD12,Proteasome,Proteasome
gene3832,PSMC1P4,Proteasome,Proteasome
gene3833,PSMD13,Proteasome,Proteasome
gene3834,PSMB11,Proteasome,Proteasome
gene3835,PSMA1,Proteasome,Proteasome
gene3836,PSMD4,Proteasome,Proteasome
gene3837,POMP,Proteasome,Proteasome
gene3838,PSMD6,Proteasome,Proteasome
gene3839,PSMD7,Proteasome,Proteasome
gene3840,PSMA5,Proteasome,Proteasome
gene3841,PSMD8,Proteasome,Proteasome
gene3842,PSMA4,Proteasome,Proteasome
gene3843,PSMA3,Proteasome,Proteasome
gene3844,PSMA2,Proteasome,Proteasome
gene3845,PSMF1,Proteasome,Proteasome
gene3846,IFNG,Proteasome,Proteasome
gene3847,PSME4,Proteasome,Proteasome
gene3848,PSME3,Proteasome,Proteasome
gene3849,PSMB10,Proteasome,Proteasome
gene3850,PSMB9,Proteasome,Proteasome
gene3851,PSMD2,Proteasome,Proteasome
gene3852,PSMD3,Proteasome,Proteasome
gene3853,PSMC6,Proteasome,Proteasome
gene3854,PSMD1,Proteasome,Proteasome
gene3855,PSMC4,Proteasome,Proteasome
gene3856,PSMB3,Proteasome,Proteasome
gene3857,PSMC5,Proteasome,Proteasome
gene3858,PSMD14,Proteasome,Proteasome
gene3859,PSMB2,Proteasome,Proteasome
gene3860,PSME1,Proteasome,Proteasome
gene3861,PSMC3,Proteasome,Proteasome
gene3862,PSMB5,Proteasome,Proteasome
gene3863,PSME2,Proteasome,Proteasome
gene3864,PSMB4,Proteasome,Proteasome
gene3865,SEM1,Proteasome,Proteasome
gene3866,PSMC1,Proteasome,Proteasome
gene3867,PSMB7,Proteasome,Proteasome
gene3868,PSMC2,Proteasome,Proteasome
gene3869,PSMB6,Proteasome,Proteasome
gene3870,PSMB8,Proteasome,Proteasome
gene3871,PSMA6,Proteasome,Proteasome
gene3872,PSMA7,Proteasome,Proteasome
gene3873,PSMB1,Proteasome,Proteasome
gene3874,PSMA8,Proteasome,Proteasome
gene3875,PSMA6P4,Proteasome,Proteasome
gene3876,SRPRA,Protein Export,Protein Export
gene3877,IMMP1L,Protein Export,Protein Export
gene3878,SRP9P1,Protein Export,Protein Export
gene3879,SRP9,Protein Export,Protein Export
gene3880,SRP14,Protein Export,Protein Export
gene3881,SEC61B,Protein Export,Protein Export
gene3882,SEC63,Protein Export,Protein Export
gene3883,SRPRB,Protein Export,Protein Export
gene3884,SRP19,Protein Export,Protein Export
gene3885,SRP54,Protein Export,Protein Export
gene3886,SEC61G,Protein Export,Protein Export
gene3887,HSPA5,Protein Export,Protein Export
gene3888,IMMP2L,Protein Export,Protein Export
gene3889,SEC61A2,Protein Export,Protein Export
gene3890,OXA1L,Protein Export,Protein Export
gene3891,SEC11A,Protein Export,Protein Export
gene3892,SPCS1,Protein Export,Protein Export
gene3893,SEC11C,Protein Export,Protein Export
gene3894,SPCS2,Protein Export,Protein Export
gene3895,SEC62,Protein Export,Protein Export
gene3896,SPCS3,Protein Export,Protein Export
gene3897,SEC61A1,Protein Export,Protein Export
gene3898,SRP72,Protein Export,Protein Export
gene3899,SRP68,Protein Export,Protein Export
gene3900,SLC27A5,Ppar Signaling Pathway,Ppar Signaling Pathway
gene3901,SLC27A4,Ppar Signaling Pathway,Ppar Signaling Pathway
gene3902,SORBS1,Ppar Signaling Pathway,Ppar Signaling Pathway
gene3903,ACADL,Ppar Signaling Pathway,Ppar Signaling Pathway
gene3904,CYP4A11,Ppar Signaling Pathway,Ppar Signaling Pathway
gene3905,ACADM,Ppar Signaling Pathway,Ppar Signaling Pathway
gene3906,APOA2,Ppar Signaling Pathway,Ppar Signaling Pathway
gene3907,CD36,Ppar Signaling Pathway,Ppar Signaling Pathway
gene3908,FADS2,Ppar Signaling Pathway,Ppar Signaling Pathway
gene3909,APOA1,Ppar Signaling Pathway,Ppar Signaling Pathway
gene3910,CYP7A1,Ppar Signaling Pathway,Ppar Signaling Pathway
gene3911,SLC27A1,Ppar Signaling Pathway,Ppar Signaling Pathway
gene3912,SCD,Ppar Signaling Pathway,Ppar Signaling Pathway
gene3913,CYP8B1,Ppar Signaling Pathway,Ppar Signaling Pathway
gene3914,UCP1,Ppar Signaling Pathway,Ppar Signaling Pathway
gene3915,DBI,Ppar Signaling Pathway,Ppar Signaling Pathway
gene3916,NR1H3,Ppar Signaling Pathway,Ppar Signaling Pathway
gene3917,ACSL6,Ppar Signaling Pathway,Ppar Signaling Pathway
gene3918,ME1,Ppar Signaling Pathway,Ppar Signaling Pathway
gene3919,MMP1,Ppar Signaling Pathway,Ppar Signaling Pathway
gene3920,GK,Ppar Signaling Pathway,Ppar Signaling Pathway
gene3921,GK2,Ppar Signaling Pathway,Ppar Signaling Pathway
gene3922,APOA5,Ppar Signaling Pathway,Ppar Signaling Pathway
gene3923,RXRB,Ppar Signaling Pathway,Ppar Signaling Pathway
gene3924,RXRG,Ppar Signaling Pathway,Ppar Signaling Pathway
gene3925,PLTP,Ppar Signaling Pathway,Ppar Signaling Pathway
gene3926,PDPK1,Ppar Signaling Pathway,Ppar Signaling Pathway
gene3927,RXRA,Ppar Signaling Pathway,Ppar Signaling Pathway
gene3928,ILK,Ppar Signaling Pathway,Ppar Signaling Pathway
gene3929,APOC3,Ppar Signaling Pathway,Ppar Signaling Pathway
gene3930,ACOX2,Ppar Signaling Pathway,Ppar Signaling Pathway
gene3931,ACOX3,Ppar Signaling Pathway,Ppar Signaling Pathway
gene3932,CYP27A1,Ppar Signaling Pathway,Ppar Signaling Pathway
gene3933,OLR1,Ppar Signaling Pathway,Ppar Signaling Pathway
gene3934,CPT2,Ppar Signaling Pathway,Ppar Signaling Pathway
gene3935,ACAA1,Ppar Signaling Pathway,Ppar Signaling Pathway
gene3936,CPT1B,Ppar Signaling Pathway,Ppar Signaling Pathway
gene3937,ANGPTL4,Ppar Signaling Pathway,Ppar Signaling Pathway
gene3938,SLC27A2,Ppar Signaling Pathway,Ppar Signaling Pathway
gene3939,LPL,Ppar Signaling Pathway,Ppar Signaling Pathway
gene3940,FABP1,Ppar Signaling Pathway,Ppar Signaling Pathway
gene3941,CPT1A,Ppar Signaling Pathway,Ppar Signaling Pathway
gene3942,PCK2,Ppar Signaling Pathway,Ppar Signaling Pathway
gene3943,FABP4,Ppar Signaling Pathway,Ppar Signaling Pathway
gene3944,CPT1C,Ppar Signaling Pathway,Ppar Signaling Pathway
gene3945,FABP2,Ppar Signaling Pathway,Ppar Signaling Pathway
gene3946,PCK1,Ppar Signaling Pathway,Ppar Signaling Pathway
gene3947,SCP2,Ppar Signaling Pathway,Ppar Signaling Pathway
gene3948,PPARA,Ppar Signaling Pathway,Ppar Signaling Pathway
gene3949,AQP7,Ppar Signaling Pathway,Ppar Signaling Pathway
gene3950,PLIN1,Ppar Signaling Pathway,Ppar Signaling Pathway
gene3951,CYP4A22,Ppar Signaling Pathway,Ppar Signaling Pathway
gene3952,FABP3,Ppar Signaling Pathway,Ppar Signaling Pathway
gene3953,FABP5,Ppar Signaling Pathway,Ppar Signaling Pathway
gene3954,FABP6,Ppar Signaling Pathway,Ppar Signaling Pathway
gene3955,FABP7,Ppar Signaling Pathway,Ppar Signaling Pathway
gene3956,ACSL5,Ppar Signaling Pathway,Ppar Signaling Pathway
gene3957,ADIPOQ,Ppar Signaling Pathway,Ppar Signaling Pathway
gene3958,SLC27A6,Ppar Signaling Pathway,Ppar Signaling Pathway
gene3959,HMGCS2,Ppar Signaling Pathway,Ppar Signaling Pathway
gene3960,EHHADH,Ppar Signaling Pathway,Ppar Signaling Pathway
gene3961,UBC,Ppar Signaling Pathway,Ppar Signaling Pathway
gene3962,PPARG,Ppar Signaling Pathway,Ppar Signaling Pathway
gene3963,PPARD,Ppar Signaling Pathway,Ppar Signaling Pathway
gene3964,ACSL1,Ppar Signaling Pathway,Ppar Signaling Pathway
gene3965,SCD5,Ppar Signaling Pathway,Ppar Signaling Pathway
gene3966,ACOX1,Ppar Signaling Pathway,Ppar Signaling Pathway
gene3967,ACSL3,Ppar Signaling Pathway,Ppar Signaling Pathway
gene3968,ACSL4,Ppar Signaling Pathway,Ppar Signaling Pathway
gene3969,NEIL2,Base Excision Repair,Base Excision Repair
gene3970,MPG,Base Excision Repair,Base Excision Repair
gene3971,SMUG1,Base Excision Repair,Base Excision Repair
gene3972,XRCC1,Base Excision Repair,Base Excision Repair
gene3973,POLE4,Base Excision Repair,Base Excision Repair
gene3974,HMGB1,Base Excision Repair,Base Excision Repair
gene3975,POLE3,Base Excision Repair,Base Excision Repair
gene3976,POLD4,Base Excision Repair,Base Excision Repair
gene3977,MBD4,Base Excision Repair,Base Excision Repair
gene3978,OGG1,Base Excision Repair,Base Excision Repair
gene3979,UNG,Base Excision Repair,Base Excision Repair
gene3980,POLD3,Base Excision Repair,Base Excision Repair
gene3981,PCNA,Base Excision Repair,Base Excision Repair
gene3982,NEIL1,Base Excision Repair,Base Excision Repair
gene3983,POLE2,Base Excision Repair,Base Excision Repair
gene3984,PARP4,Base Excision Repair,Base Excision Repair
gene3985,PARP3,Base Excision Repair,Base Excision Repair
gene3986,PARP2,Base Excision Repair,Base Excision Repair
gene3987,POLB,Base Excision Repair,Base Excision Repair
gene3988,APEX1,Base Excision Repair,Base Excision Repair
gene3989,POLL,Base Excision Repair,Base Excision Repair
gene3990,POLD1,Base Excision Repair,Base Excision Repair
gene3991,POLD2,Base Excision Repair,Base Excision Repair
gene3992,POLE,Base Excision Repair,Base Excision Repair
gene3993,NEIL3,Base Excision Repair,Base Excision Repair
gene3994,TDG,Base Excision Repair,Base Excision Repair
gene3995,APEX2,Base Excision Repair,Base Excision Repair
gene3996,LIG3,Base Excision Repair,Base Excision Repair
gene3997,HMGB1P1,Base Excision Repair,Base Excision Repair
gene3998,NTHL1,Base Excision Repair,Base Excision Repair
gene3999,HMGB1P40,Base Excision Repair,Base Excision Repair
gene4000,FEN1,Base Excision Repair,Base Excision Repair
gene4001,LIG1,Base Excision Repair,Base Excision Repair
gene4002,MUTYH,Base Excision Repair,Base Excision Repair
gene4003,PARP1,Base Excision Repair,Base Excision Repair
gene4004,MNAT1,Nucleotide Excision Repair,Nucleotide Excision Repair
gene4005,POLE4,Nucleotide Excision Repair,Nucleotide Excision Repair
gene4006,ERCC4,Nucleotide Excision Repair,Nucleotide Excision Repair
gene4007,POLE3,Nucleotide Excision Repair,Nucleotide Excision Repair
gene4008,ERCC3,Nucleotide Excision Repair,Nucleotide Excision Repair
gene4009,ERCC6,Nucleotide Excision Repair,Nucleotide Excision Repair
gene4010,ERCC5,Nucleotide Excision Repair,Nucleotide Excision Repair
gene4011,GTF2H5,Nucleotide Excision Repair,Nucleotide Excision Repair
gene4012,POLD4,Nucleotide Excision Repair,Nucleotide Excision Repair
gene4013,ERCC2,Nucleotide Excision Repair,Nucleotide Excision Repair
gene4014,RFC4,Nucleotide Excision Repair,Nucleotide Excision Repair
gene4015,CETN2,Nucleotide Excision Repair,Nucleotide Excision Repair
gene4016,RFC5,Nucleotide Excision Repair,Nucleotide Excision Repair
gene4017,RPA1,Nucleotide Excision Repair,Nucleotide Excision Repair
gene4018,RAD23B,Nucleotide Excision Repair,Nucleotide Excision Repair
gene4019,RBX1,Nucleotide Excision Repair,Nucleotide Excision Repair
gene4020,DDB2,Nucleotide Excision Repair,Nucleotide Excision Repair
gene4021,RPA3,Nucleotide Excision Repair,Nucleotide Excision Repair
gene4022,POLD3,Nucleotide Excision Repair,Nucleotide Excision Repair
gene4023,RPA2,Nucleotide Excision Repair,Nucleotide Excision Repair
gene4024,RAD23A,Nucleotide Excision Repair,Nucleotide Excision Repair
gene4025,PCNA,Nucleotide Excision Repair,Nucleotide Excision Repair
gene4026,RPA4,Nucleotide Excision Repair,Nucleotide Excision Repair
gene4027,DDB1,Nucleotide Excision Repair,Nucleotide Excision Repair
gene4028,POLE2,Nucleotide Excision Repair,Nucleotide Excision Repair
gene4029,ERCC1,Nucleotide Excision Repair,Nucleotide Excision Repair
gene4030,POLD1,Nucleotide Excision Repair,Nucleotide Excision Repair
gene4031,POLD2,Nucleotide Excision Repair,Nucleotide Excision Repair
gene4032,POLE,Nucleotide Excision Repair,Nucleotide Excision Repair
gene4033,RFC1,Nucleotide Excision Repair,Nucleotide Excision Repair
gene4034,RFC3,Nucleotide Excision Repair,Nucleotide Excision Repair
gene4035,RFC2,Nucleotide Excision Repair,Nucleotide Excision Repair
gene4036,XPC,Nucleotide Excision Repair,Nucleotide Excision Repair
gene4037,XPA,Nucleotide Excision Repair,Nucleotide Excision Repair
gene4038,GTF2H2,Nucleotide Excision Repair,Nucleotide Excision Repair
gene4039,GTF2H1,Nucleotide Excision Repair,Nucleotide Excision Repair
gene4040,CDK7,Nucleotide Excision Repair,Nucleotide Excision Repair
gene4041,LIG1,Nucleotide Excision Repair,Nucleotide Excision Repair
gene4042,CUL4A,Nucleotide Excision Repair,Nucleotide Excision Repair
gene4043,CUL4B,Nucleotide Excision Repair,Nucleotide Excision Repair
gene4044,ERCC8,Nucleotide Excision Repair,Nucleotide Excision Repair
gene4045,CCNH,Nucleotide Excision Repair,Nucleotide Excision Repair
gene4046,GTF2H4,Nucleotide Excision Repair,Nucleotide Excision Repair
gene4047,GTF2H3,Nucleotide Excision Repair,Nucleotide Excision Repair
gene4048,MLH3,Mismatch Repair,Mismatch Repair
gene4049,POLD1,Mismatch Repair,Mismatch Repair
gene4050,MLH1,Mismatch Repair,Mismatch Repair
gene4051,POLD2,Mismatch Repair,Mismatch Repair
gene4052,RFC1,Mismatch Repair,Mismatch Repair
gene4053,MSH2,Mismatch Repair,Mismatch Repair
gene4054,RFC3,Mismatch Repair,Mismatch Repair
gene4055,RFC2,Mismatch Repair,Mismatch Repair
gene4056,MSH3,Mismatch Repair,Mismatch Repair
gene4057,POLD4,Mismatch Repair,Mismatch Repair
gene4058,PMS2,Mismatch Repair,Mismatch Repair
gene4059,RFC4,Mismatch Repair,Mismatch Repair
gene4060,LIG1,Mismatch Repair,Mismatch Repair
gene4061,RFC5,Mismatch Repair,Mismatch Repair
gene4062,RPA1,Mismatch Repair,Mismatch Repair
gene4063,MSH6,Mismatch Repair,Mismatch Repair
gene4064,RPA3,Mismatch Repair,Mismatch Repair
gene4065,POLD3,Mismatch Repair,Mismatch Repair
gene4066,RPA2,Mismatch Repair,Mismatch Repair
gene4067,PCNA,Mismatch Repair,Mismatch Repair
gene4068,SSBP1,Mismatch Repair,Mismatch Repair
gene4069,RPA4,Mismatch Repair,Mismatch Repair
gene4070,EXO1,Mismatch Repair,Mismatch Repair
gene4071,RAD54L,Homologous Recombination,Homologous Recombination
gene4072,XRCC3,Homologous Recombination,Homologous Recombination
gene4073,RAD51B,Homologous Recombination,Homologous Recombination
gene4074,NBN,Homologous Recombination,Homologous Recombination
gene4075,RAD52,Homologous Recombination,Homologous Recombination
gene4076,RAD51D,Homologous Recombination,Homologous Recombination
gene4077,XRCC2,Homologous Recombination,Homologous Recombination
gene4078,POLD4,Homologous Recombination,Homologous Recombination
gene4079,BLM,Homologous Recombination,Homologous Recombination
gene4080,EME1,Homologous Recombination,Homologous Recombination
gene4081,RPA1,Homologous Recombination,Homologous Recombination
gene4082,RAD51,Homologous Recombination,Homologous Recombination
gene4083,POLD3,Homologous Recombination,Homologous Recombination
gene4084,RAD50,Homologous Recombination,Homologous Recombination
gene4085,RPA3,Homologous Recombination,Homologous Recombination
gene4086,RPA2,Homologous Recombination,Homologous Recombination
gene4087,RPA4,Homologous Recombination,Homologous Recombination
gene4088,RAD51C,Homologous Recombination,Homologous Recombination
gene4089,MRE11,Homologous Recombination,Homologous Recombination
gene4090,BRCA2,Homologous Recombination,Homologous Recombination
gene4091,POLD1,Homologous Recombination,Homologous Recombination
gene4092,POLD2,Homologous Recombination,Homologous Recombination
gene4093,MUS81,Homologous Recombination,Homologous Recombination
gene4094,TOP3A,Homologous Recombination,Homologous Recombination
gene4095,RAD54B,Homologous Recombination,Homologous Recombination
gene4096,SEM1,Homologous Recombination,Homologous Recombination
gene4097,TOP3B,Homologous Recombination,Homologous Recombination
gene4098,SSBP1,Homologous Recombination,Homologous Recombination
gene4099,JUN,Mapk Signaling Pathway,Mapk Signaling Pathway
gene4100,MEF2C,Mapk Signaling Pathway,Mapk Signaling Pathway
gene4101,ELK4,Mapk Signaling Pathway,Mapk Signaling Pathway
gene4102,ELK1,Mapk Signaling Pathway,Mapk Signaling Pathway
gene4103,JUND,Mapk Signaling Pathway,Mapk Signaling Pathway
gene4104,GADD45B,Mapk Signaling Pathway,Mapk Signaling Pathway
gene4105,MAP3K20,Mapk Signaling Pathway,Mapk Signaling Pathway
gene4106,STMN1,Mapk Signaling Pathway,Mapk Signaling Pathway
gene4107,RRAS2,Mapk Signaling Pathway,Mapk Signaling Pathway
gene4108,MAP3K5,Mapk Signaling Pathway,Mapk Signaling Pathway
gene4109,MAP3K1,Mapk Signaling Pathway,Mapk Signaling Pathway
gene4110,MAP3K3,Mapk Signaling Pathway,Mapk Signaling Pathway
gene4111,MAP3K4,Mapk Signaling Pathway,Mapk Signaling Pathway
gene4112,MAP3K7,Mapk Signaling Pathway,Mapk Signaling Pathway
gene4113,MAP3K8,Mapk Signaling Pathway,Mapk Signaling Pathway
gene4114,AKT1,Mapk Signaling Pathway,Mapk Signaling Pathway
gene4115,AKT2,Mapk Signaling Pathway,Mapk Signaling Pathway
gene4116,ARRB2,Mapk Signaling Pathway,Mapk Signaling Pathway
gene4117,CD14,Mapk Signaling Pathway,Mapk Signaling Pathway
gene4118,ARRB1,Mapk Signaling Pathway,Mapk Signaling Pathway
gene4119,NRAS,Mapk Signaling Pathway,Mapk Signaling Pathway
gene4120,DUSP16,Mapk Signaling Pathway,Mapk Signaling Pathway
gene4121,CHP2,Mapk Signaling Pathway,Mapk Signaling Pathway
gene4122,RASGRP3,Mapk Signaling Pathway,Mapk Signaling Pathway
gene4123,NFKB2,Mapk Signaling Pathway,Mapk Signaling Pathway
gene4124,NFKB1,Mapk Signaling Pathway,Mapk Signaling Pathway
gene4125,MYC,Mapk Signaling Pathway,Mapk Signaling Pathway
gene4126,NFATC4,Mapk Signaling Pathway,Mapk Signaling Pathway
gene4127,MAPK14,Mapk Signaling Pathway,Mapk Signaling Pathway
gene4128,FLNC,Mapk Signaling Pathway,Mapk Signaling Pathway
gene4129,FLNA,Mapk Signaling Pathway,Mapk Signaling Pathway
gene4130,KRAS,Mapk Signaling Pathway,Mapk Signaling Pathway
gene4131,FLNB,Mapk Signaling Pathway,Mapk Signaling Pathway
gene4132,PRKX,Mapk Signaling Pathway,Mapk Signaling Pathway
gene4133,TRAF6,Mapk Signaling Pathway,Mapk Signaling Pathway
gene4134,TGFB2,Mapk Signaling Pathway,Mapk Signaling Pathway
gene4135,DUSP1,Mapk Signaling Pathway,Mapk Signaling Pathway
gene4136,DUSP2,Mapk Signaling Pathway,Mapk Signaling Pathway
gene4137,TGFB1,Mapk Signaling Pathway,Mapk Signaling Pathway
gene4138,TRAF2,Mapk Signaling Pathway,Mapk Signaling Pathway
gene4139,BDNF,Mapk Signaling Pathway,Mapk Signaling Pathway
gene4140,TAB2,Mapk Signaling Pathway,Mapk Signaling Pathway
gene4141,ECSIT,Mapk Signaling Pathway,Mapk Signaling Pathway
gene4142,TGFBR2,Mapk Signaling Pathway,Mapk Signaling Pathway
gene4143,DUSP7,Mapk Signaling Pathway,Mapk Signaling Pathway
gene4144,TGFBR1,Mapk Signaling Pathway,Mapk Signaling Pathway
gene4145,DUSP5,Mapk Signaling Pathway,Mapk Signaling Pathway
gene4146,DUSP6,Mapk Signaling Pathway,Mapk Signaling Pathway
gene4147,DUSP3,Mapk Signaling Pathway,Mapk Signaling Pathway
gene4148,TGFB3,Mapk Signaling Pathway,Mapk Signaling Pathway
gene4149,PLA2G4E,Mapk Signaling Pathway,Mapk Signaling Pathway
gene4150,DUSP4,Mapk Signaling Pathway,Mapk Signaling Pathway
gene4151,CACNG5,Mapk Signaling Pathway,Mapk Signaling Pathway
gene4152,CACNG4,Mapk Signaling Pathway,Mapk Signaling Pathway
gene4153,NF1,Mapk Signaling Pathway,Mapk Signaling Pathway
gene4154,PLA2G12A,Mapk Signaling Pathway,Mapk Signaling Pathway
gene4155,NFATC2,Mapk Signaling Pathway,Mapk Signaling Pathway
gene4156,RASGRP4,Mapk Signaling Pathway,Mapk Signaling Pathway
gene4157,MAP3K2,Mapk Signaling Pathway,Mapk Signaling Pathway
gene4158,MAX,Mapk Signaling Pathway,Mapk Signaling Pathway
gene4159,DUSP10,Mapk Signaling Pathway,Mapk Signaling Pathway
gene4160,FGF9,Mapk Signaling Pathway,Mapk Signaling Pathway
gene4161,FGF8,Mapk Signaling Pathway,Mapk Signaling Pathway
gene4162,FGF7,Mapk Signaling Pathway,Mapk Signaling Pathway
gene4163,FGF6,Mapk Signaling Pathway,Mapk Signaling Pathway
gene4164,FGF5,Mapk Signaling Pathway,Mapk Signaling Pathway
gene4165,FGF3,Mapk Signaling Pathway,Mapk Signaling Pathway
gene4166,FGF4,Mapk Signaling Pathway,Mapk Signaling Pathway
gene4167,FGF1,Mapk Signaling Pathway,Mapk Signaling Pathway
gene4168,FGF2,Mapk Signaling Pathway,Mapk Signaling Pathway
gene4169,PTPN5,Mapk Signaling Pathway,Mapk Signaling Pathway
gene4170,FGF21,Mapk Signaling Pathway,Mapk Signaling Pathway
gene4171,IL1R2,Mapk Signaling Pathway,Mapk Signaling Pathway
gene4172,MAPK9,Mapk Signaling Pathway,Mapk Signaling Pathway
gene4173,CACNA2D3,Mapk Signaling Pathway,Mapk Signaling Pathway
gene4174,MAPK10,Mapk Signaling Pathway,Mapk Signaling Pathway
gene4175,MAPK11,Mapk Signaling Pathway,Mapk Signaling Pathway
gene4176,RASGRP2,Mapk Signaling Pathway,Mapk Signaling Pathway
gene4177,PLA2G2A,Mapk Signaling Pathway,Mapk Signaling Pathway
gene4178,MAP2K2,Mapk Signaling Pathway,Mapk Signaling Pathway
gene4179,PLA2G4A,Mapk Signaling Pathway,Mapk Signaling Pathway
gene4180,MAP2K3,Mapk Signaling Pathway,Mapk Signaling Pathway
gene4181,MECOM,Mapk Signaling Pathway,Mapk Signaling Pathway
gene4182,PLA2G5,Mapk Signaling Pathway,Mapk Signaling Pathway
gene4183,MAPK13,Mapk Signaling Pathway,Mapk Signaling Pathway
gene4184,MAP2K1,Mapk Signaling Pathway,Mapk Signaling Pathway
gene4185,FGFR2,Mapk Signaling Pathway,Mapk Signaling Pathway
gene4186,MAP2K7,Mapk Signaling Pathway,Mapk Signaling Pathway
gene4187,RASA2,Mapk Signaling Pathway,Mapk Signaling Pathway
gene4188,MAPK8IP2,Mapk Signaling Pathway,Mapk Signaling Pathway
gene4189,RASGRF1,Mapk Signaling Pathway,Mapk Signaling Pathway
gene4190,MAP2K5,Mapk Signaling Pathway,Mapk Signaling Pathway
gene4191,RASGRF2,Mapk Signaling Pathway,Mapk Signaling Pathway
gene4192,FGFR4,Mapk Signaling Pathway,Mapk Signaling Pathway
gene4193,MAP2K6,Mapk Signaling Pathway,Mapk Signaling Pathway
gene4194,MAPK8IP3,Mapk Signaling Pathway,Mapk Signaling Pathway
gene4195,MAP3K6,Mapk Signaling Pathway,Mapk Signaling Pathway
gene4196,CASP3,Mapk Signaling Pathway,Mapk Signaling Pathway
gene4197,MAP3K12,Mapk Signaling Pathway,Mapk Signaling Pathway
gene4198,FGFR3,Mapk Signaling Pathway,Mapk Signaling Pathway
gene4199,FGFR1,Mapk Signaling Pathway,Mapk Signaling Pathway
gene4200,RASA1,Mapk Signaling Pathway,Mapk Signaling Pathway
gene4201,FGF14,Mapk Signaling Pathway,Mapk Signaling Pathway
gene4202,RPS6KA2,Mapk Signaling Pathway,Mapk Signaling Pathway
gene4203,RPS6KA3,Mapk Signaling Pathway,Mapk Signaling Pathway
gene4204,FGF17,Mapk Signaling Pathway,Mapk Signaling Pathway
gene4205,FGF16,Mapk Signaling Pathway,Mapk Signaling Pathway
gene4206,FGF10,Mapk Signaling Pathway,Mapk Signaling Pathway
gene4207,GRB2,Mapk Signaling Pathway,Mapk Signaling Pathway
gene4208,FGF11,Mapk Signaling Pathway,Mapk Signaling Pathway
gene4209,FGF12,Mapk Signaling Pathway,Mapk Signaling Pathway
gene4210,FGF13,Mapk Signaling Pathway,Mapk Signaling Pathway
gene4211,PLA2G1B,Mapk Signaling Pathway,Mapk Signaling Pathway
gene4212,RPS6KA1,Mapk Signaling Pathway,Mapk Signaling Pathway
gene4213,MAPKAPK3,Mapk Signaling Pathway,Mapk Signaling Pathway
gene4214,IKBKG,Mapk Signaling Pathway,Mapk Signaling Pathway
gene4215,HRAS,Mapk Signaling Pathway,Mapk Signaling Pathway
gene4216,CACNG2,Mapk Signaling Pathway,Mapk Signaling Pathway
gene4217,FGF23,Mapk Signaling Pathway,Mapk Signaling Pathway
gene4218,CACNG3,Mapk Signaling Pathway,Mapk Signaling Pathway
gene4219,MKNK2,Mapk Signaling Pathway,Mapk Signaling Pathway
gene4220,FGF18,Mapk Signaling Pathway,Mapk Signaling Pathway
gene4221,STK4,Mapk Signaling Pathway,Mapk Signaling Pathway
gene4222,STK3,Mapk Signaling Pathway,Mapk Signaling Pathway
gene4223,MAPK8IP1,Mapk Signaling Pathway,Mapk Signaling Pathway
gene4224,MOS,Mapk Signaling Pathway,Mapk Signaling Pathway
gene4225,RAP1A,Mapk Signaling Pathway,Mapk Signaling Pathway
gene4226,MAPT,Mapk Signaling Pathway,Mapk Signaling Pathway
gene4227,RAP1B,Mapk Signaling Pathway,Mapk Signaling Pathway
gene4228,PPP3CB,Mapk Signaling Pathway,Mapk Signaling Pathway
gene4229,PPP3CA,Mapk Signaling Pathway,Mapk Signaling Pathway
gene4230,CACNA1H,Mapk Signaling Pathway,Mapk Signaling Pathway
gene4231,CACNA1G,Mapk Signaling Pathway,Mapk Signaling Pathway
gene4232,CACNA1I,Mapk Signaling Pathway,Mapk Signaling Pathway
gene4233,ATF4,Mapk Signaling Pathway,Mapk Signaling Pathway
gene4234,TAB1,Mapk Signaling Pathway,Mapk Signaling Pathway
gene4235,FOS,Mapk Signaling Pathway,Mapk Signaling Pathway
gene4236,TAOK2,Mapk Signaling Pathway,Mapk Signaling Pathway
gene4237,RPS6KA6,Mapk Signaling Pathway,Mapk Signaling Pathway
gene4238,PPP3R2,Mapk Signaling Pathway,Mapk Signaling Pathway
gene4239,CACNG8,Mapk Signaling Pathway,Mapk Signaling Pathway
gene4240,PPP5C,Mapk Signaling Pathway,Mapk Signaling Pathway
gene4241,PPP3CC,Mapk Signaling Pathway,Mapk Signaling Pathway
gene4242,CACNG6,Mapk Signaling Pathway,Mapk Signaling Pathway
gene4243,PPP3R1,Mapk Signaling Pathway,Mapk Signaling Pathway
gene4244,CACNG7,Mapk Signaling Pathway,Mapk Signaling Pathway
gene4245,MAP2K4,Mapk Signaling Pathway,Mapk Signaling Pathway
gene4246,ATF2,Mapk Signaling Pathway,Mapk Signaling Pathway
gene4247,PDGFRB,Mapk Signaling Pathway,Mapk Signaling Pathway
gene4248,JMJD7-PLA2G4B,Mapk Signaling Pathway,Mapk Signaling Pathway
gene4249,MAP4K3,Mapk Signaling Pathway,Mapk Signaling Pathway
gene4250,PLA2G6,Mapk Signaling Pathway,Mapk Signaling Pathway
gene4251,PLA2G2E,Mapk Signaling Pathway,Mapk Signaling Pathway
gene4252,PLA2G10,Mapk Signaling Pathway,Mapk Signaling Pathway
gene4253,MAP4K4,Mapk Signaling Pathway,Mapk Signaling Pathway
gene4254,RPS6KA5,Mapk Signaling Pathway,Mapk Signaling Pathway
gene4255,BRAF,Mapk Signaling Pathway,Mapk Signaling Pathway
gene4256,IKBKB,Mapk Signaling Pathway,Mapk Signaling Pathway
gene4257,PLA2G4B,Mapk Signaling Pathway,Mapk Signaling Pathway
gene4258,MAP3K11,Mapk Signaling Pathway,Mapk Signaling Pathway
gene4259,CACNA2D2,Mapk Signaling Pathway,Mapk Signaling Pathway
gene4260,IL1A,Mapk Signaling Pathway,Mapk Signaling Pathway
gene4261,PLA2G2F,Mapk Signaling Pathway,Mapk Signaling Pathway
gene4262,DAXX,Mapk Signaling Pathway,Mapk Signaling Pathway
gene4263,AKT3,Mapk Signaling Pathway,Mapk Signaling Pathway
gene4264,GADD45G,Mapk Signaling Pathway,Mapk Signaling Pathway
gene4265,FGF20,Mapk Signaling Pathway,Mapk Signaling Pathway
gene4266,RELB,Mapk Signaling Pathway,Mapk Signaling Pathway
gene4267,MAPKAPK5,Mapk Signaling Pathway,Mapk Signaling Pathway
gene4268,MAPK12,Mapk Signaling Pathway,Mapk Signaling Pathway
gene4269,RELA,Mapk Signaling Pathway,Mapk Signaling Pathway
gene4270,GNA12,Mapk Signaling Pathway,Mapk Signaling Pathway
gene4271,HSPA8,Mapk Signaling Pathway,Mapk Signaling Pathway
gene4272,HSPB1,Mapk Signaling Pathway,Mapk Signaling Pathway
gene4273,PTPRR,Mapk Signaling Pathway,Mapk Signaling Pathway
gene4274,LAMTOR3,Mapk Signaling Pathway,Mapk Signaling Pathway
gene4275,GADD45A,Mapk Signaling Pathway,Mapk Signaling Pathway
gene4276,NGF,Mapk Signaling Pathway,Mapk Signaling Pathway
gene4277,DDIT3,Mapk Signaling Pathway,Mapk Signaling Pathway
gene4278,MAP3K14,Mapk Signaling Pathway,Mapk Signaling Pathway
gene4279,TAOK1,Mapk Signaling Pathway,Mapk Signaling Pathway
gene4280,PDGFA,Mapk Signaling Pathway,Mapk Signaling Pathway
gene4281,FGF22,Mapk Signaling Pathway,Mapk Signaling Pathway
gene4282,PDGFB,Mapk Signaling Pathway,Mapk Signaling Pathway
gene4283,NLK,Mapk Signaling Pathway,Mapk Signaling Pathway
gene4284,PDGFRA,Mapk Signaling Pathway,Mapk Signaling Pathway
gene4285,PRKACA,Mapk Signaling Pathway,Mapk Signaling Pathway
gene4286,PRKACB,Mapk Signaling Pathway,Mapk Signaling Pathway
gene4287,PAK1,Mapk Signaling Pathway,Mapk Signaling Pathway
gene4288,PRKACG,Mapk Signaling Pathway,Mapk Signaling Pathway
gene4289,CRK,Mapk Signaling Pathway,Mapk Signaling Pathway
gene4290,CDC25B,Mapk Signaling Pathway,Mapk Signaling Pathway
gene4291,CRKL,Mapk Signaling Pathway,Mapk Signaling Pathway
gene4292,MAP3K13,Mapk Signaling Pathway,Mapk Signaling Pathway
gene4293,PLA2G2D,Mapk Signaling Pathway,Mapk Signaling Pathway
gene4294,CDC42,Mapk Signaling Pathway,Mapk Signaling Pathway
gene4295,RASGRP1,Mapk Signaling Pathway,Mapk Signaling Pathway
gene4296,CACNA2D1,Mapk Signaling Pathway,Mapk Signaling Pathway
gene4297,CACNB1,Mapk Signaling Pathway,Mapk Signaling Pathway
gene4298,SRF,Mapk Signaling Pathway,Mapk Signaling Pathway
gene4299,CACNB2,Mapk Signaling Pathway,Mapk Signaling Pathway
gene4300,SOS2,Mapk Signaling Pathway,Mapk Signaling Pathway
gene4301,CACNB3,Mapk Signaling Pathway,Mapk Signaling Pathway
gene4302,CACNB4,Mapk Signaling Pathway,Mapk Signaling Pathway
gene4303,CHUK,Mapk Signaling Pathway,Mapk Signaling Pathway
gene4304,CACNG1,Mapk Signaling Pathway,Mapk Signaling Pathway
gene4305,PRKCB,Mapk Signaling Pathway,Mapk Signaling Pathway
gene4306,RAF1,Mapk Signaling Pathway,Mapk Signaling Pathway
gene4307,PRKCA,Mapk Signaling Pathway,Mapk Signaling Pathway
gene4308,TNF,Mapk Signaling Pathway,Mapk Signaling Pathway
gene4309,PAK2,Mapk Signaling Pathway,Mapk Signaling Pathway
gene4310,MKNK1,Mapk Signaling Pathway,Mapk Signaling Pathway
gene4311,PLA2G3,Mapk Signaling Pathway,Mapk Signaling Pathway
gene4312,PRKCG,Mapk Signaling Pathway,Mapk Signaling Pathway
gene4313,PTPN7,Mapk Signaling Pathway,Mapk Signaling Pathway
gene4314,RAPGEF2,Mapk Signaling Pathway,Mapk Signaling Pathway
gene4315,HSPA1L,Mapk Signaling Pathway,Mapk Signaling Pathway
gene4316,CACNA1A,Mapk Signaling Pathway,Mapk Signaling Pathway
gene4317,HSPA1B,Mapk Signaling Pathway,Mapk Signaling Pathway
gene4318,RAC2,Mapk Signaling Pathway,Mapk Signaling Pathway
gene4319,HSPA2,Mapk Signaling Pathway,Mapk Signaling Pathway
gene4320,CACNA1D,Mapk Signaling Pathway,Mapk Signaling Pathway
gene4321,CACNA1E,Mapk Signaling Pathway,Mapk Signaling Pathway
gene4322,RAC3,Mapk Signaling Pathway,Mapk Signaling Pathway
gene4323,CACNA1B,Mapk Signaling Pathway,Mapk Signaling Pathway
gene4324,HSPA1A,Mapk Signaling Pathway,Mapk Signaling Pathway
gene4325,PLA2G12B,Mapk Signaling Pathway,Mapk Signaling Pathway
gene4326,CACNA1C,Mapk Signaling Pathway,Mapk Signaling Pathway
gene4327,DUSP8,Mapk Signaling Pathway,Mapk Signaling Pathway
gene4328,CACNA1F,Mapk Signaling Pathway,Mapk Signaling Pathway
gene4329,CACNA1S,Mapk Signaling Pathway,Mapk Signaling Pathway
gene4330,MAP4K1,Mapk Signaling Pathway,Mapk Signaling Pathway
gene4331,TNFRSF1A,Mapk Signaling Pathway,Mapk Signaling Pathway
gene4332,DUSP9,Mapk Signaling Pathway,Mapk Signaling Pathway
gene4333,PPM1A,Mapk Signaling Pathway,Mapk Signaling Pathway
gene4334,PPM1B,Mapk Signaling Pathway,Mapk Signaling Pathway
gene4335,MAPK3,Mapk Signaling Pathway,Mapk Signaling Pathway
gene4336,RPS6KA4,Mapk Signaling Pathway,Mapk Signaling Pathway
gene4337,CACNA2D4,Mapk Signaling Pathway,Mapk Signaling Pathway
gene4338,HSPA6,Mapk Signaling Pathway,Mapk Signaling Pathway
gene4339,MAPK7,Mapk Signaling Pathway,Mapk Signaling Pathway
gene4340,FGF19,Mapk Signaling Pathway,Mapk Signaling Pathway
gene4341,RAC1,Mapk Signaling Pathway,Mapk Signaling Pathway
gene4342,SOS1,Mapk Signaling Pathway,Mapk Signaling Pathway
gene4343,MAPK1,Mapk Signaling Pathway,Mapk Signaling Pathway
gene4344,DUSP14,Mapk Signaling Pathway,Mapk Signaling Pathway
gene4345,MAP4K2,Mapk Signaling Pathway,Mapk Signaling Pathway
gene4346,MAPK8,Mapk Signaling Pathway,Mapk Signaling Pathway
gene4347,EGFR,Mapk Signaling Pathway,Mapk Signaling Pathway
gene4348,MAPKAPK2,Mapk Signaling Pathway,Mapk Signaling Pathway
gene4349,EGF,Mapk Signaling Pathway,Mapk Signaling Pathway
gene4350,RRAS,Mapk Signaling Pathway,Mapk Signaling Pathway
gene4351,TAOK3,Mapk Signaling Pathway,Mapk Signaling Pathway
gene4352,GNG12,Mapk Signaling Pathway,Mapk Signaling Pathway
gene4353,NTF4,Mapk Signaling Pathway,Mapk Signaling Pathway
gene4354,IL1B,Mapk Signaling Pathway,Mapk Signaling Pathway
gene4355,MRAS,Mapk Signaling Pathway,Mapk Signaling Pathway
gene4356,NTF3,Mapk Signaling Pathway,Mapk Signaling Pathway
gene4357,IL1R1,Mapk Signaling Pathway,Mapk Signaling Pathway
gene4358,TP53,Mapk Signaling Pathway,Mapk Signaling Pathway
gene4359,FAS,Mapk Signaling Pathway,Mapk Signaling Pathway
gene4360,NR4A1,Mapk Signaling Pathway,Mapk Signaling Pathway
gene4361,PLA2G2C,Mapk Signaling Pathway,Mapk Signaling Pathway
gene4362,FASLG,Mapk Signaling Pathway,Mapk Signaling Pathway
gene4363,NTRK2,Mapk Signaling Pathway,Mapk Signaling Pathway
gene4364,NTRK1,Mapk Signaling Pathway,Mapk Signaling Pathway
gene4365,CHP1,Mapk Signaling Pathway,Mapk Signaling Pathway
gene4366,JUN,Erbb Signaling Pathway,Erbb Signaling Pathway
gene4367,SOS2,Erbb Signaling Pathway,Erbb Signaling Pathway
gene4368,PAK3,Erbb Signaling Pathway,Erbb Signaling Pathway
gene4369,RAF1,Erbb Signaling Pathway,Erbb Signaling Pathway
gene4370,PRKCB,Erbb Signaling Pathway,Erbb Signaling Pathway
gene4371,BTC,Erbb Signaling Pathway,Erbb Signaling Pathway
gene4372,SHC1,Erbb Signaling Pathway,Erbb Signaling Pathway
gene4373,PRKCA,Erbb Signaling Pathway,Erbb Signaling Pathway
gene4374,ELK1,Erbb Signaling Pathway,Erbb Signaling Pathway
gene4375,NRG1,Erbb Signaling Pathway,Erbb Signaling Pathway
gene4376,PAK2,Erbb Signaling Pathway,Erbb Signaling Pathway
gene4377,MTOR,Erbb Signaling Pathway,Erbb Signaling Pathway
gene4378,PAK4,Erbb Signaling Pathway,Erbb Signaling Pathway
gene4379,MAP2K4,Erbb Signaling Pathway,Erbb Signaling Pathway
gene4380,EIF4EBP1,Erbb Signaling Pathway,Erbb Signaling Pathway
gene4381,BAD,Erbb Signaling Pathway,Erbb Signaling Pathway
gene4382,PRKCG,Erbb Signaling Pathway,Erbb Signaling Pathway
gene4383,NRG3,Erbb Signaling Pathway,Erbb Signaling Pathway
gene4384,MAPK9,Erbb Signaling Pathway,Erbb Signaling Pathway
gene4385,ERBB4,Erbb Signaling Pathway,Erbb Signaling Pathway
gene4386,MAPK10,Erbb Signaling Pathway,Erbb Signaling Pathway
gene4387,PTK2,Erbb Signaling Pathway,Erbb Signaling Pathway
gene4388,ERBB2,Erbb Signaling Pathway,Erbb Signaling Pathway
gene4389,ERBB3,Erbb Signaling Pathway,Erbb Signaling Pathway
gene4390,MAP2K2,Erbb Signaling Pathway,Erbb Signaling Pathway
gene4391,TGFA,Erbb Signaling Pathway,Erbb Signaling Pathway
gene4392,BRAF,Erbb Signaling Pathway,Erbb Signaling Pathway
gene4393,MAP2K1,Erbb Signaling Pathway,Erbb Signaling Pathway
gene4394,MAP2K7,Erbb Signaling Pathway,Erbb Signaling Pathway
gene4395,ABL1,Erbb Signaling Pathway,Erbb Signaling Pathway
gene4396,NRG2,Erbb Signaling Pathway,Erbb Signaling Pathway
gene4397,AKT1,Erbb Signaling Pathway,Erbb Signaling Pathway
gene4398,ABL2,Erbb Signaling Pathway,Erbb Signaling Pathway
gene4399,AKT2,Erbb Signaling Pathway,Erbb Signaling Pathway
gene4400,SHC4,Erbb Signaling Pathway,Erbb Signaling Pathway
gene4401,RPS6KB1,Erbb Signaling Pathway,Erbb Signaling Pathway
gene4402,RPS6KB2,Erbb Signaling Pathway,Erbb Signaling Pathway
gene4403,AKT3,Erbb Signaling Pathway,Erbb Signaling Pathway
gene4404,NRAS,Erbb Signaling Pathway,Erbb Signaling Pathway
gene4405,GRB2,Erbb Signaling Pathway,Erbb Signaling Pathway
gene4406,AREG,Erbb Signaling Pathway,Erbb Signaling Pathway
gene4407,STAT5B,Erbb Signaling Pathway,Erbb Signaling Pathway
gene4408,MAPK3,Erbb Signaling Pathway,Erbb Signaling Pathway
gene4409,STAT5A,Erbb Signaling Pathway,Erbb Signaling Pathway
gene4410,PAK6,Erbb Signaling Pathway,Erbb Signaling Pathway
gene4411,SOS1,Erbb Signaling Pathway,Erbb Signaling Pathway
gene4412,MYC,Erbb Signaling Pathway,Erbb Signaling Pathway
gene4413,MAPK1,Erbb Signaling Pathway,Erbb Signaling Pathway
gene4414,NCK1,Erbb Signaling Pathway,Erbb Signaling Pathway
gene4415,PIK3R5,Erbb Signaling Pathway,Erbb Signaling Pathway
gene4416,NRG4,Erbb Signaling Pathway,Erbb Signaling Pathway
gene4417,HRAS,Erbb Signaling Pathway,Erbb Signaling Pathway
gene4418,MAPK8,Erbb Signaling Pathway,Erbb Signaling Pathway
gene4419,EGFR,Erbb Signaling Pathway,Erbb Signaling Pathway
gene4420,GSK3B,Erbb Signaling Pathway,Erbb Signaling Pathway
gene4421,CBLB,Erbb Signaling Pathway,Erbb Signaling Pathway
gene4422,KRAS,Erbb Signaling Pathway,Erbb Signaling Pathway
gene4423,CBL,Erbb Signaling Pathway,Erbb Signaling Pathway
gene4424,SHC3,Erbb Signaling Pathway,Erbb Signaling Pathway
gene4425,CDKN1B,Erbb Signaling Pathway,Erbb Signaling Pathway
gene4426,CDKN1A,Erbb Signaling Pathway,Erbb Signaling Pathway
gene4427,EGF,Erbb Signaling Pathway,Erbb Signaling Pathway
gene4428,EREG,Erbb Signaling Pathway,Erbb Signaling Pathway
gene4429,ARAF,Erbb Signaling Pathway,Erbb Signaling Pathway
gene4430,NCK2,Erbb Signaling Pathway,Erbb Signaling Pathway
gene4431,PAK5,Erbb Signaling Pathway,Erbb Signaling Pathway
gene4432,SRC,Erbb Signaling Pathway,Erbb Signaling Pathway
gene4433,PIK3R3,Erbb Signaling Pathway,Erbb Signaling Pathway
gene4434,CAMK2A,Erbb Signaling Pathway,Erbb Signaling Pathway
gene4435,CAMK2B,Erbb Signaling Pathway,Erbb Signaling Pathway
gene4436,CAMK2D,Erbb Signaling Pathway,Erbb Signaling Pathway
gene4437,CAMK2G,Erbb Signaling Pathway,Erbb Signaling Pathway
gene4438,PAK1,Erbb Signaling Pathway,Erbb Signaling Pathway
gene4439,CBLC,Erbb Signaling Pathway,Erbb Signaling Pathway
gene4440,CRK,Erbb Signaling Pathway,Erbb Signaling Pathway
gene4441,PIK3CA,Erbb Signaling Pathway,Erbb Signaling Pathway
gene4442,PIK3CB,Erbb Signaling Pathway,Erbb Signaling Pathway
gene4443,CRKL,Erbb Signaling Pathway,Erbb Signaling Pathway
gene4444,PIK3CD,Erbb Signaling Pathway,Erbb Signaling Pathway
gene4445,GAB1,Erbb Signaling Pathway,Erbb Signaling Pathway
gene4446,PLCG1,Erbb Signaling Pathway,Erbb Signaling Pathway
gene4447,PLCG2,Erbb Signaling Pathway,Erbb Signaling Pathway
gene4448,SHC2,Erbb Signaling Pathway,Erbb Signaling Pathway
gene4449,HBEGF,Erbb Signaling Pathway,Erbb Signaling Pathway
gene4450,PIK3CG,Erbb Signaling Pathway,Erbb Signaling Pathway
gene4451,PIK3R1,Erbb Signaling Pathway,Erbb Signaling Pathway
gene4452,PIK3R2,Erbb Signaling Pathway,Erbb Signaling Pathway
gene4453,CALM2,Calcium Signaling Pathway,Calcium Signaling Pathway
gene4454,PTGFR,Calcium Signaling Pathway,Calcium Signaling Pathway
gene4455,BST1,Calcium Signaling Pathway,Calcium Signaling Pathway
gene4456,PTGER1,Calcium Signaling Pathway,Calcium Signaling Pathway
gene4457,F2R,Calcium Signaling Pathway,Calcium Signaling Pathway
gene4458,CALM1,Calcium Signaling Pathway,Calcium Signaling Pathway
gene4459,PTGER3,Calcium Signaling Pathway,Calcium Signaling Pathway
gene4460,ATP2A1,Calcium Signaling Pathway,Calcium Signaling Pathway
gene4461,OXTR,Calcium Signaling Pathway,Calcium Signaling Pathway
gene4462,PPP3R2,Calcium Signaling Pathway,Calcium Signaling Pathway
gene4463,P2RX4,Calcium Signaling Pathway,Calcium Signaling Pathway
gene4464,TACR3,Calcium Signaling Pathway,Calcium Signaling Pathway
gene4465,P2RX5,Calcium Signaling Pathway,Calcium Signaling Pathway
gene4466,PPP3CC,Calcium Signaling Pathway,Calcium Signaling Pathway
gene4467,ADRB3,Calcium Signaling Pathway,Calcium Signaling Pathway
gene4468,ATP2A3,Calcium Signaling Pathway,Calcium Signaling Pathway
gene4469,P2RX1,Calcium Signaling Pathway,Calcium Signaling Pathway
gene4470,PPP3R1,Calcium Signaling Pathway,Calcium Signaling Pathway
gene4471,ADRB2,Calcium Signaling Pathway,Calcium Signaling Pathway
gene4472,ATP2A2,Calcium Signaling Pathway,Calcium Signaling Pathway
gene4473,P2RX3,Calcium Signaling Pathway,Calcium Signaling Pathway
gene4474,ADRB1,Calcium Signaling Pathway,Calcium Signaling Pathway
gene4475,TACR1,Calcium Signaling Pathway,Calcium Signaling Pathway
gene4476,TACR2,Calcium Signaling Pathway,Calcium Signaling Pathway
gene4477,SPHK1,Calcium Signaling Pathway,Calcium Signaling Pathway
gene4478,CCKAR,Calcium Signaling Pathway,Calcium Signaling Pathway
gene4479,CCKBR,Calcium Signaling Pathway,Calcium Signaling Pathway
gene4480,NTSR1,Calcium Signaling Pathway,Calcium Signaling Pathway
gene4481,PDGFRB,Calcium Signaling Pathway,Calcium Signaling Pathway
gene4482,VDAC2P5,Calcium Signaling Pathway,Calcium Signaling Pathway
gene4483,SLC8A1,Calcium Signaling Pathway,Calcium Signaling Pathway
gene4484,ITPR3,Calcium Signaling Pathway,Calcium Signaling Pathway
gene4485,SLC8A3,Calcium Signaling Pathway,Calcium Signaling Pathway
gene4486,PLCD3,Calcium Signaling Pathway,Calcium Signaling Pathway
gene4487,EDNRA,Calcium Signaling Pathway,Calcium Signaling Pathway
gene4488,P2RX7,Calcium Signaling Pathway,Calcium Signaling Pathway
gene4489,CHP2,Calcium Signaling Pathway,Calcium Signaling Pathway
gene4490,DRD1,Calcium Signaling Pathway,Calcium Signaling Pathway
gene4491,DRD5,Calcium Signaling Pathway,Calcium Signaling Pathway
gene4492,TRHR,Calcium Signaling Pathway,Calcium Signaling Pathway
gene4493,EDNRB,Calcium Signaling Pathway,Calcium Signaling Pathway
gene4494,PHKB,Calcium Signaling Pathway,Calcium Signaling Pathway
gene4495,PHKA2,Calcium Signaling Pathway,Calcium Signaling Pathway
gene4496,PHKA1,Calcium Signaling Pathway,Calcium Signaling Pathway
gene4497,GNA15,Calcium Signaling Pathway,Calcium Signaling Pathway
gene4498,GNA11,Calcium Signaling Pathway,Calcium Signaling Pathway
gene4499,VDAC1,Calcium Signaling Pathway,Calcium Signaling Pathway
gene4500,VDAC2,Calcium Signaling Pathway,Calcium Signaling Pathway
gene4501,CHRM1,Calcium Signaling Pathway,Calcium Signaling Pathway
gene4502,VDAC3,Calcium Signaling Pathway,Calcium Signaling Pathway
gene4503,CHRM2,Calcium Signaling Pathway,Calcium Signaling Pathway
gene4504,PRKX,Calcium Signaling Pathway,Calcium Signaling Pathway
gene4505,PLN,Calcium Signaling Pathway,Calcium Signaling Pathway
gene4506,BDKRB1,Calcium Signaling Pathway,Calcium Signaling Pathway
gene4507,MYLK,Calcium Signaling Pathway,Calcium Signaling Pathway
gene4508,PLCE1,Calcium Signaling Pathway,Calcium Signaling Pathway
gene4509,CHRM3,Calcium Signaling Pathway,Calcium Signaling Pathway
gene4510,ADCY3,Calcium Signaling Pathway,Calcium Signaling Pathway
gene4511,CALML5,Calcium Signaling Pathway,Calcium Signaling Pathway
gene4512,LTB4R2,Calcium Signaling Pathway,Calcium Signaling Pathway
gene4513,ADCY2,Calcium Signaling Pathway,Calcium Signaling Pathway
gene4514,ADCY1,Calcium Signaling Pathway,Calcium Signaling Pathway
gene4515,BDKRB2,Calcium Signaling Pathway,Calcium Signaling Pathway
gene4516,PDE1C,Calcium Signaling Pathway,Calcium Signaling Pathway
gene4517,CYSLTR1,Calcium Signaling Pathway,Calcium Signaling Pathway
gene4518,GNA14,Calcium Signaling Pathway,Calcium Signaling Pathway
gene4519,PDE1B,Calcium Signaling Pathway,Calcium Signaling Pathway
gene4520,CAMK4,Calcium Signaling Pathway,Calcium Signaling Pathway
gene4521,CAMK2A,Calcium Signaling Pathway,Calcium Signaling Pathway
gene4522,CAMK2B,Calcium Signaling Pathway,Calcium Signaling Pathway
gene4523,PDGFRA,Calcium Signaling Pathway,Calcium Signaling Pathway
gene4524,CAMK2D,Calcium Signaling Pathway,Calcium Signaling Pathway
gene4525,CAMK2G,Calcium Signaling Pathway,Calcium Signaling Pathway
gene4526,PRKACA,Calcium Signaling Pathway,Calcium Signaling Pathway
gene4527,PRKACB,Calcium Signaling Pathway,Calcium Signaling Pathway
gene4528,GNAQ,Calcium Signaling Pathway,Calcium Signaling Pathway
gene4529,SLC25A6,Calcium Signaling Pathway,Calcium Signaling Pathway
gene4530,PRKACG,Calcium Signaling Pathway,Calcium Signaling Pathway
gene4531,GNAS,Calcium Signaling Pathway,Calcium Signaling Pathway
gene4532,SLC25A5,Calcium Signaling Pathway,Calcium Signaling Pathway
gene4533,CALML3,Calcium Signaling Pathway,Calcium Signaling Pathway
gene4534,SLC25A4,Calcium Signaling Pathway,Calcium Signaling Pathway
gene4535,GNAL,Calcium Signaling Pathway,Calcium Signaling Pathway
gene4536,ATP2B2,Calcium Signaling Pathway,Calcium Signaling Pathway
gene4537,ATP2B3,Calcium Signaling Pathway,Calcium Signaling Pathway
gene4538,ATP2B4,Calcium Signaling Pathway,Calcium Signaling Pathway
gene4539,PLCG1,Calcium Signaling Pathway,Calcium Signaling Pathway
gene4540,PLCG2,Calcium Signaling Pathway,Calcium Signaling Pathway
gene4541,PLCZ1,Calcium Signaling Pathway,Calcium Signaling Pathway
gene4542,AGTR1,Calcium Signaling Pathway,Calcium Signaling Pathway
gene4543,ATP2B1,Calcium Signaling Pathway,Calcium Signaling Pathway
gene4544,CALM3,Calcium Signaling Pathway,Calcium Signaling Pathway
gene4545,PTK2B,Calcium Signaling Pathway,Calcium Signaling Pathway
gene4546,TRPC1,Calcium Signaling Pathway,Calcium Signaling Pathway
gene4547,SLC25A31,Calcium Signaling Pathway,Calcium Signaling Pathway
gene4548,PLCB2,Calcium Signaling Pathway,Calcium Signaling Pathway
gene4549,GRM5,Calcium Signaling Pathway,Calcium Signaling Pathway
gene4550,ADCY8,Calcium Signaling Pathway,Calcium Signaling Pathway
gene4551,RYR1,Calcium Signaling Pathway,Calcium Signaling Pathway
gene4552,PLCB1,Calcium Signaling Pathway,Calcium Signaling Pathway
gene4553,ADCY9,Calcium Signaling Pathway,Calcium Signaling Pathway
gene4554,PLCD1,Calcium Signaling Pathway,Calcium Signaling Pathway
gene4555,PRKCB,Calcium Signaling Pathway,Calcium Signaling Pathway
gene4556,ADCY7,Calcium Signaling Pathway,Calcium Signaling Pathway
gene4557,PRKCA,Calcium Signaling Pathway,Calcium Signaling Pathway
gene4558,PLCB3,Calcium Signaling Pathway,Calcium Signaling Pathway
gene4559,PLCB4,Calcium Signaling Pathway,Calcium Signaling Pathway
gene4560,TNNC2,Calcium Signaling Pathway,Calcium Signaling Pathway
gene4561,RYR2,Calcium Signaling Pathway,Calcium Signaling Pathway
gene4562,RYR3,Calcium Signaling Pathway,Calcium Signaling Pathway
gene4563,GRM1,Calcium Signaling Pathway,Calcium Signaling Pathway
gene4564,PPID,Calcium Signaling Pathway,Calcium Signaling Pathway
gene4565,PHKG1,Calcium Signaling Pathway,Calcium Signaling Pathway
gene4566,PHKG2,Calcium Signaling Pathway,Calcium Signaling Pathway
gene4567,PRKCG,Calcium Signaling Pathway,Calcium Signaling Pathway
gene4568,PDE1A,Calcium Signaling Pathway,Calcium Signaling Pathway
gene4569,ERBB4,Calcium Signaling Pathway,Calcium Signaling Pathway
gene4570,CACNA1A,Calcium Signaling Pathway,Calcium Signaling Pathway
gene4571,GRIN1,Calcium Signaling Pathway,Calcium Signaling Pathway
gene4572,GRIN2A,Calcium Signaling Pathway,Calcium Signaling Pathway
gene4573,ERBB2,Calcium Signaling Pathway,Calcium Signaling Pathway
gene4574,ERBB3,Calcium Signaling Pathway,Calcium Signaling Pathway
gene4575,CHRNA7,Calcium Signaling Pathway,Calcium Signaling Pathway
gene4576,NOS3,Calcium Signaling Pathway,Calcium Signaling Pathway
gene4577,CACNA1D,Calcium Signaling Pathway,Calcium Signaling Pathway
gene4578,GRIN2C,Calcium Signaling Pathway,Calcium Signaling Pathway
gene4579,CACNA1E,Calcium Signaling Pathway,Calcium Signaling Pathway
gene4580,GRIN2D,Calcium Signaling Pathway,Calcium Signaling Pathway
gene4581,CHRM5,Calcium Signaling Pathway,Calcium Signaling Pathway
gene4582,CACNA1B,Calcium Signaling Pathway,Calcium Signaling Pathway
gene4583,NOS2,Calcium Signaling Pathway,Calcium Signaling Pathway
gene4584,CACNA1C,Calcium Signaling Pathway,Calcium Signaling Pathway
gene4585,NOS1,Calcium Signaling Pathway,Calcium Signaling Pathway
gene4586,MYLK2,Calcium Signaling Pathway,Calcium Signaling Pathway
gene4587,CACNA1F,Calcium Signaling Pathway,Calcium Signaling Pathway
gene4588,CACNA1S,Calcium Signaling Pathway,Calcium Signaling Pathway
gene4589,ADCY4,Calcium Signaling Pathway,Calcium Signaling Pathway
gene4590,TNNC1,Calcium Signaling Pathway,Calcium Signaling Pathway
gene4591,PLCD4,Calcium Signaling Pathway,Calcium Signaling Pathway
gene4592,P2RX2,Calcium Signaling Pathway,Calcium Signaling Pathway
gene4593,ITPKA,Calcium Signaling Pathway,Calcium Signaling Pathway
gene4594,ADORA2A,Calcium Signaling Pathway,Calcium Signaling Pathway
gene4595,ITPKB,Calcium Signaling Pathway,Calcium Signaling Pathway
gene4596,EGFR,Calcium Signaling Pathway,Calcium Signaling Pathway
gene4597,ADORA2B,Calcium Signaling Pathway,Calcium Signaling Pathway
gene4598,ITPR1,Calcium Signaling Pathway,Calcium Signaling Pathway
gene4599,ITPR2,Calcium Signaling Pathway,Calcium Signaling Pathway
gene4600,HTR4,Calcium Signaling Pathway,Calcium Signaling Pathway
gene4601,SPHK2,Calcium Signaling Pathway,Calcium Signaling Pathway
gene4602,HTR5A,Calcium Signaling Pathway,Calcium Signaling Pathway
gene4603,HTR6,Calcium Signaling Pathway,Calcium Signaling Pathway
gene4604,HTR7,Calcium Signaling Pathway,Calcium Signaling Pathway
gene4605,HTR2A,Calcium Signaling Pathway,Calcium Signaling Pathway
gene4606,HTR2C,Calcium Signaling Pathway,Calcium Signaling Pathway
gene4607,HTR2B,Calcium Signaling Pathway,Calcium Signaling Pathway
gene4608,P2RX6,Calcium Signaling Pathway,Calcium Signaling Pathway
gene4609,SLC8A2,Calcium Signaling Pathway,Calcium Signaling Pathway
gene4610,AVPR1A,Calcium Signaling Pathway,Calcium Signaling Pathway
gene4611,AVPR1B,Calcium Signaling Pathway,Calcium Signaling Pathway
gene4612,HRH2,Calcium Signaling Pathway,Calcium Signaling Pathway
gene4613,ADRA1D,Calcium Signaling Pathway,Calcium Signaling Pathway
gene4614,ADRA1B,Calcium Signaling Pathway,Calcium Signaling Pathway
gene4615,ADRA1A,Calcium Signaling Pathway,Calcium Signaling Pathway
gene4616,GRPR,Calcium Signaling Pathway,Calcium Signaling Pathway
gene4617,CD38,Calcium Signaling Pathway,Calcium Signaling Pathway
gene4618,PPP3CB,Calcium Signaling Pathway,Calcium Signaling Pathway
gene4619,PTAFR,Calcium Signaling Pathway,Calcium Signaling Pathway
gene4620,PPP3CA,Calcium Signaling Pathway,Calcium Signaling Pathway
gene4621,CACNA1H,Calcium Signaling Pathway,Calcium Signaling Pathway
gene4622,CACNA1G,Calcium Signaling Pathway,Calcium Signaling Pathway
gene4623,CACNA1I,Calcium Signaling Pathway,Calcium Signaling Pathway
gene4624,CYSLTR2,Calcium Signaling Pathway,Calcium Signaling Pathway
gene4625,LHCGR,Calcium Signaling Pathway,Calcium Signaling Pathway
gene4626,TBXA2R,Calcium Signaling Pathway,Calcium Signaling Pathway
gene4627,MYLK3,Calcium Signaling Pathway,Calcium Signaling Pathway
gene4628,HRH1,Calcium Signaling Pathway,Calcium Signaling Pathway
gene4629,CHP1,Calcium Signaling Pathway,Calcium Signaling Pathway
gene4630,CALML6,Calcium Signaling Pathway,Calcium Signaling Pathway
gene4631,CCL26,Cytokine Cytokine Receptor Interaction,Cytokine Cytokine Receptor Interaction
gene4632,TNFSF13,Cytokine Cytokine Receptor Interaction,Cytokine Cytokine Receptor Interaction
gene4633,HGF,Cytokine Cytokine Receptor Interaction,Cytokine Cytokine Receptor Interaction
gene4634,CCL3L1,Cytokine Cytokine Receptor Interaction,Cytokine Cytokine Receptor Interaction
gene4635,TNFSF12,Cytokine Cytokine Receptor Interaction,Cytokine Cytokine Receptor Interaction
gene4636,TNFRSF8,Cytokine Cytokine Receptor Interaction,Cytokine Cytokine Receptor Interaction
gene4637,TNFSF10,Cytokine Cytokine Receptor Interaction,Cytokine Cytokine Receptor Interaction
gene4638,CCL2,Cytokine Cytokine Receptor Interaction,Cytokine Cytokine Receptor Interaction
gene4639,TNFSF8,Cytokine Cytokine Receptor Interaction,Cytokine Cytokine Receptor Interaction
gene4640,TNFSF9,Cytokine Cytokine Receptor Interaction,Cytokine Cytokine Receptor Interaction
gene4641,CCL3,Cytokine Cytokine Receptor Interaction,Cytokine Cytokine Receptor Interaction
gene4642,TNFSF14,Cytokine Cytokine Receptor Interaction,Cytokine Cytokine Receptor Interaction
gene4643,IL21R,Cytokine Cytokine Receptor Interaction,Cytokine Cytokine Receptor Interaction
gene4644,CCL5,Cytokine Cytokine Receptor Interaction,Cytokine Cytokine Receptor Interaction
gene4645,CCL4,Cytokine Cytokine Receptor Interaction,Cytokine Cytokine Receptor Interaction
gene4646,CCL13,Cytokine Cytokine Receptor Interaction,Cytokine Cytokine Receptor Interaction
gene4647,IL17RB,Cytokine Cytokine Receptor Interaction,Cytokine Cytokine Receptor Interaction
gene4648,CCL11,Cytokine Cytokine Receptor Interaction,Cytokine Cytokine Receptor Interaction
gene4649,CCL8,Cytokine Cytokine Receptor Interaction,Cytokine Cytokine Receptor Interaction
gene4650,CCL7,Cytokine Cytokine Receptor Interaction,Cytokine Cytokine Receptor Interaction
gene4651,TNFRSF17,Cytokine Cytokine Receptor Interaction,Cytokine Cytokine Receptor Interaction
gene4652,TNFSF11,Cytokine Cytokine Receptor Interaction,Cytokine Cytokine Receptor Interaction
gene4653,IL23A,Cytokine Cytokine Receptor Interaction,Cytokine Cytokine Receptor Interaction
gene4654,CTF1,Cytokine Cytokine Receptor Interaction,Cytokine Cytokine Receptor Interaction
gene4655,FLT1,Cytokine Cytokine Receptor Interaction,Cytokine Cytokine Receptor Interaction
gene4656,CCL14,Cytokine Cytokine Receptor Interaction,Cytokine Cytokine Receptor Interaction
gene4657,FLT3,Cytokine Cytokine Receptor Interaction,Cytokine Cytokine Receptor Interaction
gene4658,CCL15,Cytokine Cytokine Receptor Interaction,Cytokine Cytokine Receptor Interaction
gene4659,FLT3LG,Cytokine Cytokine Receptor Interaction,Cytokine Cytokine Receptor Interaction
gene4660,FLT4,Cytokine Cytokine Receptor Interaction,Cytokine Cytokine Receptor Interaction
gene4661,IL22,Cytokine Cytokine Receptor Interaction,Cytokine Cytokine Receptor Interaction
gene4662,CD27,Cytokine Cytokine Receptor Interaction,Cytokine Cytokine Receptor Interaction
gene4663,CCL18,Cytokine Cytokine Receptor Interaction,Cytokine Cytokine Receptor Interaction
gene4664,CCL17,Cytokine Cytokine Receptor Interaction,Cytokine Cytokine Receptor Interaction
gene4665,CCL20,Cytokine Cytokine Receptor Interaction,Cytokine Cytokine Receptor Interaction
gene4666,CCL19,Cytokine Cytokine Receptor Interaction,Cytokine Cytokine Receptor Interaction
gene4667,CCL21,Cytokine Cytokine Receptor Interaction,Cytokine Cytokine Receptor Interaction
gene4668,CCL23,Cytokine Cytokine Receptor Interaction,Cytokine Cytokine Receptor Interaction
gene4669,CCL22,Cytokine Cytokine Receptor Interaction,Cytokine Cytokine Receptor Interaction
gene4670,TPO,Cytokine Cytokine Receptor Interaction,Cytokine Cytokine Receptor Interaction
gene4671,CCL16,Cytokine Cytokine Receptor Interaction,Cytokine Cytokine Receptor Interaction
gene4672,CSF2,Cytokine Cytokine Receptor Interaction,Cytokine Cytokine Receptor Interaction
gene4673,CSF1R,Cytokine Cytokine Receptor Interaction,Cytokine Cytokine Receptor Interaction
gene4674,TNFRSF13C,Cytokine Cytokine Receptor Interaction,Cytokine Cytokine Receptor Interaction
gene4675,IL13RA1,Cytokine Cytokine Receptor Interaction,Cytokine Cytokine Receptor Interaction
gene4676,CSF1,Cytokine Cytokine Receptor Interaction,Cytokine Cytokine Receptor Interaction
gene4677,PRLR,Cytokine Cytokine Receptor Interaction,Cytokine Cytokine Receptor Interaction
gene4678,PRL,Cytokine Cytokine Receptor Interaction,Cytokine Cytokine Receptor Interaction
gene4679,TNFRSF14,Cytokine Cytokine Receptor Interaction,Cytokine Cytokine Receptor Interaction
gene4680,IFNE,Cytokine Cytokine Receptor Interaction,Cytokine Cytokine Receptor Interaction
gene4681,CCL24,Cytokine Cytokine Receptor Interaction,Cytokine Cytokine Receptor Interaction
gene4682,CSF2RB,Cytokine Cytokine Receptor Interaction,Cytokine Cytokine Receptor Interaction
gene4683,CSF2RA,Cytokine Cytokine Receptor Interaction,Cytokine Cytokine Receptor Interaction
gene4684,TGFB2,Cytokine Cytokine Receptor Interaction,Cytokine Cytokine Receptor Interaction
gene4685,TGFB1,Cytokine Cytokine Receptor Interaction,Cytokine Cytokine Receptor Interaction
gene4686,CX3CL1,Cytokine Cytokine Receptor Interaction,Cytokine Cytokine Receptor Interaction
gene4687,IL23R,Cytokine Cytokine Receptor Interaction,Cytokine Cytokine Receptor Interaction
gene4688,XCL1,Cytokine Cytokine Receptor Interaction,Cytokine Cytokine Receptor Interaction
gene4689,CXCL5,Cytokine Cytokine Receptor Interaction,Cytokine Cytokine Receptor Interaction
gene4690,CXCL11,Cytokine Cytokine Receptor Interaction,Cytokine Cytokine Receptor Interaction
gene4691,CXCL6,Cytokine Cytokine Receptor Interaction,Cytokine Cytokine Receptor Interaction
gene4692,CCR2,Cytokine Cytokine Receptor Interaction,Cytokine Cytokine Receptor Interaction
gene4693,CCL25,Cytokine Cytokine Receptor Interaction,Cytokine Cytokine Receptor Interaction
gene4694,CSF3,Cytokine Cytokine Receptor Interaction,Cytokine Cytokine Receptor Interaction
gene4695,TGFBR2,Cytokine Cytokine Receptor Interaction,Cytokine Cytokine Receptor Interaction
gene4696,TGFBR1,Cytokine Cytokine Receptor Interaction,Cytokine Cytokine Receptor Interaction
gene4697,MET,Cytokine Cytokine Receptor Interaction,Cytokine Cytokine Receptor Interaction
gene4698,TGFB3,Cytokine Cytokine Receptor Interaction,Cytokine Cytokine Receptor Interaction
gene4699,CXCR3,Cytokine Cytokine Receptor Interaction,Cytokine Cytokine Receptor Interaction
gene4700,CSF3R,Cytokine Cytokine Receptor Interaction,Cytokine Cytokine Receptor Interaction
gene4701,CLCF1,Cytokine Cytokine Receptor Interaction,Cytokine Cytokine Receptor Interaction
gene4702,IL17B,Cytokine Cytokine Receptor Interaction,Cytokine Cytokine Receptor Interaction
gene4703,CXCL12,Cytokine Cytokine Receptor Interaction,Cytokine Cytokine Receptor Interaction
gene4704,CCR10,Cytokine Cytokine Receptor Interaction,Cytokine Cytokine Receptor Interaction
gene4705,OSMR,Cytokine Cytokine Receptor Interaction,Cytokine Cytokine Receptor Interaction
gene4706,XCR1,Cytokine Cytokine Receptor Interaction,Cytokine Cytokine Receptor Interaction
gene4707,IL20,Cytokine Cytokine Receptor Interaction,Cytokine Cytokine Receptor Interaction
gene4708,INHBE,Cytokine Cytokine Receptor Interaction,Cytokine Cytokine Receptor Interaction
gene4709,PLEKHO2,Cytokine Cytokine Receptor Interaction,Cytokine Cytokine Receptor Interaction
gene4710,CXCL10,Cytokine Cytokine Receptor Interaction,Cytokine Cytokine Receptor Interaction
gene4711,MPL,Cytokine Cytokine Receptor Interaction,Cytokine Cytokine Receptor Interaction
gene4712,CCL27,Cytokine Cytokine Receptor Interaction,Cytokine Cytokine Receptor Interaction
gene4713,INHBB,Cytokine Cytokine Receptor Interaction,Cytokine Cytokine Receptor Interaction
gene4714,INHBC,Cytokine Cytokine Receptor Interaction,Cytokine Cytokine Receptor Interaction
gene4715,IFNLR1,Cytokine Cytokine Receptor Interaction,Cytokine Cytokine Receptor Interaction
gene4716,INHBA,Cytokine Cytokine Receptor Interaction,Cytokine Cytokine Receptor Interaction
gene4717,KITLG,Cytokine Cytokine Receptor Interaction,Cytokine Cytokine Receptor Interaction
gene4718,TNFRSF19,Cytokine Cytokine Receptor Interaction,Cytokine Cytokine Receptor Interaction
gene4719,CXCR4,Cytokine Cytokine Receptor Interaction,Cytokine Cytokine Receptor Interaction
gene4720,IL1R2,Cytokine Cytokine Receptor Interaction,Cytokine Cytokine Receptor Interaction
gene4721,KIT,Cytokine Cytokine Receptor Interaction,Cytokine Cytokine Receptor Interaction
gene4722,CD70,Cytokine Cytokine Receptor Interaction,Cytokine Cytokine Receptor Interaction
gene4723,TNFRSF11B,Cytokine Cytokine Receptor Interaction,Cytokine Cytokine Receptor Interaction
gene4724,LEPR,Cytokine Cytokine Receptor Interaction,Cytokine Cytokine Receptor Interaction
gene4725,CXCR6,Cytokine Cytokine Receptor Interaction,Cytokine Cytokine Receptor Interaction
gene4726,RELT,Cytokine Cytokine Receptor Interaction,Cytokine Cytokine Receptor Interaction
gene4727,LEP,Cytokine Cytokine Receptor Interaction,Cytokine Cytokine Receptor Interaction
gene4728,IL19,Cytokine Cytokine Receptor Interaction,Cytokine Cytokine Receptor Interaction
gene4729,LTA,Cytokine Cytokine Receptor Interaction,Cytokine Cytokine Receptor Interaction
gene4730,IL17A,Cytokine Cytokine Receptor Interaction,Cytokine Cytokine Receptor Interaction
gene4731,IL18,Cytokine Cytokine Receptor Interaction,Cytokine Cytokine Receptor Interaction
gene4732,TNFRSF9,Cytokine Cytokine Receptor Interaction,Cytokine Cytokine Receptor Interaction
gene4733,OSM,Cytokine Cytokine Receptor Interaction,Cytokine Cytokine Receptor Interaction
gene4734,GDF5,Cytokine Cytokine Receptor Interaction,Cytokine Cytokine Receptor Interaction
gene4735,IL15RA,Cytokine Cytokine Receptor Interaction,Cytokine Cytokine Receptor Interaction
gene4736,IL15,Cytokine Cytokine Receptor Interaction,Cytokine Cytokine Receptor Interaction
gene4737,CXCL13,Cytokine Cytokine Receptor Interaction,Cytokine Cytokine Receptor Interaction
gene4738,LTB,Cytokine Cytokine Receptor Interaction,Cytokine Cytokine Receptor Interaction
gene4739,TNFRSF25,Cytokine Cytokine Receptor Interaction,Cytokine Cytokine Receptor Interaction
gene4740,LTBR,Cytokine Cytokine Receptor Interaction,Cytokine Cytokine Receptor Interaction
gene4741,IL22RA1,Cytokine Cytokine Receptor Interaction,Cytokine Cytokine Receptor Interaction
gene4742,CD40LG,Cytokine Cytokine Receptor Interaction,Cytokine Cytokine Receptor Interaction
gene4743,CD40,Cytokine Cytokine Receptor Interaction,Cytokine Cytokine Receptor Interaction
gene4744,PPBPP1,Cytokine Cytokine Receptor Interaction,Cytokine Cytokine Receptor Interaction
gene4745,GHR,Cytokine Cytokine Receptor Interaction,Cytokine Cytokine Receptor Interaction
gene4746,IL18RAP,Cytokine Cytokine Receptor Interaction,Cytokine Cytokine Receptor Interaction
gene4747,CXCL9,Cytokine Cytokine Receptor Interaction,Cytokine Cytokine Receptor Interaction
gene4748,IL17RA,Cytokine Cytokine Receptor Interaction,Cytokine Cytokine Receptor Interaction
gene4749,GH1,Cytokine Cytokine Receptor Interaction,Cytokine Cytokine Receptor Interaction
gene4750,LIF,Cytokine Cytokine Receptor Interaction,Cytokine Cytokine Receptor Interaction
gene4751,GH2,Cytokine Cytokine Receptor Interaction,Cytokine Cytokine Receptor Interaction
gene4752,LIFR,Cytokine Cytokine Receptor Interaction,Cytokine Cytokine Receptor Interaction
gene4753,IL18R1,Cytokine Cytokine Receptor Interaction,Cytokine Cytokine Receptor Interaction
gene4754,TNFSF4,Cytokine Cytokine Receptor Interaction,Cytokine Cytokine Receptor Interaction
gene4755,TNFRSF4,Cytokine Cytokine Receptor Interaction,Cytokine Cytokine Receptor Interaction
gene4756,CX3CR1,Cytokine Cytokine Receptor Interaction,Cytokine Cytokine Receptor Interaction
gene4757,CCL3L3,Cytokine Cytokine Receptor Interaction,Cytokine Cytokine Receptor Interaction
gene4758,PDGFRB,Cytokine Cytokine Receptor Interaction,Cytokine Cytokine Receptor Interaction
gene4759,EDA,Cytokine Cytokine Receptor Interaction,Cytokine Cytokine Receptor Interaction
gene4760,CXCL14,Cytokine Cytokine Receptor Interaction,Cytokine Cytokine Receptor Interaction
gene4761,IL1A,Cytokine Cytokine Receptor Interaction,Cytokine Cytokine Receptor Interaction
gene4762,EDAR,Cytokine Cytokine Receptor Interaction,Cytokine Cytokine Receptor Interaction
gene4763,IL24,Cytokine Cytokine Receptor Interaction,Cytokine Cytokine Receptor Interaction
gene4764,CNTF,Cytokine Cytokine Receptor Interaction,Cytokine Cytokine Receptor Interaction
gene4765,CNTFR,Cytokine Cytokine Receptor Interaction,Cytokine Cytokine Receptor Interaction
gene4766,TNFSF13B,Cytokine Cytokine Receptor Interaction,Cytokine Cytokine Receptor Interaction
gene4767,PDGFC,Cytokine Cytokine Receptor Interaction,Cytokine Cytokine Receptor Interaction
gene4768,VEGFA,Cytokine Cytokine Receptor Interaction,Cytokine Cytokine Receptor Interaction
gene4769,VEGFC,Cytokine Cytokine Receptor Interaction,Cytokine Cytokine Receptor Interaction
gene4770,VEGFB,Cytokine Cytokine Receptor Interaction,Cytokine Cytokine Receptor Interaction
gene4771,CCR9,Cytokine Cytokine Receptor Interaction,Cytokine Cytokine Receptor Interaction
gene4772,NGFR,Cytokine Cytokine Receptor Interaction,Cytokine Cytokine Receptor Interaction
gene4773,IL22RA2,Cytokine Cytokine Receptor Interaction,Cytokine Cytokine Receptor Interaction
gene4774,PDGFA,Cytokine Cytokine Receptor Interaction,Cytokine Cytokine Receptor Interaction
gene4775,ACVRL1,Cytokine Cytokine Receptor Interaction,Cytokine Cytokine Receptor Interaction
gene4776,PDGFB,Cytokine Cytokine Receptor Interaction,Cytokine Cytokine Receptor Interaction
gene4777,CCL4L2,Cytokine Cytokine Receptor Interaction,Cytokine Cytokine Receptor Interaction
gene4778,ACVR2B,Cytokine Cytokine Receptor Interaction,Cytokine Cytokine Receptor Interaction
gene4779,PDGFRA,Cytokine Cytokine Receptor Interaction,Cytokine Cytokine Receptor Interaction
gene4780,ACVR2A,Cytokine Cytokine Receptor Interaction,Cytokine Cytokine Receptor Interaction
gene4781,ACVR1B,Cytokine Cytokine Receptor Interaction,Cytokine Cytokine Receptor Interaction
gene4782,ACVR1,Cytokine Cytokine Receptor Interaction,Cytokine Cytokine Receptor Interaction
gene4783,VEGFD,Cytokine Cytokine Receptor Interaction,Cytokine Cytokine Receptor Interaction
gene4784,TNFRSF13B,Cytokine Cytokine Receptor Interaction,Cytokine Cytokine Receptor Interaction
gene4785,IL25,Cytokine Cytokine Receptor Interaction,Cytokine Cytokine Receptor Interaction
gene4786,TNFSF15,Cytokine Cytokine Receptor Interaction,Cytokine Cytokine Receptor Interaction
gene4787,EPO,Cytokine Cytokine Receptor Interaction,Cytokine Cytokine Receptor Interaction
gene4788,IL9R,Cytokine Cytokine Receptor Interaction,Cytokine Cytokine Receptor Interaction
gene4789,CXCL1,Cytokine Cytokine Receptor Interaction,Cytokine Cytokine Receptor Interaction
gene4790,TNF,Cytokine Cytokine Receptor Interaction,Cytokine Cytokine Receptor Interaction
gene4791,CXCR5,Cytokine Cytokine Receptor Interaction,Cytokine Cytokine Receptor Interaction
gene4792,IFNA5,Cytokine Cytokine Receptor Interaction,Cytokine Cytokine Receptor Interaction
gene4793,IFNA4,Cytokine Cytokine Receptor Interaction,Cytokine Cytokine Receptor Interaction
gene4794,IFNA2,Cytokine Cytokine Receptor Interaction,Cytokine Cytokine Receptor Interaction
gene4795,TNFRSF6B,Cytokine Cytokine Receptor Interaction,Cytokine Cytokine Receptor Interaction
gene4796,IFNA1,Cytokine Cytokine Receptor Interaction,Cytokine Cytokine Receptor Interaction
gene4797,CXCR2,Cytokine Cytokine Receptor Interaction,Cytokine Cytokine Receptor Interaction
gene4798,CXCR1,Cytokine Cytokine Receptor Interaction,Cytokine Cytokine Receptor Interaction
gene4799,IL9,Cytokine Cytokine Receptor Interaction,Cytokine Cytokine Receptor Interaction
gene4800,CCL28,Cytokine Cytokine Receptor Interaction,Cytokine Cytokine Receptor Interaction
gene4801,IL7R,Cytokine Cytokine Receptor Interaction,Cytokine Cytokine Receptor Interaction
gene4802,CXCL8,Cytokine Cytokine Receptor Interaction,Cytokine Cytokine Receptor Interaction
gene4803,IL12RB1,Cytokine Cytokine Receptor Interaction,Cytokine Cytokine Receptor Interaction
gene4804,IL12B,Cytokine Cytokine Receptor Interaction,Cytokine Cytokine Receptor Interaction
gene4805,IL13,Cytokine Cytokine Receptor Interaction,Cytokine Cytokine Receptor Interaction
gene4806,IL12RB2,Cytokine Cytokine Receptor Interaction,Cytokine Cytokine Receptor Interaction
gene4807,IL11RA,Cytokine Cytokine Receptor Interaction,Cytokine Cytokine Receptor Interaction
gene4808,IL12A,Cytokine Cytokine Receptor Interaction,Cytokine Cytokine Receptor Interaction
gene4809,KDR,Cytokine Cytokine Receptor Interaction,Cytokine Cytokine Receptor Interaction
gene4810,TNFRSF1B,Cytokine Cytokine Receptor Interaction,Cytokine Cytokine Receptor Interaction
gene4811,IFNA17,Cytokine Cytokine Receptor Interaction,Cytokine Cytokine Receptor Interaction
gene4812,TNFRSF1A,Cytokine Cytokine Receptor Interaction,Cytokine Cytokine Receptor Interaction
gene4813,IFNA21,Cytokine Cytokine Receptor Interaction,Cytokine Cytokine Receptor Interaction
gene4814,TNFRSF18,Cytokine Cytokine Receptor Interaction,Cytokine Cytokine Receptor Interaction
gene4815,IFNA6,Cytokine Cytokine Receptor Interaction,Cytokine Cytokine Receptor Interaction
gene4816,CCR3,Cytokine Cytokine Receptor Interaction,Cytokine Cytokine Receptor Interaction
gene4817,TNFRSF12A,Cytokine Cytokine Receptor Interaction,Cytokine Cytokine Receptor Interaction
gene4818,IFNA7,Cytokine Cytokine Receptor Interaction,Cytokine Cytokine Receptor Interaction
gene4819,CCR4,Cytokine Cytokine Receptor Interaction,Cytokine Cytokine Receptor Interaction
gene4820,IFNA8,Cytokine Cytokine Receptor Interaction,Cytokine Cytokine Receptor Interaction
gene4821,CCR5,Cytokine Cytokine Receptor Interaction,Cytokine Cytokine Receptor Interaction
gene4822,IFNA10,Cytokine Cytokine Receptor Interaction,Cytokine Cytokine Receptor Interaction
gene4823,CCR6,Cytokine Cytokine Receptor Interaction,Cytokine Cytokine Receptor Interaction
gene4824,IFNA13,Cytokine Cytokine Receptor Interaction,Cytokine Cytokine Receptor Interaction
gene4825,CCR7,Cytokine Cytokine Receptor Interaction,Cytokine Cytokine Receptor Interaction
gene4826,IFNA14,Cytokine Cytokine Receptor Interaction,Cytokine Cytokine Receptor Interaction
gene4827,CCR8,Cytokine Cytokine Receptor Interaction,Cytokine Cytokine Receptor Interaction
gene4828,IFNA16,Cytokine Cytokine Receptor Interaction,Cytokine Cytokine Receptor Interaction
gene4829,IL26,Cytokine Cytokine Receptor Interaction,Cytokine Cytokine Receptor Interaction
gene4830,CXCL16,Cytokine Cytokine Receptor Interaction,Cytokine Cytokine Receptor Interaction
gene4831,IL10,Cytokine Cytokine Receptor Interaction,Cytokine Cytokine Receptor Interaction
gene4832,EDA2R,Cytokine Cytokine Receptor Interaction,Cytokine Cytokine Receptor Interaction
gene4833,IL10RA,Cytokine Cytokine Receptor Interaction,Cytokine Cytokine Receptor Interaction
gene4834,IL10RB,Cytokine Cytokine Receptor Interaction,Cytokine Cytokine Receptor Interaction
gene4835,EPOR,Cytokine Cytokine Receptor Interaction,Cytokine Cytokine Receptor Interaction
gene4836,IL11,Cytokine Cytokine Receptor Interaction,Cytokine Cytokine Receptor Interaction
gene4837,IL3RA,Cytokine Cytokine Receptor Interaction,Cytokine Cytokine Receptor Interaction
gene4838,IL3,Cytokine Cytokine Receptor Interaction,Cytokine Cytokine Receptor Interaction
gene4839,IL2RG,Cytokine Cytokine Receptor Interaction,Cytokine Cytokine Receptor Interaction
gene4840,EGFR,Cytokine Cytokine Receptor Interaction,Cytokine Cytokine Receptor Interaction
gene4841,IL2RB,Cytokine Cytokine Receptor Interaction,Cytokine Cytokine Receptor Interaction
gene4842,CCR1,Cytokine Cytokine Receptor Interaction,Cytokine Cytokine Receptor Interaction
gene4843,XCL2,Cytokine Cytokine Receptor Interaction,Cytokine Cytokine Receptor Interaction
gene4844,IFNGR2,Cytokine Cytokine Receptor Interaction,Cytokine Cytokine Receptor Interaction
gene4845,EGF,Cytokine Cytokine Receptor Interaction,Cytokine Cytokine Receptor Interaction
gene4846,CCL1,Cytokine Cytokine Receptor Interaction,Cytokine Cytokine Receptor Interaction
gene4847,TNFRSF10A,Cytokine Cytokine Receptor Interaction,Cytokine Cytokine Receptor Interaction
gene4848,IFNG,Cytokine Cytokine Receptor Interaction,Cytokine Cytokine Receptor Interaction
gene4849,IFNGR1,Cytokine Cytokine Receptor Interaction,Cytokine Cytokine Receptor Interaction
gene4850,TNFRSF10D,Cytokine Cytokine Receptor Interaction,Cytokine Cytokine Receptor Interaction
gene4851,IFNB1,Cytokine Cytokine Receptor Interaction,Cytokine Cytokine Receptor Interaction
gene4852,TNFRSF11A,Cytokine Cytokine Receptor Interaction,Cytokine Cytokine Receptor Interaction
gene4853,TNFRSF10B,Cytokine Cytokine Receptor Interaction,Cytokine Cytokine Receptor Interaction
gene4854,IFNAR1,Cytokine Cytokine Receptor Interaction,Cytokine Cytokine Receptor Interaction
gene4855,TNFRSF10C,Cytokine Cytokine Receptor Interaction,Cytokine Cytokine Receptor Interaction
gene4856,IFNAR2,Cytokine Cytokine Receptor Interaction,Cytokine Cytokine Receptor Interaction
gene4857,IL1RAP,Cytokine Cytokine Receptor Interaction,Cytokine Cytokine Receptor Interaction
gene4858,IL1B,Cytokine Cytokine Receptor Interaction,Cytokine Cytokine Receptor Interaction
gene4859,AMHR2,Cytokine Cytokine Receptor Interaction,Cytokine Cytokine Receptor Interaction
gene4860,IL1R1,Cytokine Cytokine Receptor Interaction,Cytokine Cytokine Receptor Interaction
gene4861,AMH,Cytokine Cytokine Receptor Interaction,Cytokine Cytokine Receptor Interaction
gene4862,IL2RA,Cytokine Cytokine Receptor Interaction,Cytokine Cytokine Receptor Interaction
gene4863,IL20RB,Cytokine Cytokine Receptor Interaction,Cytokine Cytokine Receptor Interaction
gene4864,IL21,Cytokine Cytokine Receptor Interaction,Cytokine Cytokine Receptor Interaction
gene4865,TNFSF18,Cytokine Cytokine Receptor Interaction,Cytokine Cytokine Receptor Interaction
gene4866,IL2,Cytokine Cytokine Receptor Interaction,Cytokine Cytokine Receptor Interaction
gene4867,IL20RA,Cytokine Cytokine Receptor Interaction,Cytokine Cytokine Receptor Interaction
gene4868,BMPR2,Cytokine Cytokine Receptor Interaction,Cytokine Cytokine Receptor Interaction
gene4869,BMPR1A,Cytokine Cytokine Receptor Interaction,Cytokine Cytokine Receptor Interaction
gene4870,IL6R,Cytokine Cytokine Receptor Interaction,Cytokine Cytokine Receptor Interaction
gene4871,BMPR1B,Cytokine Cytokine Receptor Interaction,Cytokine Cytokine Receptor Interaction
gene4872,CRLF2,Cytokine Cytokine Receptor Interaction,Cytokine Cytokine Receptor Interaction
gene4873,IL6ST,Cytokine Cytokine Receptor Interaction,Cytokine Cytokine Receptor Interaction
gene4874,IFNK,Cytokine Cytokine Receptor Interaction,Cytokine Cytokine Receptor Interaction
gene4875,IL7,Cytokine Cytokine Receptor Interaction,Cytokine Cytokine Receptor Interaction
gene4876,PF4,Cytokine Cytokine Receptor Interaction,Cytokine Cytokine Receptor Interaction
gene4877,CXCL2,Cytokine Cytokine Receptor Interaction,Cytokine Cytokine Receptor Interaction
gene4878,CXCL3,Cytokine Cytokine Receptor Interaction,Cytokine Cytokine Receptor Interaction
gene4879,BMP2,Cytokine Cytokine Receptor Interaction,Cytokine Cytokine Receptor Interaction
gene4880,PF4V1,Cytokine Cytokine Receptor Interaction,Cytokine Cytokine Receptor Interaction
gene4881,BMP7,Cytokine Cytokine Receptor Interaction,Cytokine Cytokine Receptor Interaction
gene4882,IFNL3,Cytokine Cytokine Receptor Interaction,Cytokine Cytokine Receptor Interaction
gene4883,IFNL1,Cytokine Cytokine Receptor Interaction,Cytokine Cytokine Receptor Interaction
gene4884,TNFRSF21,Cytokine Cytokine Receptor Interaction,Cytokine Cytokine Receptor Interaction
gene4885,FAS,Cytokine Cytokine Receptor Interaction,Cytokine Cytokine Receptor Interaction
gene4886,IFNL2,Cytokine Cytokine Receptor Interaction,Cytokine Cytokine Receptor Interaction
gene4887,FASLG,Cytokine Cytokine Receptor Interaction,Cytokine Cytokine Receptor Interaction
gene4888,IFNW1,Cytokine Cytokine Receptor Interaction,Cytokine Cytokine Receptor Interaction
gene4889,PPBP,Cytokine Cytokine Receptor Interaction,Cytokine Cytokine Receptor Interaction
gene4890,TSLP,Cytokine Cytokine Receptor Interaction,Cytokine Cytokine Receptor Interaction
gene4891,IL4,Cytokine Cytokine Receptor Interaction,Cytokine Cytokine Receptor Interaction
gene4892,IL4R,Cytokine Cytokine Receptor Interaction,Cytokine Cytokine Receptor Interaction
gene4893,IL5,Cytokine Cytokine Receptor Interaction,Cytokine Cytokine Receptor Interaction
gene4894,IL5RA,Cytokine Cytokine Receptor Interaction,Cytokine Cytokine Receptor Interaction
gene4895,IL6,Cytokine Cytokine Receptor Interaction,Cytokine Cytokine Receptor Interaction
gene4896,CCL26,Chemokine Signaling Pathway,Chemokine Signaling Pathway
gene4897,STAT3,Chemokine Signaling Pathway,Chemokine Signaling Pathway
gene4898,STAT1,Chemokine Signaling Pathway,Chemokine Signaling Pathway
gene4899,STAT2,Chemokine Signaling Pathway,Chemokine Signaling Pathway
gene4900,CCL3L1,Chemokine Signaling Pathway,Chemokine Signaling Pathway
gene4901,CCL2,Chemokine Signaling Pathway,Chemokine Signaling Pathway
gene4902,GNB4,Chemokine Signaling Pathway,Chemokine Signaling Pathway
gene4903,CCL3,Chemokine Signaling Pathway,Chemokine Signaling Pathway
gene4904,GRK3,Chemokine Signaling Pathway,Chemokine Signaling Pathway
gene4905,GRK2,Chemokine Signaling Pathway,Chemokine Signaling Pathway
gene4906,CCL5,Chemokine Signaling Pathway,Chemokine Signaling Pathway
gene4907,CCL4,Chemokine Signaling Pathway,Chemokine Signaling Pathway
gene4908,CX3CR1,Chemokine Signaling Pathway,Chemokine Signaling Pathway
gene4909,CCL13,Chemokine Signaling Pathway,Chemokine Signaling Pathway
gene4910,CCL11,Chemokine Signaling Pathway,Chemokine Signaling Pathway
gene4911,CCL8,Chemokine Signaling Pathway,Chemokine Signaling Pathway
gene4912,CCL7,Chemokine Signaling Pathway,Chemokine Signaling Pathway
gene4913,CCL3L3,Chemokine Signaling Pathway,Chemokine Signaling Pathway
gene4914,ROCK1,Chemokine Signaling Pathway,Chemokine Signaling Pathway
gene4915,PTK2,Chemokine Signaling Pathway,Chemokine Signaling Pathway
gene4916,BRAF,Chemokine Signaling Pathway,Chemokine Signaling Pathway
gene4917,CXCL14,Chemokine Signaling Pathway,Chemokine Signaling Pathway
gene4918,VAV1,Chemokine Signaling Pathway,Chemokine Signaling Pathway
gene4919,CCL14,Chemokine Signaling Pathway,Chemokine Signaling Pathway
gene4920,CCL15,Chemokine Signaling Pathway,Chemokine Signaling Pathway
gene4921,IKBKB,Chemokine Signaling Pathway,Chemokine Signaling Pathway
gene4922,AKT1,Chemokine Signaling Pathway,Chemokine Signaling Pathway
gene4923,AKT2,Chemokine Signaling Pathway,Chemokine Signaling Pathway
gene4924,JAK3,Chemokine Signaling Pathway,Chemokine Signaling Pathway
gene4925,SHC4,Chemokine Signaling Pathway,Chemokine Signaling Pathway
gene4926,DOCK2,Chemokine Signaling Pathway,Chemokine Signaling Pathway
gene4927,JAK2,Chemokine Signaling Pathway,Chemokine Signaling Pathway
gene4928,CCL18,Chemokine Signaling Pathway,Chemokine Signaling Pathway
gene4929,GRK7,Chemokine Signaling Pathway,Chemokine Signaling Pathway
gene4930,ARRB2,Chemokine Signaling Pathway,Chemokine Signaling Pathway
gene4931,CCL17,Chemokine Signaling Pathway,Chemokine Signaling Pathway
gene4932,ARRB1,Chemokine Signaling Pathway,Chemokine Signaling Pathway
gene4933,CCL20,Chemokine Signaling Pathway,Chemokine Signaling Pathway
gene4934,VAV2,Chemokine Signaling Pathway,Chemokine Signaling Pathway
gene4935,CCL19,Chemokine Signaling Pathway,Chemokine Signaling Pathway
gene4936,AKT3,Chemokine Signaling Pathway,Chemokine Signaling Pathway
gene4937,NRAS,Chemokine Signaling Pathway,Chemokine Signaling Pathway
gene4938,CCL21,Chemokine Signaling Pathway,Chemokine Signaling Pathway
gene4939,CCL23,Chemokine Signaling Pathway,Chemokine Signaling Pathway
gene4940,TIAM1,Chemokine Signaling Pathway,Chemokine Signaling Pathway
gene4941,CCL22,Chemokine Signaling Pathway,Chemokine Signaling Pathway
gene4942,GNG13,Chemokine Signaling Pathway,Chemokine Signaling Pathway
gene4943,STAT5B,Chemokine Signaling Pathway,Chemokine Signaling Pathway
gene4944,NFKB1,Chemokine Signaling Pathway,Chemokine Signaling Pathway
gene4945,GRK1,Chemokine Signaling Pathway,Chemokine Signaling Pathway
gene4946,NFKBIB,Chemokine Signaling Pathway,Chemokine Signaling Pathway
gene4947,NFKBIA,Chemokine Signaling Pathway,Chemokine Signaling Pathway
gene4948,CCL16,Chemokine Signaling Pathway,Chemokine Signaling Pathway
gene4949,PIK3R5,Chemokine Signaling Pathway,Chemokine Signaling Pathway
gene4950,RELA,Chemokine Signaling Pathway,Chemokine Signaling Pathway
gene4951,GNG7,Chemokine Signaling Pathway,Chemokine Signaling Pathway
gene4952,GNG5,Chemokine Signaling Pathway,Chemokine Signaling Pathway
gene4953,KRAS,Chemokine Signaling Pathway,Chemokine Signaling Pathway
gene4954,SHC3,Chemokine Signaling Pathway,Chemokine Signaling Pathway
gene4955,FGR,Chemokine Signaling Pathway,Chemokine Signaling Pathway
gene4956,GNB3,Chemokine Signaling Pathway,Chemokine Signaling Pathway
gene4957,GNB2,Chemokine Signaling Pathway,Chemokine Signaling Pathway
gene4958,CCL24,Chemokine Signaling Pathway,Chemokine Signaling Pathway
gene4959,PRKX,Chemokine Signaling Pathway,Chemokine Signaling Pathway
gene4960,GNG4,Chemokine Signaling Pathway,Chemokine Signaling Pathway
gene4961,GNG3,Chemokine Signaling Pathway,Chemokine Signaling Pathway
gene4962,GNAI1,Chemokine Signaling Pathway,Chemokine Signaling Pathway
gene4963,GNG10,Chemokine Signaling Pathway,Chemokine Signaling Pathway
gene4964,GNAI2,Chemokine Signaling Pathway,Chemokine Signaling Pathway
gene4965,GNG11,Chemokine Signaling Pathway,Chemokine Signaling Pathway
gene4966,GNGT1,Chemokine Signaling Pathway,Chemokine Signaling Pathway
gene4967,CX3CL1,Chemokine Signaling Pathway,Chemokine Signaling Pathway
gene4968,GNGT2,Chemokine Signaling Pathway,Chemokine Signaling Pathway
gene4969,XCL1,Chemokine Signaling Pathway,Chemokine Signaling Pathway
gene4970,CXCL5,Chemokine Signaling Pathway,Chemokine Signaling Pathway
gene4971,ADCY3,Chemokine Signaling Pathway,Chemokine Signaling Pathway
gene4972,CXCL11,Chemokine Signaling Pathway,Chemokine Signaling Pathway
gene4973,GNG2,Chemokine Signaling Pathway,Chemokine Signaling Pathway
gene4974,ADCY2,Chemokine Signaling Pathway,Chemokine Signaling Pathway
gene4975,CXCL6,Chemokine Signaling Pathway,Chemokine Signaling Pathway
gene4976,ADCY1,Chemokine Signaling Pathway,Chemokine Signaling Pathway
gene4977,CCR9,Chemokine Signaling Pathway,Chemokine Signaling Pathway
gene4978,CCR2,Chemokine Signaling Pathway,Chemokine Signaling Pathway
gene4979,CCL25,Chemokine Signaling Pathway,Chemokine Signaling Pathway
gene4980,PXN,Chemokine Signaling Pathway,Chemokine Signaling Pathway
gene4981,CXCR3,Chemokine Signaling Pathway,Chemokine Signaling Pathway
gene4982,CSK,Chemokine Signaling Pathway,Chemokine Signaling Pathway
gene4983,CCL4L2,Chemokine Signaling Pathway,Chemokine Signaling Pathway
gene4984,FOXO3,Chemokine Signaling Pathway,Chemokine Signaling Pathway
gene4985,PRKACA,Chemokine Signaling Pathway,Chemokine Signaling Pathway
gene4986,BCAR1,Chemokine Signaling Pathway,Chemokine Signaling Pathway
gene4987,PRKACB,Chemokine Signaling Pathway,Chemokine Signaling Pathway
gene4988,GNB5,Chemokine Signaling Pathway,Chemokine Signaling Pathway
gene4989,PRKACG,Chemokine Signaling Pathway,Chemokine Signaling Pathway
gene4990,PAK1,Chemokine Signaling Pathway,Chemokine Signaling Pathway
gene4991,GNAI3,Chemokine Signaling Pathway,Chemokine Signaling Pathway
gene4992,CRK,Chemokine Signaling Pathway,Chemokine Signaling Pathway
gene4993,CXCL12,Chemokine Signaling Pathway,Chemokine Signaling Pathway
gene4994,CCR10,Chemokine Signaling Pathway,Chemokine Signaling Pathway
gene4995,GNB1,Chemokine Signaling Pathway,Chemokine Signaling Pathway
gene4996,CRKL,Chemokine Signaling Pathway,Chemokine Signaling Pathway
gene4997,XCR1,Chemokine Signaling Pathway,Chemokine Signaling Pathway
gene4998,PTK2B,Chemokine Signaling Pathway,Chemokine Signaling Pathway
gene4999,CDC42,Chemokine Signaling Pathway,Chemokine Signaling Pathway
gene5000,PLCB2,Chemokine Signaling Pathway,Chemokine Signaling Pathway
gene5001,SOS2,Chemokine Signaling Pathway,Chemokine Signaling Pathway
gene5002,ADCY8,Chemokine Signaling Pathway,Chemokine Signaling Pathway
gene5003,CXCL10,Chemokine Signaling Pathway,Chemokine Signaling Pathway
gene5004,PLCB1,Chemokine Signaling Pathway,Chemokine Signaling Pathway
gene5005,ADCY9,Chemokine Signaling Pathway,Chemokine Signaling Pathway
gene5006,ADCY6,Chemokine Signaling Pathway,Chemokine Signaling Pathway
gene5007,CHUK,Chemokine Signaling Pathway,Chemokine Signaling Pathway
gene5008,RAF1,Chemokine Signaling Pathway,Chemokine Signaling Pathway
gene5009,PRKCB,Chemokine Signaling Pathway,Chemokine Signaling Pathway
gene5010,ADCY7,Chemokine Signaling Pathway,Chemokine Signaling Pathway
gene5011,CXCL1,Chemokine Signaling Pathway,Chemokine Signaling Pathway
gene5012,SHC1,Chemokine Signaling Pathway,Chemokine Signaling Pathway
gene5013,PLCB3,Chemokine Signaling Pathway,Chemokine Signaling Pathway
gene5014,PLCB4,Chemokine Signaling Pathway,Chemokine Signaling Pathway
gene5015,ADCY5,Chemokine Signaling Pathway,Chemokine Signaling Pathway
gene5016,CXCR5,Chemokine Signaling Pathway,Chemokine Signaling Pathway
gene5017,CCL27,Chemokine Signaling Pathway,Chemokine Signaling Pathway
gene5018,WAS,Chemokine Signaling Pathway,Chemokine Signaling Pathway
gene5019,PREX1,Chemokine Signaling Pathway,Chemokine Signaling Pathway
gene5020,RHOA,Chemokine Signaling Pathway,Chemokine Signaling Pathway
gene5021,CXCR4,Chemokine Signaling Pathway,Chemokine Signaling Pathway
gene5022,CXCR2,Chemokine Signaling Pathway,Chemokine Signaling Pathway
gene5023,GNG8,Chemokine Signaling Pathway,Chemokine Signaling Pathway
gene5024,CXCR1,Chemokine Signaling Pathway,Chemokine Signaling Pathway
gene5025,CCL28,Chemokine Signaling Pathway,Chemokine Signaling Pathway
gene5026,PRKCD,Chemokine Signaling Pathway,Chemokine Signaling Pathway
gene5027,HCK,Chemokine Signaling Pathway,Chemokine Signaling Pathway
gene5028,CXCL8,Chemokine Signaling Pathway,Chemokine Signaling Pathway
gene5029,RAC2,Chemokine Signaling Pathway,Chemokine Signaling Pathway
gene5030,WASL,Chemokine Signaling Pathway,Chemokine Signaling Pathway
gene5031,RASGRP2,Chemokine Signaling Pathway,Chemokine Signaling Pathway
gene5032,MAP2K1,Chemokine Signaling Pathway,Chemokine Signaling Pathway
gene5033,ADCY4,Chemokine Signaling Pathway,Chemokine Signaling Pathway
gene5034,CCR3,Chemokine Signaling Pathway,Chemokine Signaling Pathway
gene5035,CCR4,Chemokine Signaling Pathway,Chemokine Signaling Pathway
gene5036,CXCR6,Chemokine Signaling Pathway,Chemokine Signaling Pathway
gene5037,CCR5,Chemokine Signaling Pathway,Chemokine Signaling Pathway
gene5038,PRKCZ,Chemokine Signaling Pathway,Chemokine Signaling Pathway
gene5039,CCR6,Chemokine Signaling Pathway,Chemokine Signaling Pathway
gene5040,CCR7,Chemokine Signaling Pathway,Chemokine Signaling Pathway
gene5041,CCR8,Chemokine Signaling Pathway,Chemokine Signaling Pathway
gene5042,GRB2,Chemokine Signaling Pathway,Chemokine Signaling Pathway
gene5043,MAPK3,Chemokine Signaling Pathway,Chemokine Signaling Pathway
gene5044,CXCL16,Chemokine Signaling Pathway,Chemokine Signaling Pathway
gene5045,RAC1,Chemokine Signaling Pathway,Chemokine Signaling Pathway
gene5046,SOS1,Chemokine Signaling Pathway,Chemokine Signaling Pathway
gene5047,MAPK1,Chemokine Signaling Pathway,Chemokine Signaling Pathway
gene5048,IKBKG,Chemokine Signaling Pathway,Chemokine Signaling Pathway
gene5049,HRAS,Chemokine Signaling Pathway,Chemokine Signaling Pathway
gene5050,GSK3B,Chemokine Signaling Pathway,Chemokine Signaling Pathway
gene5051,CCR1,Chemokine Signaling Pathway,Chemokine Signaling Pathway
gene5052,GSK3A,Chemokine Signaling Pathway,Chemokine Signaling Pathway
gene5053,XCL2,Chemokine Signaling Pathway,Chemokine Signaling Pathway
gene5054,ITK,Chemokine Signaling Pathway,Chemokine Signaling Pathway
gene5055,CCL1,Chemokine Signaling Pathway,Chemokine Signaling Pathway
gene5056,CXCL13,Chemokine Signaling Pathway,Chemokine Signaling Pathway
gene5057,GNG12,Chemokine Signaling Pathway,Chemokine Signaling Pathway
gene5058,ROCK2,Chemokine Signaling Pathway,Chemokine Signaling Pathway
gene5059,RAP1A,Chemokine Signaling Pathway,Chemokine Signaling Pathway
gene5060,PIK3R3,Chemokine Signaling Pathway,Chemokine Signaling Pathway
gene5061,RAP1B,Chemokine Signaling Pathway,Chemokine Signaling Pathway
gene5062,TIAM2,Chemokine Signaling Pathway,Chemokine Signaling Pathway
gene5063,PF4,Chemokine Signaling Pathway,Chemokine Signaling Pathway
gene5064,PPBPP1,Chemokine Signaling Pathway,Chemokine Signaling Pathway
gene5065,CXCL2,Chemokine Signaling Pathway,Chemokine Signaling Pathway
gene5066,CXCL3,Chemokine Signaling Pathway,Chemokine Signaling Pathway
gene5067,PF4V1,Chemokine Signaling Pathway,Chemokine Signaling Pathway
gene5068,GRK6,Chemokine Signaling Pathway,Chemokine Signaling Pathway
gene5069,PIK3CA,Chemokine Signaling Pathway,Chemokine Signaling Pathway
gene5070,PIK3CB,Chemokine Signaling Pathway,Chemokine Signaling Pathway
gene5071,CXCL9,Chemokine Signaling Pathway,Chemokine Signaling Pathway
gene5072,PIK3CD,Chemokine Signaling Pathway,Chemokine Signaling Pathway
gene5073,NCF1,Chemokine Signaling Pathway,Chemokine Signaling Pathway
gene5074,ELMO1,Chemokine Signaling Pathway,Chemokine Signaling Pathway
gene5075,SHC2,Chemokine Signaling Pathway,Chemokine Signaling Pathway
gene5076,PPBP,Chemokine Signaling Pathway,Chemokine Signaling Pathway
gene5077,GRK4,Chemokine Signaling Pathway,Chemokine Signaling Pathway
gene5078,PARD3,Chemokine Signaling Pathway,Chemokine Signaling Pathway
gene5079,GRK5,Chemokine Signaling Pathway,Chemokine Signaling Pathway
gene5080,PIK3CG,Chemokine Signaling Pathway,Chemokine Signaling Pathway
gene5081,PIK3R1,Chemokine Signaling Pathway,Chemokine Signaling Pathway
gene5082,VAV3,Chemokine Signaling Pathway,Chemokine Signaling Pathway
gene5083,LYN,Chemokine Signaling Pathway,Chemokine Signaling Pathway
gene5084,PIK3R2,Chemokine Signaling Pathway,Chemokine Signaling Pathway
gene5085,PLCB2,Phosphatidylinositol Signaling System,Phosphatidylinositol Signaling System
gene5086,CALM2,Phosphatidylinositol Signaling System,Phosphatidylinositol Signaling System
gene5087,INPP1,Phosphatidylinositol Signaling System,Phosphatidylinositol Signaling System
gene5088,PLCB1,Phosphatidylinositol Signaling System,Phosphatidylinositol Signaling System
gene5089,PLCD1,Phosphatidylinositol Signaling System,Phosphatidylinositol Signaling System
gene5090,PRKCB,Phosphatidylinositol Signaling System,Phosphatidylinositol Signaling System
gene5091,PRKCA,Phosphatidylinositol Signaling System,Phosphatidylinositol Signaling System
gene5092,PLCB3,Phosphatidylinositol Signaling System,Phosphatidylinositol Signaling System
gene5093,CALM1,Phosphatidylinositol Signaling System,Phosphatidylinositol Signaling System
gene5094,PLCB4,Phosphatidylinositol Signaling System,Phosphatidylinositol Signaling System
gene5095,DGKZ,Phosphatidylinositol Signaling System,Phosphatidylinositol Signaling System
gene5096,INPP5A,Phosphatidylinositol Signaling System,Phosphatidylinositol Signaling System
gene5097,DGKE,Phosphatidylinositol Signaling System,Phosphatidylinositol Signaling System
gene5098,INPP5B,Phosphatidylinositol Signaling System,Phosphatidylinositol Signaling System
gene5099,DGKD,Phosphatidylinositol Signaling System,Phosphatidylinositol Signaling System
gene5100,INPP4A,Phosphatidylinositol Signaling System,Phosphatidylinositol Signaling System
gene5101,PRKCG,Phosphatidylinositol Signaling System,Phosphatidylinositol Signaling System
gene5102,INPPL1,Phosphatidylinositol Signaling System,Phosphatidylinositol Signaling System
gene5103,DGKH,Phosphatidylinositol Signaling System,Phosphatidylinositol Signaling System
gene5104,INPP5D,Phosphatidylinositol Signaling System,Phosphatidylinositol Signaling System
gene5105,SYNJ2,Phosphatidylinositol Signaling System,Phosphatidylinositol Signaling System
gene5106,PIP4K2B,Phosphatidylinositol Signaling System,Phosphatidylinositol Signaling System
gene5107,ITPR3,Phosphatidylinositol Signaling System,Phosphatidylinositol Signaling System
gene5108,PLCD3,Phosphatidylinositol Signaling System,Phosphatidylinositol Signaling System
gene5109,PIKFYVE,Phosphatidylinositol Signaling System,Phosphatidylinositol Signaling System
gene5110,IMPA1,Phosphatidylinositol Signaling System,Phosphatidylinositol Signaling System
gene5111,IMPA2,Phosphatidylinositol Signaling System,Phosphatidylinositol Signaling System
gene5112,PIP5K1A,Phosphatidylinositol Signaling System,Phosphatidylinositol Signaling System
gene5113,PIP5K1B,Phosphatidylinositol Signaling System,Phosphatidylinositol Signaling System
gene5114,INPP5J,Phosphatidylinositol Signaling System,Phosphatidylinositol Signaling System
gene5115,CDS1,Phosphatidylinositol Signaling System,Phosphatidylinositol Signaling System
gene5116,INPP5K,Phosphatidylinositol Signaling System,Phosphatidylinositol Signaling System
gene5117,SYNJ1,Phosphatidylinositol Signaling System,Phosphatidylinositol Signaling System
gene5118,PLCD4,Phosphatidylinositol Signaling System,Phosphatidylinositol Signaling System
gene5119,ITPKA,Phosphatidylinositol Signaling System,Phosphatidylinositol Signaling System
gene5120,PIK3R5,Phosphatidylinositol Signaling System,Phosphatidylinositol Signaling System
gene5121,ITPKB,Phosphatidylinositol Signaling System,Phosphatidylinositol Signaling System
gene5122,ITPK1,Phosphatidylinositol Signaling System,Phosphatidylinositol Signaling System
gene5123,CDIPT,Phosphatidylinositol Signaling System,Phosphatidylinositol Signaling System
gene5124,ITPR1,Phosphatidylinositol Signaling System,Phosphatidylinositol Signaling System
gene5125,ITPR2,Phosphatidylinositol Signaling System,Phosphatidylinositol Signaling System
gene5126,DGKQ,Phosphatidylinositol Signaling System,Phosphatidylinositol Signaling System
gene5127,CDS2,Phosphatidylinositol Signaling System,Phosphatidylinositol Signaling System
gene5128,INPP4B,Phosphatidylinositol Signaling System,Phosphatidylinositol Signaling System
gene5129,DGKB,Phosphatidylinositol Signaling System,Phosphatidylinositol Signaling System
gene5130,DGKG,Phosphatidylinositol Signaling System,Phosphatidylinositol Signaling System
gene5131,DGKA,Phosphatidylinositol Signaling System,Phosphatidylinositol Signaling System
gene5132,DGKI,Phosphatidylinositol Signaling System,Phosphatidylinositol Signaling System
gene5133,PLCE1,Phosphatidylinositol Signaling System,Phosphatidylinositol Signaling System
gene5134,CALML5,Phosphatidylinositol Signaling System,Phosphatidylinositol Signaling System
gene5135,PIP5K1C,Phosphatidylinositol Signaling System,Phosphatidylinositol Signaling System
gene5136,PIK3C3,Phosphatidylinositol Signaling System,Phosphatidylinositol Signaling System
gene5137,PIK3C2B,Phosphatidylinositol Signaling System,Phosphatidylinositol Signaling System
gene5138,PIK3C2G,Phosphatidylinositol Signaling System,Phosphatidylinositol Signaling System
gene5139,PIP4K2A,Phosphatidylinositol Signaling System,Phosphatidylinositol Signaling System
gene5140,PIK3C2A,Phosphatidylinositol Signaling System,Phosphatidylinositol Signaling System
gene5141,PTEN,Phosphatidylinositol Signaling System,Phosphatidylinositol Signaling System
gene5142,PIK3R3,Phosphatidylinositol Signaling System,Phosphatidylinositol Signaling System
gene5143,PIP4K2C,Phosphatidylinositol Signaling System,Phosphatidylinositol Signaling System
gene5144,IPPK,Phosphatidylinositol Signaling System,Phosphatidylinositol Signaling System
gene5145,CALML3,Phosphatidylinositol Signaling System,Phosphatidylinositol Signaling System
gene5146,PIK3CA,Phosphatidylinositol Signaling System,Phosphatidylinositol Signaling System
gene5147,PIK3CB,Phosphatidylinositol Signaling System,Phosphatidylinositol Signaling System
gene5148,PIK3CD,Phosphatidylinositol Signaling System,Phosphatidylinositol Signaling System
gene5149,PLCG1,Phosphatidylinositol Signaling System,Phosphatidylinositol Signaling System
gene5150,PLCG2,Phosphatidylinositol Signaling System,Phosphatidylinositol Signaling System
gene5151,PLCZ1,Phosphatidylinositol Signaling System,Phosphatidylinositol Signaling System
gene5152,PI4KB,Phosphatidylinositol Signaling System,Phosphatidylinositol Signaling System
gene5153,CALM3,Phosphatidylinositol Signaling System,Phosphatidylinositol Signaling System
gene5154,INPP5E,Phosphatidylinositol Signaling System,Phosphatidylinositol Signaling System
gene5155,PIK3CG,Phosphatidylinositol Signaling System,Phosphatidylinositol Signaling System
gene5156,PIK3R1,Phosphatidylinositol Signaling System,Phosphatidylinositol Signaling System
gene5157,OCRL,Phosphatidylinositol Signaling System,Phosphatidylinositol Signaling System
gene5158,PIK3R2,Phosphatidylinositol Signaling System,Phosphatidylinositol Signaling System
gene5159,CALML6,Phosphatidylinositol Signaling System,Phosphatidylinositol Signaling System
gene5160,PI4KA,Phosphatidylinositol Signaling System,Phosphatidylinositol Signaling System
gene5161,PTGFR,Neuroactive Ligand Receptor Interaction,Neuroactive Ligand Receptor Interaction
gene5162,PTGER2,Neuroactive Ligand Receptor Interaction,Neuroactive Ligand Receptor Interaction
gene5163,PTGER1,Neuroactive Ligand Receptor Interaction,Neuroactive Ligand Receptor Interaction
gene5164,PTGER4,Neuroactive Ligand Receptor Interaction,Neuroactive Ligand Receptor Interaction
gene5165,PTGER3,Neuroactive Ligand Receptor Interaction,Neuroactive Ligand Receptor Interaction
gene5166,CALCRL,Neuroactive Ligand Receptor Interaction,Neuroactive Ligand Receptor Interaction
gene5167,TACR3,Neuroactive Ligand Receptor Interaction,Neuroactive Ligand Receptor Interaction
gene5168,PTGIR,Neuroactive Ligand Receptor Interaction,Neuroactive Ligand Receptor Interaction
gene5169,ADRB3,Neuroactive Ligand Receptor Interaction,Neuroactive Ligand Receptor Interaction
gene5170,ADRB2,Neuroactive Ligand Receptor Interaction,Neuroactive Ligand Receptor Interaction
gene5171,HRH4,Neuroactive Ligand Receptor Interaction,Neuroactive Ligand Receptor Interaction
gene5172,ADRA2C,Neuroactive Ligand Receptor Interaction,Neuroactive Ligand Receptor Interaction
gene5173,ADRB1,Neuroactive Ligand Receptor Interaction,Neuroactive Ligand Receptor Interaction
gene5174,TACR1,Neuroactive Ligand Receptor Interaction,Neuroactive Ligand Receptor Interaction
gene5175,ADRA2A,Neuroactive Ligand Receptor Interaction,Neuroactive Ligand Receptor Interaction
gene5176,ADRA2B,Neuroactive Ligand Receptor Interaction,Neuroactive Ligand Receptor Interaction
gene5177,TACR2,Neuroactive Ligand Receptor Interaction,Neuroactive Ligand Receptor Interaction
gene5178,GPR35,Neuroactive Ligand Receptor Interaction,Neuroactive Ligand Receptor Interaction
gene5179,THRB,Neuroactive Ligand Receptor Interaction,Neuroactive Ligand Receptor Interaction
gene5180,THRA,Neuroactive Ligand Receptor Interaction,Neuroactive Ligand Receptor Interaction
gene5181,PTH2R,Neuroactive Ligand Receptor Interaction,Neuroactive Ligand Receptor Interaction
gene5182,PTH1R,Neuroactive Ligand Receptor Interaction,Neuroactive Ligand Receptor Interaction
gene5183,PRSS3,Neuroactive Ligand Receptor Interaction,Neuroactive Ligand Receptor Interaction
gene5184,PRSS2,Neuroactive Ligand Receptor Interaction,Neuroactive Ligand Receptor Interaction
gene5185,NPY5R,Neuroactive Ligand Receptor Interaction,Neuroactive Ligand Receptor Interaction
gene5186,PRSS1,Neuroactive Ligand Receptor Interaction,Neuroactive Ligand Receptor Interaction
gene5187,CGA,Neuroactive Ligand Receptor Interaction,Neuroactive Ligand Receptor Interaction
gene5188,NPY1R,Neuroactive Ligand Receptor Interaction,Neuroactive Ligand Receptor Interaction
gene5189,NPY2R,Neuroactive Ligand Receptor Interaction,Neuroactive Ligand Receptor Interaction
gene5190,RXFP1,Neuroactive Ligand Receptor Interaction,Neuroactive Ligand Receptor Interaction
gene5191,MCHR1,Neuroactive Ligand Receptor Interaction,Neuroactive Ligand Receptor Interaction
gene5192,LPAR4,Neuroactive Ligand Receptor Interaction,Neuroactive Ligand Receptor Interaction
gene5193,DRD1,Neuroactive Ligand Receptor Interaction,Neuroactive Ligand Receptor Interaction
gene5194,DRD2,Neuroactive Ligand Receptor Interaction,Neuroactive Ligand Receptor Interaction
gene5195,DRD3,Neuroactive Ligand Receptor Interaction,Neuroactive Ligand Receptor Interaction
gene5196,DRD4,Neuroactive Ligand Receptor Interaction,Neuroactive Ligand Receptor Interaction
gene5197,DRD5,Neuroactive Ligand Receptor Interaction,Neuroactive Ligand Receptor Interaction
gene5198,TRHR,Neuroactive Ligand Receptor Interaction,Neuroactive Ligand Receptor Interaction
gene5199,NMUR2,Neuroactive Ligand Receptor Interaction,Neuroactive Ligand Receptor Interaction
gene5200,SSTR2,Neuroactive Ligand Receptor Interaction,Neuroactive Ligand Receptor Interaction
gene5201,SSTR3,Neuroactive Ligand Receptor Interaction,Neuroactive Ligand Receptor Interaction
gene5202,SSTR1,Neuroactive Ligand Receptor Interaction,Neuroactive Ligand Receptor Interaction
gene5203,PRLR,Neuroactive Ligand Receptor Interaction,Neuroactive Ligand Receptor Interaction
gene5204,PRL,Neuroactive Ligand Receptor Interaction,Neuroactive Ligand Receptor Interaction
gene5205,C5AR1,Neuroactive Ligand Receptor Interaction,Neuroactive Ligand Receptor Interaction
gene5206,UTS2R,Neuroactive Ligand Receptor Interaction,Neuroactive Ligand Receptor Interaction
gene5207,BDKRB1,Neuroactive Ligand Receptor Interaction,Neuroactive Ligand Receptor Interaction
gene5208,BDKRB2,Neuroactive Ligand Receptor Interaction,Neuroactive Ligand Receptor Interaction
gene5209,NPBWR2,Neuroactive Ligand Receptor Interaction,Neuroactive Ligand Receptor Interaction
gene5210,NPBWR1,Neuroactive Ligand Receptor Interaction,Neuroactive Ligand Receptor Interaction
gene5211,PRLHR,Neuroactive Ligand Receptor Interaction,Neuroactive Ligand Receptor Interaction
gene5212,CSH1,Neuroactive Ligand Receptor Interaction,Neuroactive Ligand Receptor Interaction
gene5213,NPFFR2,Neuroactive Ligand Receptor Interaction,Neuroactive Ligand Receptor Interaction
gene5214,TAAR6,Neuroactive Ligand Receptor Interaction,Neuroactive Ligand Receptor Interaction
gene5215,NTSR2,Neuroactive Ligand Receptor Interaction,Neuroactive Ligand Receptor Interaction
gene5216,APLNR,Neuroactive Ligand Receptor Interaction,Neuroactive Ligand Receptor Interaction
gene5217,NMUR1,Neuroactive Ligand Receptor Interaction,Neuroactive Ligand Receptor Interaction
gene5218,GPR83,Neuroactive Ligand Receptor Interaction,Neuroactive Ligand Receptor Interaction
gene5219,GABRQ,Neuroactive Ligand Receptor Interaction,Neuroactive Ligand Receptor Interaction
gene5220,PLG,Neuroactive Ligand Receptor Interaction,Neuroactive Ligand Receptor Interaction
gene5221,C3AR1,Neuroactive Ligand Receptor Interaction,Neuroactive Ligand Receptor Interaction
gene5222,AGTR1,Neuroactive Ligand Receptor Interaction,Neuroactive Ligand Receptor Interaction
gene5223,GALR1,Neuroactive Ligand Receptor Interaction,Neuroactive Ligand Receptor Interaction
gene5224,AGTR2,Neuroactive Ligand Receptor Interaction,Neuroactive Ligand Receptor Interaction
gene5225,SSTR5,Neuroactive Ligand Receptor Interaction,Neuroactive Ligand Receptor Interaction
gene5226,SSTR4,Neuroactive Ligand Receptor Interaction,Neuroactive Ligand Receptor Interaction
gene5227,ADCYAP1R1,Neuroactive Ligand Receptor Interaction,Neuroactive Ligand Receptor Interaction
gene5228,TSHR,Neuroactive Ligand Receptor Interaction,Neuroactive Ligand Receptor Interaction
gene5229,GRIK1,Neuroactive Ligand Receptor Interaction,Neuroactive Ligand Receptor Interaction
gene5230,TSHB,Neuroactive Ligand Receptor Interaction,Neuroactive Ligand Receptor Interaction
gene5231,GRIK2,Neuroactive Ligand Receptor Interaction,Neuroactive Ligand Receptor Interaction
gene5232,GRIK3,Neuroactive Ligand Receptor Interaction,Neuroactive Ligand Receptor Interaction
gene5233,GRIA4,Neuroactive Ligand Receptor Interaction,Neuroactive Ligand Receptor Interaction
gene5234,GRID1,Neuroactive Ligand Receptor Interaction,Neuroactive Ligand Receptor Interaction
gene5235,GRID2,Neuroactive Ligand Receptor Interaction,Neuroactive Ligand Receptor Interaction
gene5236,MC1R,Neuroactive Ligand Receptor Interaction,Neuroactive Ligand Receptor Interaction
gene5237,TSPO,Neuroactive Ligand Receptor Interaction,Neuroactive Ligand Receptor Interaction
gene5238,S1PR5,Neuroactive Ligand Receptor Interaction,Neuroactive Ligand Receptor Interaction
gene5239,MC3R,Neuroactive Ligand Receptor Interaction,Neuroactive Ligand Receptor Interaction
gene5240,MC2R,Neuroactive Ligand Receptor Interaction,Neuroactive Ligand Receptor Interaction
gene5241,GABRR2,Neuroactive Ligand Receptor Interaction,Neuroactive Ligand Receptor Interaction
gene5242,GRIA3,Neuroactive Ligand Receptor Interaction,Neuroactive Ligand Receptor Interaction
gene5243,TRPV1,Neuroactive Ligand Receptor Interaction,Neuroactive Ligand Receptor Interaction
gene5244,GRIA2,Neuroactive Ligand Receptor Interaction,Neuroactive Ligand Receptor Interaction
gene5245,GRIA1,Neuroactive Ligand Receptor Interaction,Neuroactive Ligand Receptor Interaction
gene5246,MTNR1A,Neuroactive Ligand Receptor Interaction,Neuroactive Ligand Receptor Interaction
gene5247,LEPR,Neuroactive Ligand Receptor Interaction,Neuroactive Ligand Receptor Interaction
gene5248,MTNR1B,Neuroactive Ligand Receptor Interaction,Neuroactive Ligand Receptor Interaction
gene5249,LEP,Neuroactive Ligand Receptor Interaction,Neuroactive Ligand Receptor Interaction
gene5250,MC4R,Neuroactive Ligand Receptor Interaction,Neuroactive Ligand Receptor Interaction
gene5251,GABRD,Neuroactive Ligand Receptor Interaction,Neuroactive Ligand Receptor Interaction
gene5252,MC5R,Neuroactive Ligand Receptor Interaction,Neuroactive Ligand Receptor Interaction
gene5253,GABRE,Neuroactive Ligand Receptor Interaction,Neuroactive Ligand Receptor Interaction
gene5254,GABRG1,Neuroactive Ligand Receptor Interaction,Neuroactive Ligand Receptor Interaction
gene5255,GABRG2,Neuroactive Ligand Receptor Interaction,Neuroactive Ligand Receptor Interaction
gene5256,GABRG3,Neuroactive Ligand Receptor Interaction,Neuroactive Ligand Receptor Interaction
gene5257,GABRP,Neuroactive Ligand Receptor Interaction,Neuroactive Ligand Receptor Interaction
gene5258,GABRR1,Neuroactive Ligand Receptor Interaction,Neuroactive Ligand Receptor Interaction
gene5259,GABRB3,Neuroactive Ligand Receptor Interaction,Neuroactive Ligand Receptor Interaction
gene5260,ADORA1,Neuroactive Ligand Receptor Interaction,Neuroactive Ligand Receptor Interaction
gene5261,GABRB2,Neuroactive Ligand Receptor Interaction,Neuroactive Ligand Receptor Interaction
gene5262,ADORA2A,Neuroactive Ligand Receptor Interaction,Neuroactive Ligand Receptor Interaction
gene5263,GABRB1,Neuroactive Ligand Receptor Interaction,Neuroactive Ligand Receptor Interaction
gene5264,FPR3,Neuroactive Ligand Receptor Interaction,Neuroactive Ligand Receptor Interaction
gene5265,FPR2,Neuroactive Ligand Receptor Interaction,Neuroactive Ligand Receptor Interaction
gene5266,FPR1,Neuroactive Ligand Receptor Interaction,Neuroactive Ligand Receptor Interaction
gene5267,ADORA2B,Neuroactive Ligand Receptor Interaction,Neuroactive Ligand Receptor Interaction
gene5268,HTR4,Neuroactive Ligand Receptor Interaction,Neuroactive Ligand Receptor Interaction
gene5269,HTR5A,Neuroactive Ligand Receptor Interaction,Neuroactive Ligand Receptor Interaction
gene5270,HTR6,Neuroactive Ligand Receptor Interaction,Neuroactive Ligand Receptor Interaction
gene5271,HTR7,Neuroactive Ligand Receptor Interaction,Neuroactive Ligand Receptor Interaction
gene5272,HTR2A,Neuroactive Ligand Receptor Interaction,Neuroactive Ligand Receptor Interaction
gene5273,GALR3,Neuroactive Ligand Receptor Interaction,Neuroactive Ligand Receptor Interaction
gene5274,HTR1F,Neuroactive Ligand Receptor Interaction,Neuroactive Ligand Receptor Interaction
gene5275,HTR2C,Neuroactive Ligand Receptor Interaction,Neuroactive Ligand Receptor Interaction
gene5276,OPRL1,Neuroactive Ligand Receptor Interaction,Neuroactive Ligand Receptor Interaction
gene5277,GIPR,Neuroactive Ligand Receptor Interaction,Neuroactive Ligand Receptor Interaction
gene5278,HTR2B,Neuroactive Ligand Receptor Interaction,Neuroactive Ligand Receptor Interaction
gene5279,OPRM1,Neuroactive Ligand Receptor Interaction,Neuroactive Ligand Receptor Interaction
gene5280,GALR2,Neuroactive Ligand Receptor Interaction,Neuroactive Ligand Receptor Interaction
gene5281,OPRD1,Neuroactive Ligand Receptor Interaction,Neuroactive Ligand Receptor Interaction
gene5282,OPRK1,Neuroactive Ligand Receptor Interaction,Neuroactive Ligand Receptor Interaction
gene5283,GABRA5,Neuroactive Ligand Receptor Interaction,Neuroactive Ligand Receptor Interaction
gene5284,GABRA6,Neuroactive Ligand Receptor Interaction,Neuroactive Ligand Receptor Interaction
gene5285,AVPR2,Neuroactive Ligand Receptor Interaction,Neuroactive Ligand Receptor Interaction
gene5286,GABRA3,Neuroactive Ligand Receptor Interaction,Neuroactive Ligand Receptor Interaction
gene5287,GABRA4,Neuroactive Ligand Receptor Interaction,Neuroactive Ligand Receptor Interaction
gene5288,AVPR1A,Neuroactive Ligand Receptor Interaction,Neuroactive Ligand Receptor Interaction
gene5289,GABRA1,Neuroactive Ligand Receptor Interaction,Neuroactive Ligand Receptor Interaction
gene5290,AVPR1B,Neuroactive Ligand Receptor Interaction,Neuroactive Ligand Receptor Interaction
gene5291,GABRA2,Neuroactive Ligand Receptor Interaction,Neuroactive Ligand Receptor Interaction
gene5292,HRH2,Neuroactive Ligand Receptor Interaction,Neuroactive Ligand Receptor Interaction
gene5293,PTGDR,Neuroactive Ligand Receptor Interaction,Neuroactive Ligand Receptor Interaction
gene5294,GABBR1,Neuroactive Ligand Receptor Interaction,Neuroactive Ligand Receptor Interaction
gene5295,ADRA1D,Neuroactive Ligand Receptor Interaction,Neuroactive Ligand Receptor Interaction
gene5296,ADRA1B,Neuroactive Ligand Receptor Interaction,Neuroactive Ligand Receptor Interaction
gene5297,ADRA1A,Neuroactive Ligand Receptor Interaction,Neuroactive Ligand Receptor Interaction
gene5298,GHR,Neuroactive Ligand Receptor Interaction,Neuroactive Ligand Receptor Interaction
gene5299,FSHB,Neuroactive Ligand Receptor Interaction,Neuroactive Ligand Receptor Interaction
gene5300,LPAR3,Neuroactive Ligand Receptor Interaction,Neuroactive Ligand Receptor Interaction
gene5301,GHRHR,Neuroactive Ligand Receptor Interaction,Neuroactive Ligand Receptor Interaction
gene5302,PTAFR,Neuroactive Ligand Receptor Interaction,Neuroactive Ligand Receptor Interaction
gene5303,GHSR,Neuroactive Ligand Receptor Interaction,Neuroactive Ligand Receptor Interaction
gene5304,MLNR,Neuroactive Ligand Receptor Interaction,Neuroactive Ligand Receptor Interaction
gene5305,LHB,Neuroactive Ligand Receptor Interaction,Neuroactive Ligand Receptor Interaction
gene5306,FSHR,Neuroactive Ligand Receptor Interaction,Neuroactive Ligand Receptor Interaction
gene5307,LHCGR,Neuroactive Ligand Receptor Interaction,Neuroactive Ligand Receptor Interaction
gene5308,GH1,Neuroactive Ligand Receptor Interaction,Neuroactive Ligand Receptor Interaction
gene5309,GH2,Neuroactive Ligand Receptor Interaction,Neuroactive Ligand Receptor Interaction
gene5310,ADORA3,Neuroactive Ligand Receptor Interaction,Neuroactive Ligand Receptor Interaction
gene5311,GRIN3A,Neuroactive Ligand Receptor Interaction,Neuroactive Ligand Receptor Interaction
gene5312,HRH1,Neuroactive Ligand Receptor Interaction,Neuroactive Ligand Receptor Interaction
gene5313,GRIN3B,Neuroactive Ligand Receptor Interaction,Neuroactive Ligand Receptor Interaction
gene5314,MAS1,Neuroactive Ligand Receptor Interaction,Neuroactive Ligand Receptor Interaction
gene5315,F2,Neuroactive Ligand Receptor Interaction,Neuroactive Ligand Receptor Interaction
gene5316,F2R,Neuroactive Ligand Receptor Interaction,Neuroactive Ligand Receptor Interaction
gene5317,GCGR,Neuroactive Ligand Receptor Interaction,Neuroactive Ligand Receptor Interaction
gene5318,CRHR2,Neuroactive Ligand Receptor Interaction,Neuroactive Ligand Receptor Interaction
gene5319,P2RY10,Neuroactive Ligand Receptor Interaction,Neuroactive Ligand Receptor Interaction
gene5320,GLRA2,Neuroactive Ligand Receptor Interaction,Neuroactive Ligand Receptor Interaction
gene5321,OXTR,Neuroactive Ligand Receptor Interaction,Neuroactive Ligand Receptor Interaction
gene5322,GLRA1,Neuroactive Ligand Receptor Interaction,Neuroactive Ligand Receptor Interaction
gene5323,GLP1R,Neuroactive Ligand Receptor Interaction,Neuroactive Ligand Receptor Interaction
gene5324,GLP2R,Neuroactive Ligand Receptor Interaction,Neuroactive Ligand Receptor Interaction
gene5325,CRHR1,Neuroactive Ligand Receptor Interaction,Neuroactive Ligand Receptor Interaction
gene5326,GPR50,Neuroactive Ligand Receptor Interaction,Neuroactive Ligand Receptor Interaction
gene5327,P2RX4,Neuroactive Ligand Receptor Interaction,Neuroactive Ligand Receptor Interaction
gene5328,P2RX5,Neuroactive Ligand Receptor Interaction,Neuroactive Ligand Receptor Interaction
gene5329,P2RX1,Neuroactive Ligand Receptor Interaction,Neuroactive Ligand Receptor Interaction
gene5330,GLRB,Neuroactive Ligand Receptor Interaction,Neuroactive Ligand Receptor Interaction
gene5331,P2RX3,Neuroactive Ligand Receptor Interaction,Neuroactive Ligand Receptor Interaction
gene5332,NPY4R,Neuroactive Ligand Receptor Interaction,Neuroactive Ligand Receptor Interaction
gene5333,CCKAR,Neuroactive Ligand Receptor Interaction,Neuroactive Ligand Receptor Interaction
gene5334,BRS3,Neuroactive Ligand Receptor Interaction,Neuroactive Ligand Receptor Interaction
gene5335,F2RL1,Neuroactive Ligand Receptor Interaction,Neuroactive Ligand Receptor Interaction
gene5336,TAAR1,Neuroactive Ligand Receptor Interaction,Neuroactive Ligand Receptor Interaction
gene5337,CCKBR,Neuroactive Ligand Receptor Interaction,Neuroactive Ligand Receptor Interaction
gene5338,MCHR2,Neuroactive Ligand Receptor Interaction,Neuroactive Ligand Receptor Interaction
gene5339,F2RL2,Neuroactive Ligand Receptor Interaction,Neuroactive Ligand Receptor Interaction
gene5340,NTSR1,Neuroactive Ligand Receptor Interaction,Neuroactive Ligand Receptor Interaction
gene5341,NMBR,Neuroactive Ligand Receptor Interaction,Neuroactive Ligand Receptor Interaction
gene5342,TAAR9,Neuroactive Ligand Receptor Interaction,Neuroactive Ligand Receptor Interaction
gene5343,LPAR6,Neuroactive Ligand Receptor Interaction,Neuroactive Ligand Receptor Interaction
gene5344,P2RY4,Neuroactive Ligand Receptor Interaction,Neuroactive Ligand Receptor Interaction
gene5345,P2RY6,Neuroactive Ligand Receptor Interaction,Neuroactive Ligand Receptor Interaction
gene5346,S1PR1,Neuroactive Ligand Receptor Interaction,Neuroactive Ligand Receptor Interaction
gene5347,P2RY11,Neuroactive Ligand Receptor Interaction,Neuroactive Ligand Receptor Interaction
gene5348,LPAR1,Neuroactive Ligand Receptor Interaction,Neuroactive Ligand Receptor Interaction
gene5349,S1PR3,Neuroactive Ligand Receptor Interaction,Neuroactive Ligand Receptor Interaction
gene5350,RXFP2,Neuroactive Ligand Receptor Interaction,Neuroactive Ligand Receptor Interaction
gene5351,EDNRA,Neuroactive Ligand Receptor Interaction,Neuroactive Ligand Receptor Interaction
gene5352,HTR1D,Neuroactive Ligand Receptor Interaction,Neuroactive Ligand Receptor Interaction
gene5353,P2RY1,Neuroactive Ligand Receptor Interaction,Neuroactive Ligand Receptor Interaction
gene5354,HTR1B,Neuroactive Ligand Receptor Interaction,Neuroactive Ligand Receptor Interaction
gene5355,P2RX7,Neuroactive Ligand Receptor Interaction,Neuroactive Ligand Receptor Interaction
gene5356,HTR1E,Neuroactive Ligand Receptor Interaction,Neuroactive Ligand Receptor Interaction
gene5357,CTSG,Neuroactive Ligand Receptor Interaction,Neuroactive Ligand Receptor Interaction
gene5358,P2RY2,Neuroactive Ligand Receptor Interaction,Neuroactive Ligand Receptor Interaction
gene5359,HTR1A,Neuroactive Ligand Receptor Interaction,Neuroactive Ligand Receptor Interaction
gene5360,GZMA,Neuroactive Ligand Receptor Interaction,Neuroactive Ligand Receptor Interaction
gene5361,EDNRB,Neuroactive Ligand Receptor Interaction,Neuroactive Ligand Receptor Interaction
gene5362,CHRM1,Neuroactive Ligand Receptor Interaction,Neuroactive Ligand Receptor Interaction
gene5363,CHRNA10,Neuroactive Ligand Receptor Interaction,Neuroactive Ligand Receptor Interaction
gene5364,CHRM2,Neuroactive Ligand Receptor Interaction,Neuroactive Ligand Receptor Interaction
gene5365,CHRM4,Neuroactive Ligand Receptor Interaction,Neuroactive Ligand Receptor Interaction
gene5366,CHRM3,Neuroactive Ligand Receptor Interaction,Neuroactive Ligand Receptor Interaction
gene5367,LTB4R2,Neuroactive Ligand Receptor Interaction,Neuroactive Ligand Receptor Interaction
gene5368,TAAR8,Neuroactive Ligand Receptor Interaction,Neuroactive Ligand Receptor Interaction
gene5369,CNR2,Neuroactive Ligand Receptor Interaction,Neuroactive Ligand Receptor Interaction
gene5370,CNR1,Neuroactive Ligand Receptor Interaction,Neuroactive Ligand Receptor Interaction
gene5371,CYSLTR1,Neuroactive Ligand Receptor Interaction,Neuroactive Ligand Receptor Interaction
gene5372,CALCR,Neuroactive Ligand Receptor Interaction,Neuroactive Ligand Receptor Interaction
gene5373,GNRHR,Neuroactive Ligand Receptor Interaction,Neuroactive Ligand Receptor Interaction
gene5374,GABBR2,Neuroactive Ligand Receptor Interaction,Neuroactive Ligand Receptor Interaction
gene5375,TAAR5,Neuroactive Ligand Receptor Interaction,Neuroactive Ligand Receptor Interaction
gene5376,LPAR2,Neuroactive Ligand Receptor Interaction,Neuroactive Ligand Receptor Interaction
gene5377,VIPR2,Neuroactive Ligand Receptor Interaction,Neuroactive Ligand Receptor Interaction
gene5378,VIPR1,Neuroactive Ligand Receptor Interaction,Neuroactive Ligand Receptor Interaction
gene5379,GPR156,Neuroactive Ligand Receptor Interaction,Neuroactive Ligand Receptor Interaction
gene5380,TAAR2,Neuroactive Ligand Receptor Interaction,Neuroactive Ligand Receptor Interaction
gene5381,GRM4,Neuroactive Ligand Receptor Interaction,Neuroactive Ligand Receptor Interaction
gene5382,GRM5,Neuroactive Ligand Receptor Interaction,Neuroactive Ligand Receptor Interaction
gene5383,GRM2,Neuroactive Ligand Receptor Interaction,Neuroactive Ligand Receptor Interaction
gene5384,KISS1R,Neuroactive Ligand Receptor Interaction,Neuroactive Ligand Receptor Interaction
gene5385,GRM3,Neuroactive Ligand Receptor Interaction,Neuroactive Ligand Receptor Interaction
gene5386,GRM8,Neuroactive Ligand Receptor Interaction,Neuroactive Ligand Receptor Interaction
gene5387,CHRNG,Neuroactive Ligand Receptor Interaction,Neuroactive Ligand Receptor Interaction
gene5388,CHRNE,Neuroactive Ligand Receptor Interaction,Neuroactive Ligand Receptor Interaction
gene5389,GRM6,Neuroactive Ligand Receptor Interaction,Neuroactive Ligand Receptor Interaction
gene5390,CHRND,Neuroactive Ligand Receptor Interaction,Neuroactive Ligand Receptor Interaction
gene5391,HRH3,Neuroactive Ligand Receptor Interaction,Neuroactive Ligand Receptor Interaction
gene5392,GRM7,Neuroactive Ligand Receptor Interaction,Neuroactive Ligand Receptor Interaction
gene5393,GRM1,Neuroactive Ligand Receptor Interaction,Neuroactive Ligand Receptor Interaction
gene5394,CHRNA9,Neuroactive Ligand Receptor Interaction,Neuroactive Ligand Receptor Interaction
gene5395,F2RL3,Neuroactive Ligand Receptor Interaction,Neuroactive Ligand Receptor Interaction
gene5396,CHRNA6,Neuroactive Ligand Receptor Interaction,Neuroactive Ligand Receptor Interaction
gene5397,CHRNA5,Neuroactive Ligand Receptor Interaction,Neuroactive Ligand Receptor Interaction
gene5398,GRIK5,Neuroactive Ligand Receptor Interaction,Neuroactive Ligand Receptor Interaction
gene5399,CHRNA4,Neuroactive Ligand Receptor Interaction,Neuroactive Ligand Receptor Interaction
gene5400,GRIN1,Neuroactive Ligand Receptor Interaction,Neuroactive Ligand Receptor Interaction
gene5401,GRIN2A,Neuroactive Ligand Receptor Interaction,Neuroactive Ligand Receptor Interaction
gene5402,CHRNA7,Neuroactive Ligand Receptor Interaction,Neuroactive Ligand Receptor Interaction
gene5403,GRIN2B,Neuroactive Ligand Receptor Interaction,Neuroactive Ligand Receptor Interaction
gene5404,CHRNA1,Neuroactive Ligand Receptor Interaction,Neuroactive Ligand Receptor Interaction
gene5405,GRIN2C,Neuroactive Ligand Receptor Interaction,Neuroactive Ligand Receptor Interaction
gene5406,CHRM5,Neuroactive Ligand Receptor Interaction,Neuroactive Ligand Receptor Interaction
gene5407,GRIN2D,Neuroactive Ligand Receptor Interaction,Neuroactive Ligand Receptor Interaction
gene5408,CHRNA3,Neuroactive Ligand Receptor Interaction,Neuroactive Ligand Receptor Interaction
gene5409,CHRNA2,Neuroactive Ligand Receptor Interaction,Neuroactive Ligand Receptor Interaction
gene5410,NR3C1,Neuroactive Ligand Receptor Interaction,Neuroactive Ligand Receptor Interaction
gene5411,S1PR2,Neuroactive Ligand Receptor Interaction,Neuroactive Ligand Receptor Interaction
gene5412,LTB4R,Neuroactive Ligand Receptor Interaction,Neuroactive Ligand Receptor Interaction
gene5413,GRIK4,Neuroactive Ligand Receptor Interaction,Neuroactive Ligand Receptor Interaction
gene5414,P2RY8,Neuroactive Ligand Receptor Interaction,Neuroactive Ligand Receptor Interaction
gene5415,CHRNB1,Neuroactive Ligand Receptor Interaction,Neuroactive Ligand Receptor Interaction
gene5416,CHRNB2,Neuroactive Ligand Receptor Interaction,Neuroactive Ligand Receptor Interaction
gene5417,CHRNB3,Neuroactive Ligand Receptor Interaction,Neuroactive Ligand Receptor Interaction
gene5418,CHRNB4,Neuroactive Ligand Receptor Interaction,Neuroactive Ligand Receptor Interaction
gene5419,P2RX2,Neuroactive Ligand Receptor Interaction,Neuroactive Ligand Receptor Interaction
gene5420,S1PR4,Neuroactive Ligand Receptor Interaction,Neuroactive Ligand Receptor Interaction
gene5421,P2RY13,Neuroactive Ligand Receptor Interaction,Neuroactive Ligand Receptor Interaction
gene5422,SCTR,Neuroactive Ligand Receptor Interaction,Neuroactive Ligand Receptor Interaction
gene5423,P2RX6,Neuroactive Ligand Receptor Interaction,Neuroactive Ligand Receptor Interaction
gene5424,P2RY14,Neuroactive Ligand Receptor Interaction,Neuroactive Ligand Receptor Interaction
gene5425,NPFFR1,Neuroactive Ligand Receptor Interaction,Neuroactive Ligand Receptor Interaction
gene5426,GRPR,Neuroactive Ligand Receptor Interaction,Neuroactive Ligand Receptor Interaction
gene5427,GLRA3,Neuroactive Ligand Receptor Interaction,Neuroactive Ligand Receptor Interaction
gene5428,CYSLTR2,Neuroactive Ligand Receptor Interaction,Neuroactive Ligand Receptor Interaction
gene5429,TBXA2R,Neuroactive Ligand Receptor Interaction,Neuroactive Ligand Receptor Interaction
gene5430,PARD3,Neuroactive Ligand Receptor Interaction,Neuroactive Ligand Receptor Interaction
gene5431,HCRTR1,Neuroactive Ligand Receptor Interaction,Neuroactive Ligand Receptor Interaction
gene5432,HCRTR2,Neuroactive Ligand Receptor Interaction,Neuroactive Ligand Receptor Interaction
gene5433,CDC16,Cell Cycle,Cell Cycle
gene5434,CDC7,Cell Cycle,Cell Cycle
gene5435,CDC45,Cell Cycle,Cell Cycle
gene5436,GADD45B,Cell Cycle,Cell Cycle
gene5437,DBF4,Cell Cycle,Cell Cycle
gene5438,ANAPC1,Cell Cycle,Cell Cycle
gene5439,CREBBP,Cell Cycle,Cell Cycle
gene5440,MDM2,Cell Cycle,Cell Cycle
gene5441,ABL1,Cell Cycle,Cell Cycle
gene5442,SMC1B,Cell Cycle,Cell Cycle
gene5443,SKP1P2,Cell Cycle,Cell Cycle
gene5444,GADD45G,Cell Cycle,Cell Cycle
gene5445,ATM,Cell Cycle,Cell Cycle
gene5446,ATR,Cell Cycle,Cell Cycle
gene5447,ANAPC7,Cell Cycle,Cell Cycle
gene5448,RBL2,Cell Cycle,Cell Cycle
gene5449,ANAPC5,Cell Cycle,Cell Cycle
gene5450,RBL1,Cell Cycle,Cell Cycle
gene5451,MYC,Cell Cycle,Cell Cycle
gene5452,CDC14B,Cell Cycle,Cell Cycle
gene5453,SMC1A,Cell Cycle,Cell Cycle
gene5454,CDC14A,Cell Cycle,Cell Cycle
gene5455,SKP1,Cell Cycle,Cell Cycle
gene5456,TGFB2,Cell Cycle,Cell Cycle
gene5457,TGFB1,Cell Cycle,Cell Cycle
gene5458,GADD45A,Cell Cycle,Cell Cycle
gene5459,STAG1,Cell Cycle,Cell Cycle
gene5460,PLK1,Cell Cycle,Cell Cycle
gene5461,RBX1,Cell Cycle,Cell Cycle
gene5462,STAG2,Cell Cycle,Cell Cycle
gene5463,TGFB3,Cell Cycle,Cell Cycle
gene5464,MCM4,Cell Cycle,Cell Cycle
gene5465,ORC6,Cell Cycle,Cell Cycle
gene5466,CCND1,Cell Cycle,Cell Cycle
gene5467,MAD1L1,Cell Cycle,Cell Cycle
gene5468,MCM3,Cell Cycle,Cell Cycle
gene5469,MCM6,Cell Cycle,Cell Cycle
gene5470,MCM5,Cell Cycle,Cell Cycle
gene5471,YWHAB,Cell Cycle,Cell Cycle
gene5472,CCNA2,Cell Cycle,Cell Cycle
gene5473,MCM7,Cell Cycle,Cell Cycle
gene5474,BUB1,Cell Cycle,Cell Cycle
gene5475,CHEK1,Cell Cycle,Cell Cycle
gene5476,WEE2,Cell Cycle,Cell Cycle
gene5477,MCM2,Cell Cycle,Cell Cycle
gene5478,PTTG1,Cell Cycle,Cell Cycle
gene5479,CDC27,Cell Cycle,Cell Cycle
gene5480,CDC25B,Cell Cycle,Cell Cycle
gene5481,CDC25C,Cell Cycle,Cell Cycle
gene5482,CDC25A,Cell Cycle,Cell Cycle
gene5483,CDC6,Cell Cycle,Cell Cycle
gene5484,CDC20,Cell Cycle,Cell Cycle
gene5485,BUB3,Cell Cycle,Cell Cycle
gene5486,YWHAZ,Cell Cycle,Cell Cycle
gene5487,CCND2,Cell Cycle,Cell Cycle
gene5488,YWHAH,Cell Cycle,Cell Cycle
gene5489,CCNB1,Cell Cycle,Cell Cycle
gene5490,YWHAG,Cell Cycle,Cell Cycle
gene5491,YWHAE,Cell Cycle,Cell Cycle
gene5492,CCNE1,Cell Cycle,Cell Cycle
gene5493,ORC3,Cell Cycle,Cell Cycle
gene5494,CCND3,Cell Cycle,Cell Cycle
gene5495,PTTG2,Cell Cycle,Cell Cycle
gene5496,SFN,Cell Cycle,Cell Cycle
gene5497,E2F1,Cell Cycle,Cell Cycle
gene5498,TFDP1,Cell Cycle,Cell Cycle
gene5499,ZBTB17,Cell Cycle,Cell Cycle
gene5500,CDK1,Cell Cycle,Cell Cycle
gene5501,ESPL1,Cell Cycle,Cell Cycle
gene5502,ANAPC10,Cell Cycle,Cell Cycle
gene5503,RAD21,Cell Cycle,Cell Cycle
gene5504,BUB1B,Cell Cycle,Cell Cycle
gene5505,ANAPC11,Cell Cycle,Cell Cycle
gene5506,RB1,Cell Cycle,Cell Cycle
gene5507,SKP2,Cell Cycle,Cell Cycle
gene5508,CUL1,Cell Cycle,Cell Cycle
gene5509,SMAD3,Cell Cycle,Cell Cycle
gene5510,SMAD4,Cell Cycle,Cell Cycle
gene5511,ANAPC2,Cell Cycle,Cell Cycle
gene5512,TFDP2,Cell Cycle,Cell Cycle
gene5513,PRKDC,Cell Cycle,Cell Cycle
gene5514,MAD2L1,Cell Cycle,Cell Cycle
gene5515,ANAPC4,Cell Cycle,Cell Cycle
gene5516,SMAD2,Cell Cycle,Cell Cycle
gene5517,YWHAQ,Cell Cycle,Cell Cycle
gene5518,CHEK2,Cell Cycle,Cell Cycle
gene5519,CDC23,Cell Cycle,Cell Cycle
gene5520,EP300,Cell Cycle,Cell Cycle
gene5521,GSK3B,Cell Cycle,Cell Cycle
gene5522,CDKN2A,Cell Cycle,Cell Cycle
gene5523,CDKN1C,Cell Cycle,Cell Cycle
gene5524,CDKN1B,Cell Cycle,Cell Cycle
gene5525,CDKN1A,Cell Cycle,Cell Cycle
gene5526,CDKN2D,Cell Cycle,Cell Cycle
gene5527,CCNA1,Cell Cycle,Cell Cycle
gene5528,CDKN2B,Cell Cycle,Cell Cycle
gene5529,CDKN2C,Cell Cycle,Cell Cycle
gene5530,FZR1,Cell Cycle,Cell Cycle
gene5531,SMC3,Cell Cycle,Cell Cycle
gene5532,ANAPC13,Cell Cycle,Cell Cycle
gene5533,PCNA,Cell Cycle,Cell Cycle
gene5534,TTK,Cell Cycle,Cell Cycle
gene5535,PKMYT1,Cell Cycle,Cell Cycle
gene5536,CDK2,Cell Cycle,Cell Cycle
gene5537,CDC26,Cell Cycle,Cell Cycle
gene5538,E2F5,Cell Cycle,Cell Cycle
gene5539,CDK4,Cell Cycle,Cell Cycle
gene5540,WEE1,Cell Cycle,Cell Cycle
gene5541,E2F4,Cell Cycle,Cell Cycle
gene5542,E2F3,Cell Cycle,Cell Cycle
gene5543,TP53,Cell Cycle,Cell Cycle
gene5544,E2F2,Cell Cycle,Cell Cycle
gene5545,ORC1,Cell Cycle,Cell Cycle
gene5546,ORC2,Cell Cycle,Cell Cycle
gene5547,CCNE2,Cell Cycle,Cell Cycle
gene5548,CDK6,Cell Cycle,Cell Cycle
gene5549,ORC4,Cell Cycle,Cell Cycle
gene5550,CCNB2,Cell Cycle,Cell Cycle
gene5551,CDK7,Cell Cycle,Cell Cycle
gene5552,MAD2L2,Cell Cycle,Cell Cycle
gene5553,ORC5,Cell Cycle,Cell Cycle
gene5554,HDAC1,Cell Cycle,Cell Cycle
gene5555,HDAC2,Cell Cycle,Cell Cycle
gene5556,CCNH,Cell Cycle,Cell Cycle
gene5557,CCNB3,Cell Cycle,Cell Cycle
gene5558,CDC16,Oocyte Meiosis,Oocyte Meiosis
gene5559,CALM2,Oocyte Meiosis,Oocyte Meiosis
gene5560,CALM1,Oocyte Meiosis,Oocyte Meiosis
gene5561,IGF1,Oocyte Meiosis,Oocyte Meiosis
gene5562,RPS6KA6,Oocyte Meiosis,Oocyte Meiosis
gene5563,PPP3R2,Oocyte Meiosis,Oocyte Meiosis
gene5564,PPP3CC,Oocyte Meiosis,Oocyte Meiosis
gene5565,SLK,Oocyte Meiosis,Oocyte Meiosis
gene5566,PPP3R1,Oocyte Meiosis,Oocyte Meiosis
gene5567,IGF1R,Oocyte Meiosis,Oocyte Meiosis
gene5568,ANAPC1,Oocyte Meiosis,Oocyte Meiosis
gene5569,SPDYC,Oocyte Meiosis,Oocyte Meiosis
gene5570,ITPR3,Oocyte Meiosis,Oocyte Meiosis
gene5571,SMC1B,Oocyte Meiosis,Oocyte Meiosis
gene5572,SKP1P2,Oocyte Meiosis,Oocyte Meiosis
gene5573,CHP2,Oocyte Meiosis,Oocyte Meiosis
gene5574,ANAPC7,Oocyte Meiosis,Oocyte Meiosis
gene5575,ANAPC5,Oocyte Meiosis,Oocyte Meiosis
gene5576,FBXO43,Oocyte Meiosis,Oocyte Meiosis
gene5577,SMC1A,Oocyte Meiosis,Oocyte Meiosis
gene5578,REC8,Oocyte Meiosis,Oocyte Meiosis
gene5579,MAPK12,Oocyte Meiosis,Oocyte Meiosis
gene5580,BTRC,Oocyte Meiosis,Oocyte Meiosis
gene5581,PRKX,Oocyte Meiosis,Oocyte Meiosis
gene5582,SKP1,Oocyte Meiosis,Oocyte Meiosis
gene5583,FBXW11,Oocyte Meiosis,Oocyte Meiosis
gene5584,CALML5,Oocyte Meiosis,Oocyte Meiosis
gene5585,ADCY3,Oocyte Meiosis,Oocyte Meiosis
gene5586,ADCY2,Oocyte Meiosis,Oocyte Meiosis
gene5587,PLK1,Oocyte Meiosis,Oocyte Meiosis
gene5588,ADCY1,Oocyte Meiosis,Oocyte Meiosis
gene5589,RBX1,Oocyte Meiosis,Oocyte Meiosis
gene5590,STAG3,Oocyte Meiosis,Oocyte Meiosis
gene5591,PGR,Oocyte Meiosis,Oocyte Meiosis
gene5592,YWHAB,Oocyte Meiosis,Oocyte Meiosis
gene5593,CAMK2A,Oocyte Meiosis,Oocyte Meiosis
gene5594,BUB1,Oocyte Meiosis,Oocyte Meiosis
gene5595,CAMK2B,Oocyte Meiosis,Oocyte Meiosis
gene5596,CAMK2D,Oocyte Meiosis,Oocyte Meiosis
gene5597,CAMK2G,Oocyte Meiosis,Oocyte Meiosis
gene5598,PRKACA,Oocyte Meiosis,Oocyte Meiosis
gene5599,PRKACB,Oocyte Meiosis,Oocyte Meiosis
gene5600,PRKACG,Oocyte Meiosis,Oocyte Meiosis
gene5601,FBXO5,Oocyte Meiosis,Oocyte Meiosis
gene5602,SGO1,Oocyte Meiosis,Oocyte Meiosis
gene5603,PTTG1,Oocyte Meiosis,Oocyte Meiosis
gene5604,CALML3,Oocyte Meiosis,Oocyte Meiosis
gene5605,CDC27,Oocyte Meiosis,Oocyte Meiosis
gene5606,CDC25C,Oocyte Meiosis,Oocyte Meiosis
gene5607,PLCZ1,Oocyte Meiosis,Oocyte Meiosis
gene5608,CDC20,Oocyte Meiosis,Oocyte Meiosis
gene5609,YWHAZ,Oocyte Meiosis,Oocyte Meiosis
gene5610,YWHAH,Oocyte Meiosis,Oocyte Meiosis
gene5611,CALM3,Oocyte Meiosis,Oocyte Meiosis
gene5612,CCNB1,Oocyte Meiosis,Oocyte Meiosis
gene5613,YWHAG,Oocyte Meiosis,Oocyte Meiosis
gene5614,YWHAE,Oocyte Meiosis,Oocyte Meiosis
gene5615,CCNE1,Oocyte Meiosis,Oocyte Meiosis
gene5616,PTTG2,Oocyte Meiosis,Oocyte Meiosis
gene5617,ADCY8,Oocyte Meiosis,Oocyte Meiosis
gene5618,ADCY9,Oocyte Meiosis,Oocyte Meiosis
gene5619,ADCY6,Oocyte Meiosis,Oocyte Meiosis
gene5620,ADCY7,Oocyte Meiosis,Oocyte Meiosis
gene5621,ADCY5,Oocyte Meiosis,Oocyte Meiosis
gene5622,SPDYA,Oocyte Meiosis,Oocyte Meiosis
gene5623,CDK1,Oocyte Meiosis,Oocyte Meiosis
gene5624,ESPL1,Oocyte Meiosis,Oocyte Meiosis
gene5625,ANAPC10,Oocyte Meiosis,Oocyte Meiosis
gene5626,INS,Oocyte Meiosis,Oocyte Meiosis
gene5627,ANAPC11,Oocyte Meiosis,Oocyte Meiosis
gene5628,MAP2K1,Oocyte Meiosis,Oocyte Meiosis
gene5629,ADCY4,Oocyte Meiosis,Oocyte Meiosis
gene5630,RPS6KA2,Oocyte Meiosis,Oocyte Meiosis
gene5631,RPS6KA3,Oocyte Meiosis,Oocyte Meiosis
gene5632,CUL1,Oocyte Meiosis,Oocyte Meiosis
gene5633,PPP1CC,Oocyte Meiosis,Oocyte Meiosis
gene5634,PPP1CB,Oocyte Meiosis,Oocyte Meiosis
gene5635,PPP1CA,Oocyte Meiosis,Oocyte Meiosis
gene5636,CPEB1,Oocyte Meiosis,Oocyte Meiosis
gene5637,MAPK3,Oocyte Meiosis,Oocyte Meiosis
gene5638,ANAPC2,Oocyte Meiosis,Oocyte Meiosis
gene5639,MAD2L1,Oocyte Meiosis,Oocyte Meiosis
gene5640,ANAPC4,Oocyte Meiosis,Oocyte Meiosis
gene5641,MAPK1,Oocyte Meiosis,Oocyte Meiosis
gene5642,RPS6KA1,Oocyte Meiosis,Oocyte Meiosis
gene5643,YWHAQ,Oocyte Meiosis,Oocyte Meiosis
gene5644,CDC23,Oocyte Meiosis,Oocyte Meiosis
gene5645,ITPR1,Oocyte Meiosis,Oocyte Meiosis
gene5646,ITPR2,Oocyte Meiosis,Oocyte Meiosis
gene5647,AURKA,Oocyte Meiosis,Oocyte Meiosis
gene5648,PPP2CB,Oocyte Meiosis,Oocyte Meiosis
gene5649,SMC3,Oocyte Meiosis,Oocyte Meiosis
gene5650,PPP2CA,Oocyte Meiosis,Oocyte Meiosis
gene5651,PPP2R1A,Oocyte Meiosis,Oocyte Meiosis
gene5652,AR,Oocyte Meiosis,Oocyte Meiosis
gene5653,PPP2R1B,Oocyte Meiosis,Oocyte Meiosis
gene5654,ANAPC13,Oocyte Meiosis,Oocyte Meiosis
gene5655,MOS,Oocyte Meiosis,Oocyte Meiosis
gene5656,PKMYT1,Oocyte Meiosis,Oocyte Meiosis
gene5657,CDK2,Oocyte Meiosis,Oocyte Meiosis
gene5658,CDC26,Oocyte Meiosis,Oocyte Meiosis
gene5659,PPP3CB,Oocyte Meiosis,Oocyte Meiosis
gene5660,PPP3CA,Oocyte Meiosis,Oocyte Meiosis
gene5661,PPP2R5A,Oocyte Meiosis,Oocyte Meiosis
gene5662,CCNE2,Oocyte Meiosis,Oocyte Meiosis
gene5663,CCNB2,Oocyte Meiosis,Oocyte Meiosis
gene5664,PPP2R5E,Oocyte Meiosis,Oocyte Meiosis
gene5665,MAD2L2,Oocyte Meiosis,Oocyte Meiosis
gene5666,PPP2R5D,Oocyte Meiosis,Oocyte Meiosis
gene5667,PPP2R5C,Oocyte Meiosis,Oocyte Meiosis
gene5668,PPP2R5B,Oocyte Meiosis,Oocyte Meiosis
gene5669,CHP1,Oocyte Meiosis,Oocyte Meiosis
gene5670,CALML6,Oocyte Meiosis,Oocyte Meiosis
gene5671,CASP9,P53 Signaling Pathway,P53 Signaling Pathway
gene5672,CASP8,P53 Signaling Pathway,P53 Signaling Pathway
gene5673,SFN,P53 Signaling Pathway,P53 Signaling Pathway
gene5674,TSC2,P53 Signaling Pathway,P53 Signaling Pathway
gene5675,IGF1,P53 Signaling Pathway,P53 Signaling Pathway
gene5676,CDK1,P53 Signaling Pathway,P53 Signaling Pathway
gene5677,GADD45B,P53 Signaling Pathway,P53 Signaling Pathway
gene5678,RCHY1,P53 Signaling Pathway,P53 Signaling Pathway
gene5679,ZMAT3,P53 Signaling Pathway,P53 Signaling Pathway
gene5680,IGFBP3,P53 Signaling Pathway,P53 Signaling Pathway
gene5681,RRM2B,P53 Signaling Pathway,P53 Signaling Pathway
gene5682,ADGRB1,P53 Signaling Pathway,P53 Signaling Pathway
gene5683,TP73,P53 Signaling Pathway,P53 Signaling Pathway
gene5684,SERPINB5,P53 Signaling Pathway,P53 Signaling Pathway
gene5685,RPRM,P53 Signaling Pathway,P53 Signaling Pathway
gene5686,PPM1D,P53 Signaling Pathway,P53 Signaling Pathway
gene5687,BID,P53 Signaling Pathway,P53 Signaling Pathway
gene5688,MDM4,P53 Signaling Pathway,P53 Signaling Pathway
gene5689,BAX,P53 Signaling Pathway,P53 Signaling Pathway
gene5690,MDM2,P53 Signaling Pathway,P53 Signaling Pathway
gene5691,TP53AIP1,P53 Signaling Pathway,P53 Signaling Pathway
gene5692,CASP3,P53 Signaling Pathway,P53 Signaling Pathway
gene5693,TP53I3,P53 Signaling Pathway,P53 Signaling Pathway
gene5694,PMAIP1,P53 Signaling Pathway,P53 Signaling Pathway
gene5695,PIDD1,P53 Signaling Pathway,P53 Signaling Pathway
gene5696,COP1,P53 Signaling Pathway,P53 Signaling Pathway
gene5697,PERP,P53 Signaling Pathway,P53 Signaling Pathway
gene5698,GADD45G,P53 Signaling Pathway,P53 Signaling Pathway
gene5699,EI24,P53 Signaling Pathway,P53 Signaling Pathway
gene5700,SESN2,P53 Signaling Pathway,P53 Signaling Pathway
gene5701,ATM,P53 Signaling Pathway,P53 Signaling Pathway
gene5702,ATR,P53 Signaling Pathway,P53 Signaling Pathway
gene5703,SESN3,P53 Signaling Pathway,P53 Signaling Pathway
gene5704,CHEK2,P53 Signaling Pathway,P53 Signaling Pathway
gene5705,APAF1,P53 Signaling Pathway,P53 Signaling Pathway
gene5706,CDKN2A,P53 Signaling Pathway,P53 Signaling Pathway
gene5707,RRM2,P53 Signaling Pathway,P53 Signaling Pathway
gene5708,CDKN1A,P53 Signaling Pathway,P53 Signaling Pathway
gene5709,BBC3,P53 Signaling Pathway,P53 Signaling Pathway
gene5710,GADD45A,P53 Signaling Pathway,P53 Signaling Pathway
gene5711,TNFRSF10B,P53 Signaling Pathway,P53 Signaling Pathway
gene5712,DDB2,P53 Signaling Pathway,P53 Signaling Pathway
gene5713,GTSE1,P53 Signaling Pathway,P53 Signaling Pathway
gene5714,SIAH1,P53 Signaling Pathway,P53 Signaling Pathway
gene5715,CCND1,P53 Signaling Pathway,P53 Signaling Pathway
gene5716,CD82,P53 Signaling Pathway,P53 Signaling Pathway
gene5717,PTEN,P53 Signaling Pathway,P53 Signaling Pathway
gene5718,CDK2,P53 Signaling Pathway,P53 Signaling Pathway
gene5719,CHEK1,P53 Signaling Pathway,P53 Signaling Pathway
gene5720,SESN1,P53 Signaling Pathway,P53 Signaling Pathway
gene5721,CDK4,P53 Signaling Pathway,P53 Signaling Pathway
gene5722,SERPINE1,P53 Signaling Pathway,P53 Signaling Pathway
gene5723,TP53,P53 Signaling Pathway,P53 Signaling Pathway
gene5724,CCNE2,P53 Signaling Pathway,P53 Signaling Pathway
gene5725,FAS,P53 Signaling Pathway,P53 Signaling Pathway
gene5726,CDK6,P53 Signaling Pathway,P53 Signaling Pathway
gene5727,CYCS,P53 Signaling Pathway,P53 Signaling Pathway
gene5728,STEAP3,P53 Signaling Pathway,P53 Signaling Pathway
gene5729,CCNB2,P53 Signaling Pathway,P53 Signaling Pathway
gene5730,CCND2,P53 Signaling Pathway,P53 Signaling Pathway
gene5731,SHISA5,P53 Signaling Pathway,P53 Signaling Pathway
gene5732,CCNB1,P53 Signaling Pathway,P53 Signaling Pathway
gene5733,CCNG1,P53 Signaling Pathway,P53 Signaling Pathway
gene5734,CCNE1,P53 Signaling Pathway,P53 Signaling Pathway
gene5735,CCNB3,P53 Signaling Pathway,P53 Signaling Pathway
gene5736,THBS1,P53 Signaling Pathway,P53 Signaling Pathway
gene5737,CCNG2,P53 Signaling Pathway,P53 Signaling Pathway
gene5738,CCND3,P53 Signaling Pathway,P53 Signaling Pathway
gene5739,CDC16,Ubiquitin Mediated Proteolysis,Ubiquitin Mediated Proteolysis
gene5740,KLHL13,Ubiquitin Mediated Proteolysis,Ubiquitin Mediated Proteolysis
gene5741,PIAS3,Ubiquitin Mediated Proteolysis,Ubiquitin Mediated Proteolysis
gene5742,UBA6,Ubiquitin Mediated Proteolysis,Ubiquitin Mediated Proteolysis
gene5743,UBE2L6,Ubiquitin Mediated Proteolysis,Ubiquitin Mediated Proteolysis
gene5744,BIRC3,Ubiquitin Mediated Proteolysis,Ubiquitin Mediated Proteolysis
gene5745,HERC1,Ubiquitin Mediated Proteolysis,Ubiquitin Mediated Proteolysis
gene5746,XIAP,Ubiquitin Mediated Proteolysis,Ubiquitin Mediated Proteolysis
gene5747,PML,Ubiquitin Mediated Proteolysis,Ubiquitin Mediated Proteolysis
gene5748,HERC2,Ubiquitin Mediated Proteolysis,Ubiquitin Mediated Proteolysis
gene5749,PRPF19,Ubiquitin Mediated Proteolysis,Ubiquitin Mediated Proteolysis
gene5750,ANAPC1,Ubiquitin Mediated Proteolysis,Ubiquitin Mediated Proteolysis
gene5751,UBE2S,Ubiquitin Mediated Proteolysis,Ubiquitin Mediated Proteolysis
gene5752,UBE2O,Ubiquitin Mediated Proteolysis,Ubiquitin Mediated Proteolysis
gene5753,UBE2M,Ubiquitin Mediated Proteolysis,Ubiquitin Mediated Proteolysis
gene5754,UBE2Q2,Ubiquitin Mediated Proteolysis,Ubiquitin Mediated Proteolysis
gene5755,MAP3K1,Ubiquitin Mediated Proteolysis,Ubiquitin Mediated Proteolysis
gene5756,UBE4A,Ubiquitin Mediated Proteolysis,Ubiquitin Mediated Proteolysis
gene5757,BRCA1,Ubiquitin Mediated Proteolysis,Ubiquitin Mediated Proteolysis
gene5758,MDM2,Ubiquitin Mediated Proteolysis,Ubiquitin Mediated Proteolysis
gene5759,UBE2K,Ubiquitin Mediated Proteolysis,Ubiquitin Mediated Proteolysis
gene5760,UBE2D4,Ubiquitin Mediated Proteolysis,Ubiquitin Mediated Proteolysis
gene5761,UBOX5,Ubiquitin Mediated Proteolysis,Ubiquitin Mediated Proteolysis
gene5762,KLHL9,Ubiquitin Mediated Proteolysis,Ubiquitin Mediated Proteolysis
gene5763,UBR5,Ubiquitin Mediated Proteolysis,Ubiquitin Mediated Proteolysis
gene5764,UBE3A,Ubiquitin Mediated Proteolysis,Ubiquitin Mediated Proteolysis
gene5765,UBE2R2,Ubiquitin Mediated Proteolysis,Ubiquitin Mediated Proteolysis
gene5766,COP1,Ubiquitin Mediated Proteolysis,Ubiquitin Mediated Proteolysis
gene5767,TRIM37,Ubiquitin Mediated Proteolysis,Ubiquitin Mediated Proteolysis
gene5768,FBXW8,Ubiquitin Mediated Proteolysis,Ubiquitin Mediated Proteolysis
gene5769,UBE2E3,Ubiquitin Mediated Proteolysis,Ubiquitin Mediated Proteolysis
gene5770,SKP1P2,Ubiquitin Mediated Proteolysis,Ubiquitin Mediated Proteolysis
gene5771,ANAPC7,Ubiquitin Mediated Proteolysis,Ubiquitin Mediated Proteolysis
gene5772,ANAPC5,Ubiquitin Mediated Proteolysis,Ubiquitin Mediated Proteolysis
gene5773,UBE2QL1,Ubiquitin Mediated Proteolysis,Ubiquitin Mediated Proteolysis
gene5774,PIAS1,Ubiquitin Mediated Proteolysis,Ubiquitin Mediated Proteolysis
gene5775,SMURF1,Ubiquitin Mediated Proteolysis,Ubiquitin Mediated Proteolysis
gene5776,STUB1,Ubiquitin Mediated Proteolysis,Ubiquitin Mediated Proteolysis
gene5777,UBE2G2,Ubiquitin Mediated Proteolysis,Ubiquitin Mediated Proteolysis
gene5778,BTRC,Ubiquitin Mediated Proteolysis,Ubiquitin Mediated Proteolysis
gene5779,UBE2G1,Ubiquitin Mediated Proteolysis,Ubiquitin Mediated Proteolysis
gene5780,UBE2I,Ubiquitin Mediated Proteolysis,Ubiquitin Mediated Proteolysis
gene5781,SOCS1,Ubiquitin Mediated Proteolysis,Ubiquitin Mediated Proteolysis
gene5782,UBE2H,Ubiquitin Mediated Proteolysis,Ubiquitin Mediated Proteolysis
gene5783,UBE2J2,Ubiquitin Mediated Proteolysis,Ubiquitin Mediated Proteolysis
gene5784,SKP1,Ubiquitin Mediated Proteolysis,Ubiquitin Mediated Proteolysis
gene5785,TRAF6,Ubiquitin Mediated Proteolysis,Ubiquitin Mediated Proteolysis
gene5786,FBXW11,Ubiquitin Mediated Proteolysis,Ubiquitin Mediated Proteolysis
gene5787,UBE2L3,Ubiquitin Mediated Proteolysis,Ubiquitin Mediated Proteolysis
gene5788,NHLRC1,Ubiquitin Mediated Proteolysis,Ubiquitin Mediated Proteolysis
gene5789,UBE2N,Ubiquitin Mediated Proteolysis,Ubiquitin Mediated Proteolysis
gene5790,UBE4B,Ubiquitin Mediated Proteolysis,Ubiquitin Mediated Proteolysis
gene5791,MGRN1,Ubiquitin Mediated Proteolysis,Ubiquitin Mediated Proteolysis
gene5792,RBX1,Ubiquitin Mediated Proteolysis,Ubiquitin Mediated Proteolysis
gene5793,DDB2,Ubiquitin Mediated Proteolysis,Ubiquitin Mediated Proteolysis
gene5794,NEDD4L,Ubiquitin Mediated Proteolysis,Ubiquitin Mediated Proteolysis
gene5795,SOCS3,Ubiquitin Mediated Proteolysis,Ubiquitin Mediated Proteolysis
gene5796,SIAH1,Ubiquitin Mediated Proteolysis,Ubiquitin Mediated Proteolysis
gene5797,DDB1,Ubiquitin Mediated Proteolysis,Ubiquitin Mediated Proteolysis
gene5798,DET1,Ubiquitin Mediated Proteolysis,Ubiquitin Mediated Proteolysis
gene5799,RNF7,Ubiquitin Mediated Proteolysis,Ubiquitin Mediated Proteolysis
gene5800,BIRC2,Ubiquitin Mediated Proteolysis,Ubiquitin Mediated Proteolysis
gene5801,UBE2U,Ubiquitin Mediated Proteolysis,Ubiquitin Mediated Proteolysis
gene5802,UBE2Z,Ubiquitin Mediated Proteolysis,Ubiquitin Mediated Proteolysis
gene5803,UBA7,Ubiquitin Mediated Proteolysis,Ubiquitin Mediated Proteolysis
gene5804,VHL,Ubiquitin Mediated Proteolysis,Ubiquitin Mediated Proteolysis
gene5805,UBA1,Ubiquitin Mediated Proteolysis,Ubiquitin Mediated Proteolysis
gene5806,UBE2NL,Ubiquitin Mediated Proteolysis,Ubiquitin Mediated Proteolysis
gene5807,PIAS4,Ubiquitin Mediated Proteolysis,Ubiquitin Mediated Proteolysis
gene5808,AIRE,Ubiquitin Mediated Proteolysis,Ubiquitin Mediated Proteolysis
gene5809,FBXO4,Ubiquitin Mediated Proteolysis,Ubiquitin Mediated Proteolysis
gene5810,CBLC,Ubiquitin Mediated Proteolysis,Ubiquitin Mediated Proteolysis
gene5811,UBE2A,Ubiquitin Mediated Proteolysis,Ubiquitin Mediated Proteolysis
gene5812,CDC27,Ubiquitin Mediated Proteolysis,Ubiquitin Mediated Proteolysis
gene5813,HUWE1,Ubiquitin Mediated Proteolysis,Ubiquitin Mediated Proteolysis
gene5814,UBE2B,Ubiquitin Mediated Proteolysis,Ubiquitin Mediated Proteolysis
gene5815,CDC34,Ubiquitin Mediated Proteolysis,Ubiquitin Mediated Proteolysis
gene5816,UBE2D1,Ubiquitin Mediated Proteolysis,Ubiquitin Mediated Proteolysis
gene5817,UBA3,Ubiquitin Mediated Proteolysis,Ubiquitin Mediated Proteolysis
gene5818,UBE2E1,Ubiquitin Mediated Proteolysis,Ubiquitin Mediated Proteolysis
gene5819,UBE2E2,Ubiquitin Mediated Proteolysis,Ubiquitin Mediated Proteolysis
gene5820,UBE2D2,Ubiquitin Mediated Proteolysis,Ubiquitin Mediated Proteolysis
gene5821,CDC20,Ubiquitin Mediated Proteolysis,Ubiquitin Mediated Proteolysis
gene5822,UBE2D3,Ubiquitin Mediated Proteolysis,Ubiquitin Mediated Proteolysis
gene5823,ITCH,Ubiquitin Mediated Proteolysis,Ubiquitin Mediated Proteolysis
gene5824,UBE2Q1,Ubiquitin Mediated Proteolysis,Ubiquitin Mediated Proteolysis
gene5825,ANAPC10,Ubiquitin Mediated Proteolysis,Ubiquitin Mediated Proteolysis
gene5826,RCHY1,Ubiquitin Mediated Proteolysis,Ubiquitin Mediated Proteolysis
gene5827,UBE2W,Ubiquitin Mediated Proteolysis,Ubiquitin Mediated Proteolysis
gene5828,WWP1,Ubiquitin Mediated Proteolysis,Ubiquitin Mediated Proteolysis
gene5829,PPIL2,Ubiquitin Mediated Proteolysis,Ubiquitin Mediated Proteolysis
gene5830,ELOC,Ubiquitin Mediated Proteolysis,Ubiquitin Mediated Proteolysis
gene5831,UBE3C,Ubiquitin Mediated Proteolysis,Ubiquitin Mediated Proteolysis
gene5832,UBE2J1,Ubiquitin Mediated Proteolysis,Ubiquitin Mediated Proteolysis
gene5833,ANAPC11,Ubiquitin Mediated Proteolysis,Ubiquitin Mediated Proteolysis
gene5834,ELOB,Ubiquitin Mediated Proteolysis,Ubiquitin Mediated Proteolysis
gene5835,SAE1,Ubiquitin Mediated Proteolysis,Ubiquitin Mediated Proteolysis
gene5836,UBA2,Ubiquitin Mediated Proteolysis,Ubiquitin Mediated Proteolysis
gene5837,RHOBTB2,Ubiquitin Mediated Proteolysis,Ubiquitin Mediated Proteolysis
gene5838,CUL5,Ubiquitin Mediated Proteolysis,Ubiquitin Mediated Proteolysis
gene5839,KEAP1,Ubiquitin Mediated Proteolysis,Ubiquitin Mediated Proteolysis
gene5840,SYVN1,Ubiquitin Mediated Proteolysis,Ubiquitin Mediated Proteolysis
gene5841,PRKN,Ubiquitin Mediated Proteolysis,Ubiquitin Mediated Proteolysis
gene5842,SKP2,Ubiquitin Mediated Proteolysis,Ubiquitin Mediated Proteolysis
gene5843,PIAS2,Ubiquitin Mediated Proteolysis,Ubiquitin Mediated Proteolysis
gene5844,CUL7,Ubiquitin Mediated Proteolysis,Ubiquitin Mediated Proteolysis
gene5845,CUL1,Ubiquitin Mediated Proteolysis,Ubiquitin Mediated Proteolysis
gene5846,FBXW7,Ubiquitin Mediated Proteolysis,Ubiquitin Mediated Proteolysis
gene5847,CUL2,Ubiquitin Mediated Proteolysis,Ubiquitin Mediated Proteolysis
gene5848,CUL3,Ubiquitin Mediated Proteolysis,Ubiquitin Mediated Proteolysis
gene5849,UBE3B,Ubiquitin Mediated Proteolysis,Ubiquitin Mediated Proteolysis
gene5850,CUL4A,Ubiquitin Mediated Proteolysis,Ubiquitin Mediated Proteolysis
gene5851,CUL4B,Ubiquitin Mediated Proteolysis,Ubiquitin Mediated Proteolysis
gene5852,ANAPC2,Ubiquitin Mediated Proteolysis,Ubiquitin Mediated Proteolysis
gene5853,FANCL,Ubiquitin Mediated Proteolysis,Ubiquitin Mediated Proteolysis
gene5854,ANAPC4,Ubiquitin Mediated Proteolysis,Ubiquitin Mediated Proteolysis
gene5855,SMURF2,Ubiquitin Mediated Proteolysis,Ubiquitin Mediated Proteolysis
gene5856,CDC23,Ubiquitin Mediated Proteolysis,Ubiquitin Mediated Proteolysis
gene5857,CBLB,Ubiquitin Mediated Proteolysis,Ubiquitin Mediated Proteolysis
gene5858,CBL,Ubiquitin Mediated Proteolysis,Ubiquitin Mediated Proteolysis
gene5859,NEDD4,Ubiquitin Mediated Proteolysis,Ubiquitin Mediated Proteolysis
gene5860,TRIM32,Ubiquitin Mediated Proteolysis,Ubiquitin Mediated Proteolysis
gene5861,FZR1,Ubiquitin Mediated Proteolysis,Ubiquitin Mediated Proteolysis
gene5862,TRIP12,Ubiquitin Mediated Proteolysis,Ubiquitin Mediated Proteolysis
gene5863,UBE2F,Ubiquitin Mediated Proteolysis,Ubiquitin Mediated Proteolysis
gene5864,ANAPC13,Ubiquitin Mediated Proteolysis,Ubiquitin Mediated Proteolysis
gene5865,FBXO2,Ubiquitin Mediated Proteolysis,Ubiquitin Mediated Proteolysis
gene5866,HERC4,Ubiquitin Mediated Proteolysis,Ubiquitin Mediated Proteolysis
gene5867,WWP2,Ubiquitin Mediated Proteolysis,Ubiquitin Mediated Proteolysis
gene5868,UBE2C,Ubiquitin Mediated Proteolysis,Ubiquitin Mediated Proteolysis
gene5869,CDC26,Ubiquitin Mediated Proteolysis,Ubiquitin Mediated Proteolysis
gene5870,HERC3,Ubiquitin Mediated Proteolysis,Ubiquitin Mediated Proteolysis
gene5871,BIRC6,Ubiquitin Mediated Proteolysis,Ubiquitin Mediated Proteolysis
gene5872,ERCC8,Ubiquitin Mediated Proteolysis,Ubiquitin Mediated Proteolysis
gene5873,MID1,Ubiquitin Mediated Proteolysis,Ubiquitin Mediated Proteolysis
gene5874,ATG4A,Regulation Of Autophagy,Regulation Of Autophagy
gene5875,ULK3,Regulation Of Autophagy,Regulation Of Autophagy
gene5876,BECN1,Regulation Of Autophagy,Regulation Of Autophagy
gene5877,IFNA5,Regulation Of Autophagy,Regulation Of Autophagy
gene5878,IFNA4,Regulation Of Autophagy,Regulation Of Autophagy
gene5879,IFNA2,Regulation Of Autophagy,Regulation Of Autophagy
gene5880,GABARAPL1,Regulation Of Autophagy,Regulation Of Autophagy
gene5881,ATG12,Regulation Of Autophagy,Regulation Of Autophagy
gene5882,IFNG,Regulation Of Autophagy,Regulation Of Autophagy
gene5883,IFNA1,Regulation Of Autophagy,Regulation Of Autophagy
gene5884,ATG4B,Regulation Of Autophagy,Regulation Of Autophagy
gene5885,PRKAA2,Regulation Of Autophagy,Regulation Of Autophagy
gene5886,PRKAA1,Regulation Of Autophagy,Regulation Of Autophagy
gene5887,GABARAPL2,Regulation Of Autophagy,Regulation Of Autophagy
gene5888,PIK3C3,Regulation Of Autophagy,Regulation Of Autophagy
gene5889,INS,Regulation Of Autophagy,Regulation Of Autophagy
gene5890,ATG5,Regulation Of Autophagy,Regulation Of Autophagy
gene5891,ULK1,Regulation Of Autophagy,Regulation Of Autophagy
gene5892,PIK3R4,Regulation Of Autophagy,Regulation Of Autophagy
gene5893,ATG7,Regulation Of Autophagy,Regulation Of Autophagy
gene5894,IFNA17,Regulation Of Autophagy,Regulation Of Autophagy
gene5895,IFNA21,Regulation Of Autophagy,Regulation Of Autophagy
gene5896,IFNA6,Regulation Of Autophagy,Regulation Of Autophagy
gene5897,IFNA7,Regulation Of Autophagy,Regulation Of Autophagy
gene5898,IFNA8,Regulation Of Autophagy,Regulation Of Autophagy
gene5899,IFNA10,Regulation Of Autophagy,Regulation Of Autophagy
gene5900,IFNA13,Regulation Of Autophagy,Regulation Of Autophagy
gene5901,IFNA14,Regulation Of Autophagy,Regulation Of Autophagy
gene5902,ULK2,Regulation Of Autophagy,Regulation Of Autophagy
gene5903,IFNA16,Regulation Of Autophagy,Regulation Of Autophagy
gene5904,ATG4C,Regulation Of Autophagy,Regulation Of Autophagy
gene5905,ATG4D,Regulation Of Autophagy,Regulation Of Autophagy
gene5906,BECN2,Regulation Of Autophagy,Regulation Of Autophagy
gene5907,ATG3,Regulation Of Autophagy,Regulation Of Autophagy
gene5908,GABARAP,Regulation Of Autophagy,Regulation Of Autophagy
gene5909,F2R,Endocytosis,Endocytosis
gene5910,EPN3,Endocytosis,Endocytosis
gene5911,IQSEC1,Endocytosis,Endocytosis
gene5912,IQSEC3,Endocytosis,Endocytosis
gene5913,GRK3,Endocytosis,Endocytosis
gene5914,GRK2,Endocytosis,Endocytosis
gene5915,ADRB3,Endocytosis,Endocytosis
gene5916,ADRB2,Endocytosis,Endocytosis
gene5917,EPN2,Endocytosis,Endocytosis
gene5918,STAMBP,Endocytosis,Endocytosis
gene5919,ADRB1,Endocytosis,Endocytosis
gene5920,IGF1R,Endocytosis,Endocytosis
gene5921,CLTCL1,Endocytosis,Endocytosis
gene5922,HGS,Endocytosis,Endocytosis
gene5923,VPS37C,Endocytosis,Endocytosis
gene5924,MVB12B,Endocytosis,Endocytosis
gene5925,PIP4K2B,Endocytosis,Endocytosis
gene5926,RUFY1,Endocytosis,Endocytosis
gene5927,SMAP2,Endocytosis,Endocytosis
gene5928,HLA-G,Endocytosis,Endocytosis
gene5929,FLT1,Endocytosis,Endocytosis
gene5930,STAM,Endocytosis,Endocytosis
gene5931,MDM2,Endocytosis,Endocytosis
gene5932,PIKFYVE,Endocytosis,Endocytosis
gene5933,VPS37D,Endocytosis,Endocytosis
gene5934,PIP5K1A,Endocytosis,Endocytosis
gene5935,VPS28,Endocytosis,Endocytosis
gene5936,CHMP2B,Endocytosis,Endocytosis
gene5937,MVB12A,Endocytosis,Endocytosis
gene5938,PIP5K1B,Endocytosis,Endocytosis
gene5939,RAB11FIP1,Endocytosis,Endocytosis
gene5940,ACAP1,Endocytosis,Endocytosis
gene5941,ARRB2,Endocytosis,Endocytosis
gene5942,AP2A2,Endocytosis,Endocytosis
gene5943,GRK7,Endocytosis,Endocytosis
gene5944,ARRB1,Endocytosis,Endocytosis
gene5945,AP2B1,Endocytosis,Endocytosis
gene5946,AP2A1,Endocytosis,Endocytosis
gene5947,EEA1,Endocytosis,Endocytosis
gene5948,GRK1,Endocytosis,Endocytosis
gene5949,CSF1R,Endocytosis,Endocytosis
gene5950,SMURF1,Endocytosis,Endocytosis
gene5951,SH3GLB1,Endocytosis,Endocytosis
gene5952,VPS4A,Endocytosis,Endocytosis
gene5953,ARFGAP3,Endocytosis,Endocytosis
gene5954,DNM2,Endocytosis,Endocytosis
gene5955,HSPA8,Endocytosis,Endocytosis
gene5956,VPS36,Endocytosis,Endocytosis
gene5957,PARD6B,Endocytosis,Endocytosis
gene5958,RAB31,Endocytosis,Endocytosis
gene5959,RAB11A,Endocytosis,Endocytosis
gene5960,TRAF6,Endocytosis,Endocytosis
gene5961,CHMP4A,Endocytosis,Endocytosis
gene5962,PDCD6IP,Endocytosis,Endocytosis
gene5963,LDLR,Endocytosis,Endocytosis
gene5964,PIP5K1C,Endocytosis,Endocytosis
gene5965,NEDD4L,Endocytosis,Endocytosis
gene5966,ACAP3,Endocytosis,Endocytosis
gene5967,CHMP5,Endocytosis,Endocytosis
gene5968,ARAP2,Endocytosis,Endocytosis
gene5969,IQSEC2,Endocytosis,Endocytosis
gene5970,HLA-F,Endocytosis,Endocytosis
gene5971,MET,Endocytosis,Endocytosis
gene5972,HLA-E,Endocytosis,Endocytosis
gene5973,ARAP3,Endocytosis,Endocytosis
gene5974,ASAP2,Endocytosis,Endocytosis
gene5975,RAB11B,Endocytosis,Endocytosis
gene5976,RAB11FIP5,Endocytosis,Endocytosis
gene5977,RBSN,Endocytosis,Endocytosis
gene5978,PDGFRA,Endocytosis,Endocytosis
gene5979,AGAP1,Endocytosis,Endocytosis
gene5980,DNM3,Endocytosis,Endocytosis
gene5981,AGAP2,Endocytosis,Endocytosis
gene5982,ARFGAP1,Endocytosis,Endocytosis
gene5983,ARAP1,Endocytosis,Endocytosis
gene5984,CHMP4B,Endocytosis,Endocytosis
gene5985,CBLC,Endocytosis,Endocytosis
gene5986,ACAP2,Endocytosis,Endocytosis
gene5987,VPS25,Endocytosis,Endocytosis
gene5988,RAB22A,Endocytosis,Endocytosis
gene5989,EHD1,Endocytosis,Endocytosis
gene5990,PLD1,Endocytosis,Endocytosis
gene5991,PLD2,Endocytosis,Endocytosis
gene5992,ITCH,Endocytosis,Endocytosis
gene5993,CDC42,Endocytosis,Endocytosis
gene5994,SH3GLB2,Endocytosis,Endocytosis
gene5995,PARD6A,Endocytosis,Endocytosis
gene5996,CHMP6,Endocytosis,Endocytosis
gene5997,VTA1,Endocytosis,Endocytosis
gene5998,RNF41,Endocytosis,Endocytosis
gene5999,DNAJC6,Endocytosis,Endocytosis
gene6000,ARF6,Endocytosis,Endocytosis
gene6001,CHMP1B,Endocytosis,Endocytosis
gene6002,PSD2,Endocytosis,Endocytosis
gene6003,USP8,Endocytosis,Endocytosis
gene6004,PSD4,Endocytosis,Endocytosis
gene6005,WWP1,Endocytosis,Endocytosis
gene6006,HLA-C,Endocytosis,Endocytosis
gene6007,CXCR4,Endocytosis,Endocytosis
gene6008,HLA-B,Endocytosis,Endocytosis
gene6009,PRKCI,Endocytosis,Endocytosis
gene6010,CXCR2,Endocytosis,Endocytosis
gene6011,SH3GL3,Endocytosis,Endocytosis
gene6012,CXCR1,Endocytosis,Endocytosis
gene6013,TSG101,Endocytosis,Endocytosis
gene6014,HLA-A,Endocytosis,Endocytosis
gene6015,ERBB4,Endocytosis,Endocytosis
gene6016,HSPA1L,Endocytosis,Endocytosis
gene6017,HSPA1B,Endocytosis,Endocytosis
gene6018,ERBB3,Endocytosis,Endocytosis
gene6019,HSPA2,Endocytosis,Endocytosis
gene6020,RAB11FIP4,Endocytosis,Endocytosis
gene6021,SH3GL1,Endocytosis,Endocytosis
gene6022,EPS15,Endocytosis,Endocytosis
gene6023,DNM1L,Endocytosis,Endocytosis
gene6024,HSPA1A,Endocytosis,Endocytosis
gene6025,TFRC,Endocytosis,Endocytosis
gene6026,SH3GL2,Endocytosis,Endocytosis
gene6027,SMAP1,Endocytosis,Endocytosis
gene6028,RAB11FIP2,Endocytosis,Endocytosis
gene6029,FGFR2,Endocytosis,Endocytosis
gene6030,KDR,Endocytosis,Endocytosis
gene6031,KIT,Endocytosis,Endocytosis
gene6032,FGFR4,Endocytosis,Endocytosis
gene6033,GIT2,Endocytosis,Endocytosis
gene6034,DNM1,Endocytosis,Endocytosis
gene6035,FGFR3,Endocytosis,Endocytosis
gene6036,LDLRAP1,Endocytosis,Endocytosis
gene6037,RET,Endocytosis,Endocytosis
gene6038,CCR5,Endocytosis,Endocytosis
gene6039,PRKCZ,Endocytosis,Endocytosis
gene6040,PSD3,Endocytosis,Endocytosis
gene6041,ASAP3,Endocytosis,Endocytosis
gene6042,HSPA6,Endocytosis,Endocytosis
gene6043,RAB5C,Endocytosis,Endocytosis
gene6044,DAB2,Endocytosis,Endocytosis
gene6045,SMURF2,Endocytosis,Endocytosis
gene6046,HRAS,Endocytosis,Endocytosis
gene6047,CHMP3,Endocytosis,Endocytosis
gene6048,VPS37A,Endocytosis,Endocytosis
gene6049,EGFR,Endocytosis,Endocytosis
gene6050,IL2RG,Endocytosis,Endocytosis
gene6051,VPS37B,Endocytosis,Endocytosis
gene6052,IL2RB,Endocytosis,Endocytosis
gene6053,CBLB,Endocytosis,Endocytosis
gene6054,CBL,Endocytosis,Endocytosis
gene6055,PSD,Endocytosis,Endocytosis
gene6056,NEDD4,Endocytosis,Endocytosis
gene6057,EGF,Endocytosis,Endocytosis
gene6058,PARD6G,Endocytosis,Endocytosis
gene6059,SH3KBP1,Endocytosis,Endocytosis
gene6060,ARFGAP2,Endocytosis,Endocytosis
gene6061,RAB5B,Endocytosis,Endocytosis
gene6062,RAB4A,Endocytosis,Endocytosis
gene6063,EHD4,Endocytosis,Endocytosis
gene6064,RAB5A,Endocytosis,Endocytosis
gene6065,AP2S1,Endocytosis,Endocytosis
gene6066,EHD2,Endocytosis,Endocytosis
gene6067,IL2RA,Endocytosis,Endocytosis
gene6068,EHD3,Endocytosis,Endocytosis
gene6069,AP2M1,Endocytosis,Endocytosis
gene6070,SNF8,Endocytosis,Endocytosis
gene6071,SRC,Endocytosis,Endocytosis
gene6072,VPS4B,Endocytosis,Endocytosis
gene6073,STAM2,Endocytosis,Endocytosis
gene6074,CHMP2A,Endocytosis,Endocytosis
gene6075,GIT1,Endocytosis,Endocytosis
gene6076,GRK6,Endocytosis,Endocytosis
gene6077,RABEP1,Endocytosis,Endocytosis
gene6078,VPS45,Endocytosis,Endocytosis
gene6079,RAB11FIP3,Endocytosis,Endocytosis
gene6080,CLTA,Endocytosis,Endocytosis
gene6081,CLTB,Endocytosis,Endocytosis
gene6082,CLTC,Endocytosis,Endocytosis
gene6083,CHMP4C,Endocytosis,Endocytosis
gene6084,GRK4,Endocytosis,Endocytosis
gene6085,PARD3,Endocytosis,Endocytosis
gene6086,GRK5,Endocytosis,Endocytosis
gene6087,ASAP1,Endocytosis,Endocytosis
gene6088,NTRK1,Endocytosis,Endocytosis
gene6089,EPN1,Endocytosis,Endocytosis
gene6090,EPHX2,Peroxisome,Peroxisome
gene6091,XDH,Peroxisome,Peroxisome
gene6092,BAAT,Peroxisome,Peroxisome
gene6093,MVK,Peroxisome,Peroxisome
gene6094,CAT,Peroxisome,Peroxisome
gene6095,NUDT19,Peroxisome,Peroxisome
gene6096,PMVK,Peroxisome,Peroxisome
gene6097,PEX16,Peroxisome,Peroxisome
gene6098,HAO2,Peroxisome,Peroxisome
gene6099,FAR2,Peroxisome,Peroxisome
gene6100,PRDX5,Peroxisome,Peroxisome
gene6101,HMGCL,Peroxisome,Peroxisome
gene6102,PHYH,Peroxisome,Peroxisome
gene6103,DDO,Peroxisome,Peroxisome
gene6104,ACSL6,Peroxisome,Peroxisome
gene6105,AGPS,Peroxisome,Peroxisome
gene6106,SOD1,Peroxisome,Peroxisome
gene6107,SOD2,Peroxisome,Peroxisome
gene6108,MPV17L,Peroxisome,Peroxisome
gene6109,NOS2,Peroxisome,Peroxisome
gene6110,HAO1,Peroxisome,Peroxisome
gene6111,HSD17B4,Peroxisome,Peroxisome
gene6112,CRAT,Peroxisome,Peroxisome
gene6113,PAOX,Peroxisome,Peroxisome
gene6114,ACOX2,Peroxisome,Peroxisome
gene6115,PEX11G,Peroxisome,Peroxisome
gene6116,ACOX3,Peroxisome,Peroxisome
gene6117,AMACR,Peroxisome,Peroxisome
gene6118,PEX5,Peroxisome,Peroxisome
gene6119,MLYCD,Peroxisome,Peroxisome
gene6120,ACOT8,Peroxisome,Peroxisome
gene6121,ACAA1,Peroxisome,Peroxisome
gene6122,SLC27A2,Peroxisome,Peroxisome
gene6123,SLC25A17,Peroxisome,Peroxisome
gene6124,MPV17,Peroxisome,Peroxisome
gene6125,PIPOX,Peroxisome,Peroxisome
gene6126,FAR1,Peroxisome,Peroxisome
gene6127,DAO,Peroxisome,Peroxisome
gene6128,ABCD1,Peroxisome,Peroxisome
gene6129,DECR2,Peroxisome,Peroxisome
gene6130,SCP2,Peroxisome,Peroxisome
gene6131,HACL1,Peroxisome,Peroxisome
gene6132,GSTK1,Peroxisome,Peroxisome
gene6133,PEX1,Peroxisome,Peroxisome
gene6134,NUDT12,Peroxisome,Peroxisome
gene6135,ABCD4,Peroxisome,Peroxisome
gene6136,ABCD3,Peroxisome,Peroxisome
gene6137,PEX11B,Peroxisome,Peroxisome
gene6138,PEX19,Peroxisome,Peroxisome
gene6139,ECH1,Peroxisome,Peroxisome
gene6140,IDH2,Peroxisome,Peroxisome
gene6141,IDH1,Peroxisome,Peroxisome
gene6142,DHRS4,Peroxisome,Peroxisome
gene6143,GNPAT,Peroxisome,Peroxisome
gene6144,PEX2,Peroxisome,Peroxisome
gene6145,PXMP2,Peroxisome,Peroxisome
gene6146,PEX26,Peroxisome,Peroxisome
gene6147,PEX3,Peroxisome,Peroxisome
gene6148,PEX6,Peroxisome,Peroxisome
gene6149,PXMP4,Peroxisome,Peroxisome
gene6150,PEX10,Peroxisome,Peroxisome
gene6151,ABCD2,Peroxisome,Peroxisome
gene6152,PEX7,Peroxisome,Peroxisome
gene6153,ACSL5,Peroxisome,Peroxisome
gene6154,PEX13,Peroxisome,Peroxisome
gene6155,PEX12,Peroxisome,Peroxisome
gene6156,EHHADH,Peroxisome,Peroxisome
gene6157,PEX14,Peroxisome,Peroxisome
gene6158,AGXT,Peroxisome,Peroxisome
gene6159,PRDX1,Peroxisome,Peroxisome
gene6160,PECR,Peroxisome,Peroxisome
gene6161,ACSL1,Peroxisome,Peroxisome
gene6162,PEX11A,Peroxisome,Peroxisome
gene6163,ACOX1,Peroxisome,Peroxisome
gene6164,ECI2,Peroxisome,Peroxisome
gene6165,CROT,Peroxisome,Peroxisome
gene6166,ACSL3,Peroxisome,Peroxisome
gene6167,ACSL4,Peroxisome,Peroxisome
gene6168,TSC2,Mtor Signaling Pathway,Mtor Signaling Pathway
gene6169,IGF1,Mtor Signaling Pathway,Mtor Signaling Pathway
gene6170,RPS6KA6,Mtor Signaling Pathway,Mtor Signaling Pathway
gene6171,MTOR,Mtor Signaling Pathway,Mtor Signaling Pathway
gene6172,EIF4B,Mtor Signaling Pathway,Mtor Signaling Pathway
gene6173,EIF4E,Mtor Signaling Pathway,Mtor Signaling Pathway
gene6174,EIF4EBP1,Mtor Signaling Pathway,Mtor Signaling Pathway
gene6175,RICTOR,Mtor Signaling Pathway,Mtor Signaling Pathway
gene6176,INS,Mtor Signaling Pathway,Mtor Signaling Pathway
gene6177,PGF,Mtor Signaling Pathway,Mtor Signaling Pathway
gene6178,ULK1,Mtor Signaling Pathway,Mtor Signaling Pathway
gene6179,RHEB,Mtor Signaling Pathway,Mtor Signaling Pathway
gene6180,BRAF,Mtor Signaling Pathway,Mtor Signaling Pathway
gene6181,HIF1A,Mtor Signaling Pathway,Mtor Signaling Pathway
gene6182,PDPK1,Mtor Signaling Pathway,Mtor Signaling Pathway
gene6183,RPTOR,Mtor Signaling Pathway,Mtor Signaling Pathway
gene6184,AKT1,Mtor Signaling Pathway,Mtor Signaling Pathway
gene6185,AKT2,Mtor Signaling Pathway,Mtor Signaling Pathway
gene6186,RPS6KA2,Mtor Signaling Pathway,Mtor Signaling Pathway
gene6187,RPS6KA3,Mtor Signaling Pathway,Mtor Signaling Pathway
gene6188,RPS6KB1,Mtor Signaling Pathway,Mtor Signaling Pathway
gene6189,MLST8,Mtor Signaling Pathway,Mtor Signaling Pathway
gene6190,AKT3,Mtor Signaling Pathway,Mtor Signaling Pathway
gene6191,RPS6KB2,Mtor Signaling Pathway,Mtor Signaling Pathway
gene6192,TSC1,Mtor Signaling Pathway,Mtor Signaling Pathway
gene6193,ULK2,Mtor Signaling Pathway,Mtor Signaling Pathway
gene6194,CAB39,Mtor Signaling Pathway,Mtor Signaling Pathway
gene6195,MAPK3,Mtor Signaling Pathway,Mtor Signaling Pathway
gene6196,CAB39L,Mtor Signaling Pathway,Mtor Signaling Pathway
gene6197,RPS6,Mtor Signaling Pathway,Mtor Signaling Pathway
gene6198,MAPK1,Mtor Signaling Pathway,Mtor Signaling Pathway
gene6199,RPS6KA1,Mtor Signaling Pathway,Mtor Signaling Pathway
gene6200,PIK3R5,Mtor Signaling Pathway,Mtor Signaling Pathway
gene6201,ULK3,Mtor Signaling Pathway,Mtor Signaling Pathway
gene6202,EIF4E1B,Mtor Signaling Pathway,Mtor Signaling Pathway
gene6203,STK11,Mtor Signaling Pathway,Mtor Signaling Pathway
gene6204,EIF4E2,Mtor Signaling Pathway,Mtor Signaling Pathway
gene6205,VEGFA,Mtor Signaling Pathway,Mtor Signaling Pathway
gene6206,PRKAA2,Mtor Signaling Pathway,Mtor Signaling Pathway
gene6207,VEGFC,Mtor Signaling Pathway,Mtor Signaling Pathway
gene6208,PRKAA1,Mtor Signaling Pathway,Mtor Signaling Pathway
gene6209,VEGFB,Mtor Signaling Pathway,Mtor Signaling Pathway
gene6210,STRADA,Mtor Signaling Pathway,Mtor Signaling Pathway
gene6211,PIK3R3,Mtor Signaling Pathway,Mtor Signaling Pathway
gene6212,VEGFD,Mtor Signaling Pathway,Mtor Signaling Pathway
gene6213,DDIT4,Mtor Signaling Pathway,Mtor Signaling Pathway
gene6214,PIK3CA,Mtor Signaling Pathway,Mtor Signaling Pathway
gene6215,PIK3CB,Mtor Signaling Pathway,Mtor Signaling Pathway
gene6216,PIK3CD,Mtor Signaling Pathway,Mtor Signaling Pathway
gene6217,PIK3CG,Mtor Signaling Pathway,Mtor Signaling Pathway
gene6218,PIK3R1,Mtor Signaling Pathway,Mtor Signaling Pathway
gene6219,PIK3R2,Mtor Signaling Pathway,Mtor Signaling Pathway
gene6220,CASP10,Apoptosis,Apoptosis
gene6221,CASP9,Apoptosis,Apoptosis
gene6222,CASP8,Apoptosis,Apoptosis
gene6223,CASP7,Apoptosis,Apoptosis
gene6224,CHUK,Apoptosis,Apoptosis
gene6225,PRKAR2B,Apoptosis,Apoptosis
gene6226,TNF,Apoptosis,Apoptosis
gene6227,TNFSF10,Apoptosis,Apoptosis
gene6228,BIRC3,Apoptosis,Apoptosis
gene6229,XIAP,Apoptosis,Apoptosis
gene6230,PPP3R2,Apoptosis,Apoptosis
gene6231,PPP3CC,Apoptosis,Apoptosis
gene6232,PPP3R1,Apoptosis,Apoptosis
gene6233,MYD88,Apoptosis,Apoptosis
gene6234,FADD,Apoptosis,Apoptosis
gene6235,CFLAR,Apoptosis,Apoptosis
gene6236,RIPK1,Apoptosis,Apoptosis
gene6237,BAD,Apoptosis,Apoptosis
gene6238,IRAK4,Apoptosis,Apoptosis
gene6239,BID,Apoptosis,Apoptosis
gene6240,BAX,Apoptosis,Apoptosis
gene6241,IKBKB,Apoptosis,Apoptosis
gene6242,CASP6,Apoptosis,Apoptosis
gene6243,IL1A,Apoptosis,Apoptosis
gene6244,AKT1,Apoptosis,Apoptosis
gene6245,CASP3,Apoptosis,Apoptosis
gene6246,AKT2,Apoptosis,Apoptosis
gene6247,TNFRSF1A,Apoptosis,Apoptosis
gene6248,AKT3,Apoptosis,Apoptosis
gene6249,CHP2,Apoptosis,Apoptosis
gene6250,ATM,Apoptosis,Apoptosis
gene6251,ENDOG,Apoptosis,Apoptosis
gene6252,NFKB1,Apoptosis,Apoptosis
gene6253,NFKBIA,Apoptosis,Apoptosis
gene6254,CAPN2,Apoptosis,Apoptosis
gene6255,PIK3R5,Apoptosis,Apoptosis
gene6256,IKBKG,Apoptosis,Apoptosis
gene6257,CAPN1,Apoptosis,Apoptosis
gene6258,IL3RA,Apoptosis,Apoptosis
gene6259,IL3,Apoptosis,Apoptosis
gene6260,RELA,Apoptosis,Apoptosis
gene6261,ENDOD1,Apoptosis,Apoptosis
gene6262,APAF1,Apoptosis,Apoptosis
gene6263,PRKX,Apoptosis,Apoptosis
gene6264,CSF2RB,Apoptosis,Apoptosis
gene6265,TNFRSF10A,Apoptosis,Apoptosis
gene6266,TRAF2,Apoptosis,Apoptosis
gene6267,TNFRSF10D,Apoptosis,Apoptosis
gene6268,NGF,Apoptosis,Apoptosis
gene6269,TNFRSF10B,Apoptosis,Apoptosis
gene6270,TNFRSF10C,Apoptosis,Apoptosis
gene6271,MAP3K14,Apoptosis,Apoptosis
gene6272,IL1RAP,Apoptosis,Apoptosis
gene6273,IL1B,Apoptosis,Apoptosis
gene6274,IRAK2,Apoptosis,Apoptosis
gene6275,IL1R1,Apoptosis,Apoptosis
gene6276,IRAK1,Apoptosis,Apoptosis
gene6277,TRADD,Apoptosis,Apoptosis
gene6278,PIK3R3,Apoptosis,Apoptosis
gene6279,BCL2,Apoptosis,Apoptosis
gene6280,BCL2L1,Apoptosis,Apoptosis
gene6281,BIRC2,Apoptosis,Apoptosis
gene6282,IRAK3,Apoptosis,Apoptosis
gene6283,PRKACA,Apoptosis,Apoptosis
gene6284,PRKACB,Apoptosis,Apoptosis
gene6285,PRKACG,Apoptosis,Apoptosis
gene6286,PPP3CB,Apoptosis,Apoptosis
gene6287,TP53,Apoptosis,Apoptosis
gene6288,PPP3CA,Apoptosis,Apoptosis
gene6289,PIK3CA,Apoptosis,Apoptosis
gene6290,PIK3CB,Apoptosis,Apoptosis
gene6291,FAS,Apoptosis,Apoptosis
gene6292,DFFA,Apoptosis,Apoptosis
gene6293,CYCS,Apoptosis,Apoptosis
gene6294,DFFB,Apoptosis,Apoptosis
gene6295,PIK3CD,Apoptosis,Apoptosis
gene6296,PRKAR1A,Apoptosis,Apoptosis
gene6297,FASLG,Apoptosis,Apoptosis
gene6298,PRKAR2A,Apoptosis,Apoptosis
gene6299,PRKAR1B,Apoptosis,Apoptosis
gene6300,EXOG,Apoptosis,Apoptosis
gene6301,PIK3CG,Apoptosis,Apoptosis
gene6302,AIFM1,Apoptosis,Apoptosis
gene6303,NTRK1,Apoptosis,Apoptosis
gene6304,PIK3R1,Apoptosis,Apoptosis
gene6305,PIK3R2,Apoptosis,Apoptosis
gene6306,CHP1,Apoptosis,Apoptosis
gene6307,CALM2,Vascular Smooth Muscle Contraction,Vascular Smooth Muscle Contraction
gene6308,CALD1,Vascular Smooth Muscle Contraction,Vascular Smooth Muscle Contraction
gene6309,CALM1,Vascular Smooth Muscle Contraction,Vascular Smooth Muscle Contraction
gene6310,CYP4A11,Vascular Smooth Muscle Contraction,Vascular Smooth Muscle Contraction
gene6311,CALCRL,Vascular Smooth Muscle Contraction,Vascular Smooth Muscle Contraction
gene6312,PTGIR,Vascular Smooth Muscle Contraction,Vascular Smooth Muscle Contraction
gene6313,PPP1R14A,Vascular Smooth Muscle Contraction,Vascular Smooth Muscle Contraction
gene6314,JMJD7-PLA2G4B,Vascular Smooth Muscle Contraction,Vascular Smooth Muscle Contraction
gene6315,ROCK1,Vascular Smooth Muscle Contraction,Vascular Smooth Muscle Contraction
gene6316,PLA2G6,Vascular Smooth Muscle Contraction,Vascular Smooth Muscle Contraction
gene6317,PLA2G2E,Vascular Smooth Muscle Contraction,Vascular Smooth Muscle Contraction
gene6318,IRAG1,Vascular Smooth Muscle Contraction,Vascular Smooth Muscle Contraction
gene6319,PLA2G10,Vascular Smooth Muscle Contraction,Vascular Smooth Muscle Contraction
gene6320,BRAF,Vascular Smooth Muscle Contraction,Vascular Smooth Muscle Contraction
gene6321,ITPR3,Vascular Smooth Muscle Contraction,Vascular Smooth Muscle Contraction
gene6322,PLA2G4B,Vascular Smooth Muscle Contraction,Vascular Smooth Muscle Contraction
gene6323,MYL6B,Vascular Smooth Muscle Contraction,Vascular Smooth Muscle Contraction
gene6324,PLA2G2F,Vascular Smooth Muscle Contraction,Vascular Smooth Muscle Contraction
gene6325,EDNRA,Vascular Smooth Muscle Contraction,Vascular Smooth Muscle Contraction
gene6326,GNA12,Vascular Smooth Muscle Contraction,Vascular Smooth Muscle Contraction
gene6327,GNA11,Vascular Smooth Muscle Contraction,Vascular Smooth Muscle Contraction
gene6328,GNA13,Vascular Smooth Muscle Contraction,Vascular Smooth Muscle Contraction
gene6329,PRKX,Vascular Smooth Muscle Contraction,Vascular Smooth Muscle Contraction
gene6330,GUCY1A2,Vascular Smooth Muscle Contraction,Vascular Smooth Muscle Contraction
gene6331,MYLK,Vascular Smooth Muscle Contraction,Vascular Smooth Muscle Contraction
gene6332,ADCY3,Vascular Smooth Muscle Contraction,Vascular Smooth Muscle Contraction
gene6333,MYL6,Vascular Smooth Muscle Contraction,Vascular Smooth Muscle Contraction
gene6334,CALML5,Vascular Smooth Muscle Contraction,Vascular Smooth Muscle Contraction
gene6335,ADCY2,Vascular Smooth Muscle Contraction,Vascular Smooth Muscle Contraction
gene6336,ADCY1,Vascular Smooth Muscle Contraction,Vascular Smooth Muscle Contraction
gene6337,PLA2G4E,Vascular Smooth Muscle Contraction,Vascular Smooth Muscle Contraction
gene6338,KCNMB3,Vascular Smooth Muscle Contraction,Vascular Smooth Muscle Contraction
gene6339,PRKACA,Vascular Smooth Muscle Contraction,Vascular Smooth Muscle Contraction
gene6340,GNAQ,Vascular Smooth Muscle Contraction,Vascular Smooth Muscle Contraction
gene6341,PRKACB,Vascular Smooth Muscle Contraction,Vascular Smooth Muscle Contraction
gene6342,PRKACG,Vascular Smooth Muscle Contraction,Vascular Smooth Muscle Contraction
gene6343,GNAS,Vascular Smooth Muscle Contraction,Vascular Smooth Muscle Contraction
gene6344,CALML3,Vascular Smooth Muscle Contraction,Vascular Smooth Muscle Contraction
gene6345,PLA2G2D,Vascular Smooth Muscle Contraction,Vascular Smooth Muscle Contraction
gene6346,PLA2G12A,Vascular Smooth Muscle Contraction,Vascular Smooth Muscle Contraction
gene6347,AGTR1,Vascular Smooth Muscle Contraction,Vascular Smooth Muscle Contraction
gene6348,MYH11,Vascular Smooth Muscle Contraction,Vascular Smooth Muscle Contraction
gene6349,CALM3,Vascular Smooth Muscle Contraction,Vascular Smooth Muscle Contraction
gene6350,PLCB2,Vascular Smooth Muscle Contraction,Vascular Smooth Muscle Contraction
gene6351,KCNMB2,Vascular Smooth Muscle Contraction,Vascular Smooth Muscle Contraction
gene6352,ADCY8,Vascular Smooth Muscle Contraction,Vascular Smooth Muscle Contraction
gene6353,PLCB1,Vascular Smooth Muscle Contraction,Vascular Smooth Muscle Contraction
gene6354,ADCY9,Vascular Smooth Muscle Contraction,Vascular Smooth Muscle Contraction
gene6355,PPP1R12B,Vascular Smooth Muscle Contraction,Vascular Smooth Muscle Contraction
gene6356,ADCY6,Vascular Smooth Muscle Contraction,Vascular Smooth Muscle Contraction
gene6357,ADCY7,Vascular Smooth Muscle Contraction,Vascular Smooth Muscle Contraction
gene6358,PRKCB,Vascular Smooth Muscle Contraction,Vascular Smooth Muscle Contraction
gene6359,RAF1,Vascular Smooth Muscle Contraction,Vascular Smooth Muscle Contraction
gene6360,PLCB3,Vascular Smooth Muscle Contraction,Vascular Smooth Muscle Contraction
gene6361,PRKCA,Vascular Smooth Muscle Contraction,Vascular Smooth Muscle Contraction
gene6362,ADCY5,Vascular Smooth Muscle Contraction,Vascular Smooth Muscle Contraction
gene6363,PLCB4,Vascular Smooth Muscle Contraction,Vascular Smooth Muscle Contraction
gene6364,MYL9,Vascular Smooth Muscle Contraction,Vascular Smooth Muscle Contraction
gene6365,ARHGEF11,Vascular Smooth Muscle Contraction,Vascular Smooth Muscle Contraction
gene6366,KCNMB1,Vascular Smooth Muscle Contraction,Vascular Smooth Muscle Contraction
gene6367,KCNMA1,Vascular Smooth Muscle Contraction,Vascular Smooth Muscle Contraction
gene6368,RHOA,Vascular Smooth Muscle Contraction,Vascular Smooth Muscle Contraction
gene6369,PLA2G3,Vascular Smooth Muscle Contraction,Vascular Smooth Muscle Contraction
gene6370,PPP1R12A,Vascular Smooth Muscle Contraction,Vascular Smooth Muscle Contraction
gene6371,PRKCG,Vascular Smooth Muscle Contraction,Vascular Smooth Muscle Contraction
gene6372,PRKCH,Vascular Smooth Muscle Contraction,Vascular Smooth Muscle Contraction
gene6373,PRKCD,Vascular Smooth Muscle Contraction,Vascular Smooth Muscle Contraction
gene6374,PRKCE,Vascular Smooth Muscle Contraction,Vascular Smooth Muscle Contraction
gene6375,PLA2G2A,Vascular Smooth Muscle Contraction,Vascular Smooth Muscle Contraction
gene6376,MAP2K2,Vascular Smooth Muscle Contraction,Vascular Smooth Muscle Contraction
gene6377,CACNA1D,Vascular Smooth Muscle Contraction,Vascular Smooth Muscle Contraction
gene6378,PLA2G4A,Vascular Smooth Muscle Contraction,Vascular Smooth Muscle Contraction
gene6379,PRKCQ,Vascular Smooth Muscle Contraction,Vascular Smooth Muscle Contraction
gene6380,PLA2G5,Vascular Smooth Muscle Contraction,Vascular Smooth Muscle Contraction
gene6381,PLA2G12B,Vascular Smooth Muscle Contraction,Vascular Smooth Muscle Contraction
gene6382,MAP2K1,Vascular Smooth Muscle Contraction,Vascular Smooth Muscle Contraction
gene6383,CACNA1C,Vascular Smooth Muscle Contraction,Vascular Smooth Muscle Contraction
gene6384,ARHGEF12,Vascular Smooth Muscle Contraction,Vascular Smooth Muscle Contraction
gene6385,MYLK2,Vascular Smooth Muscle Contraction,Vascular Smooth Muscle Contraction
gene6386,CACNA1F,Vascular Smooth Muscle Contraction,Vascular Smooth Muscle Contraction
gene6387,CACNA1S,Vascular Smooth Muscle Contraction,Vascular Smooth Muscle Contraction
gene6388,ADCY4,Vascular Smooth Muscle Contraction,Vascular Smooth Muscle Contraction
gene6389,PPP1CC,Vascular Smooth Muscle Contraction,Vascular Smooth Muscle Contraction
gene6390,PPP1CA,Vascular Smooth Muscle Contraction,Vascular Smooth Muscle Contraction
gene6391,PPP1CB,Vascular Smooth Muscle Contraction,Vascular Smooth Muscle Contraction
gene6392,GUCY1B1,Vascular Smooth Muscle Contraction,Vascular Smooth Muscle Contraction
gene6393,MAPK3,Vascular Smooth Muscle Contraction,Vascular Smooth Muscle Contraction
gene6394,GUCY1A1,Vascular Smooth Muscle Contraction,Vascular Smooth Muscle Contraction
gene6395,ACTG2,Vascular Smooth Muscle Contraction,Vascular Smooth Muscle Contraction
gene6396,PRKG1,Vascular Smooth Muscle Contraction,Vascular Smooth Muscle Contraction
gene6397,PLA2G1B,Vascular Smooth Muscle Contraction,Vascular Smooth Muscle Contraction
gene6398,MAPK1,Vascular Smooth Muscle Contraction,Vascular Smooth Muscle Contraction
gene6399,ADORA2A,Vascular Smooth Muscle Contraction,Vascular Smooth Muscle Contraction
gene6400,RAMP3,Vascular Smooth Muscle Contraction,Vascular Smooth Muscle Contraction
gene6401,RAMP1,Vascular Smooth Muscle Contraction,Vascular Smooth Muscle Contraction
gene6402,ACTA2,Vascular Smooth Muscle Contraction,Vascular Smooth Muscle Contraction
gene6403,RAMP2,Vascular Smooth Muscle Contraction,Vascular Smooth Muscle Contraction
gene6404,ITPR1,Vascular Smooth Muscle Contraction,Vascular Smooth Muscle Contraction
gene6405,ADORA2B,Vascular Smooth Muscle Contraction,Vascular Smooth Muscle Contraction
gene6406,ITPR2,Vascular Smooth Muscle Contraction,Vascular Smooth Muscle Contraction
gene6407,ARAF,Vascular Smooth Muscle Contraction,Vascular Smooth Muscle Contraction
gene6408,CYP4A22,Vascular Smooth Muscle Contraction,Vascular Smooth Muscle Contraction
gene6409,NPR2,Vascular Smooth Muscle Contraction,Vascular Smooth Muscle Contraction
gene6410,AVPR1A,Vascular Smooth Muscle Contraction,Vascular Smooth Muscle Contraction
gene6411,AVPR1B,Vascular Smooth Muscle Contraction,Vascular Smooth Muscle Contraction
gene6412,ROCK2,Vascular Smooth Muscle Contraction,Vascular Smooth Muscle Contraction
gene6413,NPR1,Vascular Smooth Muscle Contraction,Vascular Smooth Muscle Contraction
gene6414,ADRA1D,Vascular Smooth Muscle Contraction,Vascular Smooth Muscle Contraction
gene6415,ADRA1B,Vascular Smooth Muscle Contraction,Vascular Smooth Muscle Contraction
gene6416,ADRA1A,Vascular Smooth Muscle Contraction,Vascular Smooth Muscle Contraction
gene6417,KCNMB4,Vascular Smooth Muscle Contraction,Vascular Smooth Muscle Contraction
gene6418,PLA2G2C,Vascular Smooth Muscle Contraction,Vascular Smooth Muscle Contraction
gene6419,ARHGEF1,Vascular Smooth Muscle Contraction,Vascular Smooth Muscle Contraction
gene6420,MYLK3,Vascular Smooth Muscle Contraction,Vascular Smooth Muscle Contraction
gene6421,CALML6,Vascular Smooth Muscle Contraction,Vascular Smooth Muscle Contraction
gene6422,JUN,Wnt Signaling Pathway,Wnt Signaling Pathway
gene6423,LRP5,Wnt Signaling Pathway,Wnt Signaling Pathway
gene6424,LRP6,Wnt Signaling Pathway,Wnt Signaling Pathway
gene6425,PPP3R2,Wnt Signaling Pathway,Wnt Signaling Pathway
gene6426,SFRP2,Wnt Signaling Pathway,Wnt Signaling Pathway
gene6427,SFRP1,Wnt Signaling Pathway,Wnt Signaling Pathway
gene6428,PPP3CC,Wnt Signaling Pathway,Wnt Signaling Pathway
gene6429,VANGL1,Wnt Signaling Pathway,Wnt Signaling Pathway
gene6430,PPP3R1,Wnt Signaling Pathway,Wnt Signaling Pathway
gene6431,FZD1,Wnt Signaling Pathway,Wnt Signaling Pathway
gene6432,FZD4,Wnt Signaling Pathway,Wnt Signaling Pathway
gene6433,APC2,Wnt Signaling Pathway,Wnt Signaling Pathway
gene6434,FZD6,Wnt Signaling Pathway,Wnt Signaling Pathway
gene6435,FZD7,Wnt Signaling Pathway,Wnt Signaling Pathway
gene6436,SENP2,Wnt Signaling Pathway,Wnt Signaling Pathway
gene6437,FZD8,Wnt Signaling Pathway,Wnt Signaling Pathway
gene6438,LEF1,Wnt Signaling Pathway,Wnt Signaling Pathway
gene6439,CREBBP,Wnt Signaling Pathway,Wnt Signaling Pathway
gene6440,FZD9,Wnt Signaling Pathway,Wnt Signaling Pathway
gene6441,PRICKLE1,Wnt Signaling Pathway,Wnt Signaling Pathway
gene6442,CTBP2,Wnt Signaling Pathway,Wnt Signaling Pathway
gene6443,ROCK1,Wnt Signaling Pathway,Wnt Signaling Pathway
gene6444,CTBP1,Wnt Signaling Pathway,Wnt Signaling Pathway
gene6445,WNT9B,Wnt Signaling Pathway,Wnt Signaling Pathway
gene6446,WNT9A,Wnt Signaling Pathway,Wnt Signaling Pathway
gene6447,CTNNBIP1,Wnt Signaling Pathway,Wnt Signaling Pathway
gene6448,DAAM2,Wnt Signaling Pathway,Wnt Signaling Pathway
gene6449,TBL1XR1,Wnt Signaling Pathway,Wnt Signaling Pathway
gene6450,MMP7,Wnt Signaling Pathway,Wnt Signaling Pathway
gene6451,CER1,Wnt Signaling Pathway,Wnt Signaling Pathway
gene6452,MAP3K7,Wnt Signaling Pathway,Wnt Signaling Pathway
gene6453,VANGL2,Wnt Signaling Pathway,Wnt Signaling Pathway
gene6454,WNT2B,Wnt Signaling Pathway,Wnt Signaling Pathway
gene6455,WNT11,Wnt Signaling Pathway,Wnt Signaling Pathway
gene6456,WNT10B,Wnt Signaling Pathway,Wnt Signaling Pathway
gene6457,DKK2,Wnt Signaling Pathway,Wnt Signaling Pathway
gene6458,SKP1P2,Wnt Signaling Pathway,Wnt Signaling Pathway
gene6459,CHP2,Wnt Signaling Pathway,Wnt Signaling Pathway
gene6460,AXIN1,Wnt Signaling Pathway,Wnt Signaling Pathway
gene6461,AXIN2,Wnt Signaling Pathway,Wnt Signaling Pathway
gene6462,DKK4,Wnt Signaling Pathway,Wnt Signaling Pathway
gene6463,NFAT5,Wnt Signaling Pathway,Wnt Signaling Pathway
gene6464,MYC,Wnt Signaling Pathway,Wnt Signaling Pathway
gene6465,SOX17,Wnt Signaling Pathway,Wnt Signaling Pathway
gene6466,CSNK2A1,Wnt Signaling Pathway,Wnt Signaling Pathway
gene6467,CSNK2A2,Wnt Signaling Pathway,Wnt Signaling Pathway
gene6468,NFATC4,Wnt Signaling Pathway,Wnt Signaling Pathway
gene6469,CSNK1A1,Wnt Signaling Pathway,Wnt Signaling Pathway
gene6470,NFATC3,Wnt Signaling Pathway,Wnt Signaling Pathway
gene6471,CSNK1E,Wnt Signaling Pathway,Wnt Signaling Pathway
gene6472,BTRC,Wnt Signaling Pathway,Wnt Signaling Pathway
gene6473,PRKX,Wnt Signaling Pathway,Wnt Signaling Pathway
gene6474,SKP1,Wnt Signaling Pathway,Wnt Signaling Pathway
gene6475,FBXW11,Wnt Signaling Pathway,Wnt Signaling Pathway
gene6476,RBX1,Wnt Signaling Pathway,Wnt Signaling Pathway
gene6477,CSNK2B,Wnt Signaling Pathway,Wnt Signaling Pathway
gene6478,SIAH1,Wnt Signaling Pathway,Wnt Signaling Pathway
gene6479,TBL1Y,Wnt Signaling Pathway,Wnt Signaling Pathway
gene6480,WNT5B,Wnt Signaling Pathway,Wnt Signaling Pathway
gene6481,CCND1,Wnt Signaling Pathway,Wnt Signaling Pathway
gene6482,CAMK2A,Wnt Signaling Pathway,Wnt Signaling Pathway
gene6483,NLK,Wnt Signaling Pathway,Wnt Signaling Pathway
gene6484,CAMK2B,Wnt Signaling Pathway,Wnt Signaling Pathway
gene6485,CAMK2D,Wnt Signaling Pathway,Wnt Signaling Pathway
gene6486,CAMK2G,Wnt Signaling Pathway,Wnt Signaling Pathway
gene6487,PRKACA,Wnt Signaling Pathway,Wnt Signaling Pathway
gene6488,APC,Wnt Signaling Pathway,Wnt Signaling Pathway
gene6489,PRKACB,Wnt Signaling Pathway,Wnt Signaling Pathway
gene6490,PRKACG,Wnt Signaling Pathway,Wnt Signaling Pathway
gene6491,WNT16,Wnt Signaling Pathway,Wnt Signaling Pathway
gene6492,DAAM1,Wnt Signaling Pathway,Wnt Signaling Pathway
gene6493,CHD8,Wnt Signaling Pathway,Wnt Signaling Pathway
gene6494,FRAT1,Wnt Signaling Pathway,Wnt Signaling Pathway
gene6495,CACYBP,Wnt Signaling Pathway,Wnt Signaling Pathway
gene6496,CCND2,Wnt Signaling Pathway,Wnt Signaling Pathway
gene6497,NFATC2,Wnt Signaling Pathway,Wnt Signaling Pathway
gene6498,NFATC1,Wnt Signaling Pathway,Wnt Signaling Pathway
gene6499,CCND3,Wnt Signaling Pathway,Wnt Signaling Pathway
gene6500,PLCB2,Wnt Signaling Pathway,Wnt Signaling Pathway
gene6501,PLCB1,Wnt Signaling Pathway,Wnt Signaling Pathway
gene6502,CSNK1A1L,Wnt Signaling Pathway,Wnt Signaling Pathway
gene6503,PRKCB,Wnt Signaling Pathway,Wnt Signaling Pathway
gene6504,PLCB3,Wnt Signaling Pathway,Wnt Signaling Pathway
gene6505,PRKCA,Wnt Signaling Pathway,Wnt Signaling Pathway
gene6506,PLCB4,Wnt Signaling Pathway,Wnt Signaling Pathway
gene6507,WIF1,Wnt Signaling Pathway,Wnt Signaling Pathway
gene6508,PRICKLE2,Wnt Signaling Pathway,Wnt Signaling Pathway
gene6509,PORCN,Wnt Signaling Pathway,Wnt Signaling Pathway
gene6510,RHOA,Wnt Signaling Pathway,Wnt Signaling Pathway
gene6511,FRAT2,Wnt Signaling Pathway,Wnt Signaling Pathway
gene6512,PRKCG,Wnt Signaling Pathway,Wnt Signaling Pathway
gene6513,MAPK9,Wnt Signaling Pathway,Wnt Signaling Pathway
gene6514,MAPK10,Wnt Signaling Pathway,Wnt Signaling Pathway
gene6515,WNT3A,Wnt Signaling Pathway,Wnt Signaling Pathway
gene6516,DVL3,Wnt Signaling Pathway,Wnt Signaling Pathway
gene6517,RAC2,Wnt Signaling Pathway,Wnt Signaling Pathway
gene6518,DVL2,Wnt Signaling Pathway,Wnt Signaling Pathway
gene6519,RAC3,Wnt Signaling Pathway,Wnt Signaling Pathway
gene6520,FZD3,Wnt Signaling Pathway,Wnt Signaling Pathway
gene6521,DKK1,Wnt Signaling Pathway,Wnt Signaling Pathway
gene6522,CXXC4,Wnt Signaling Pathway,Wnt Signaling Pathway
gene6523,DVL1,Wnt Signaling Pathway,Wnt Signaling Pathway
gene6524,FOSL1,Wnt Signaling Pathway,Wnt Signaling Pathway
gene6525,CUL1,Wnt Signaling Pathway,Wnt Signaling Pathway
gene6526,WNT10A,Wnt Signaling Pathway,Wnt Signaling Pathway
gene6527,WNT4,Wnt Signaling Pathway,Wnt Signaling Pathway
gene6528,SMAD3,Wnt Signaling Pathway,Wnt Signaling Pathway
gene6529,TCF7,Wnt Signaling Pathway,Wnt Signaling Pathway
gene6530,SMAD4,Wnt Signaling Pathway,Wnt Signaling Pathway
gene6531,RAC1,Wnt Signaling Pathway,Wnt Signaling Pathway
gene6532,TCF7L2,Wnt Signaling Pathway,Wnt Signaling Pathway
gene6533,SMAD2,Wnt Signaling Pathway,Wnt Signaling Pathway
gene6534,WNT1,Wnt Signaling Pathway,Wnt Signaling Pathway
gene6535,MAPK8,Wnt Signaling Pathway,Wnt Signaling Pathway
gene6536,EP300,Wnt Signaling Pathway,Wnt Signaling Pathway
gene6537,WNT7A,Wnt Signaling Pathway,Wnt Signaling Pathway
gene6538,GSK3B,Wnt Signaling Pathway,Wnt Signaling Pathway
gene6539,WNT7B,Wnt Signaling Pathway,Wnt Signaling Pathway
gene6540,PSEN1,Wnt Signaling Pathway,Wnt Signaling Pathway
gene6541,WNT8A,Wnt Signaling Pathway,Wnt Signaling Pathway
gene6542,WNT8B,Wnt Signaling Pathway,Wnt Signaling Pathway
gene6543,WNT2,Wnt Signaling Pathway,Wnt Signaling Pathway
gene6544,WNT3,Wnt Signaling Pathway,Wnt Signaling Pathway
gene6545,WNT5A,Wnt Signaling Pathway,Wnt Signaling Pathway
gene6546,WNT6,Wnt Signaling Pathway,Wnt Signaling Pathway
gene6547,CTNNB1,Wnt Signaling Pathway,Wnt Signaling Pathway
gene6548,PPP2CB,Wnt Signaling Pathway,Wnt Signaling Pathway
gene6549,PPP2CA,Wnt Signaling Pathway,Wnt Signaling Pathway
gene6550,PPP2R1A,Wnt Signaling Pathway,Wnt Signaling Pathway
gene6551,TBL1X,Wnt Signaling Pathway,Wnt Signaling Pathway
gene6552,PPP2R1B,Wnt Signaling Pathway,Wnt Signaling Pathway
gene6553,ROCK2,Wnt Signaling Pathway,Wnt Signaling Pathway
gene6554,NKD1,Wnt Signaling Pathway,Wnt Signaling Pathway
gene6555,FZD10,Wnt Signaling Pathway,Wnt Signaling Pathway
gene6556,FZD5,Wnt Signaling Pathway,Wnt Signaling Pathway
gene6557,NKD2,Wnt Signaling Pathway,Wnt Signaling Pathway
gene6558,TCF7L1,Wnt Signaling Pathway,Wnt Signaling Pathway
gene6559,RUVBL1,Wnt Signaling Pathway,Wnt Signaling Pathway
gene6560,PPARD,Wnt Signaling Pathway,Wnt Signaling Pathway
gene6561,PPP3CB,Wnt Signaling Pathway,Wnt Signaling Pathway
gene6562,TP53,Wnt Signaling Pathway,Wnt Signaling Pathway
gene6563,PPP3CA,Wnt Signaling Pathway,Wnt Signaling Pathway
gene6564,PPP2R5A,Wnt Signaling Pathway,Wnt Signaling Pathway
gene6565,PPP2R5E,Wnt Signaling Pathway,Wnt Signaling Pathway
gene6566,PPP2R5D,Wnt Signaling Pathway,Wnt Signaling Pathway
gene6567,PPP2R5C,Wnt Signaling Pathway,Wnt Signaling Pathway
gene6568,PPP2R5B,Wnt Signaling Pathway,Wnt Signaling Pathway
gene6569,FZD2,Wnt Signaling Pathway,Wnt Signaling Pathway
gene6570,SFRP5,Wnt Signaling Pathway,Wnt Signaling Pathway
gene6571,SFRP4,Wnt Signaling Pathway,Wnt Signaling Pathway
gene6572,CHP1,Wnt Signaling Pathway,Wnt Signaling Pathway
gene6573,SOS2,Dorso Ventral Axis Formation,Dorso Ventral Axis Formation
gene6574,NOTCH4,Dorso Ventral Axis Formation,Dorso Ventral Axis Formation
gene6575,NOTCH3,Dorso Ventral Axis Formation,Dorso Ventral Axis Formation
gene6576,NOTCH2,Dorso Ventral Axis Formation,Dorso Ventral Axis Formation
gene6577,EGFR,Dorso Ventral Axis Formation,Dorso Ventral Axis Formation
gene6578,NOTCH1,Dorso Ventral Axis Formation,Dorso Ventral Axis Formation
gene6579,KRAS,Dorso Ventral Axis Formation,Dorso Ventral Axis Formation
gene6580,FMN2,Dorso Ventral Axis Formation,Dorso Ventral Axis Formation
gene6581,ETV7,Dorso Ventral Axis Formation,Dorso Ventral Axis Formation
gene6582,PIWIL3,Dorso Ventral Axis Formation,Dorso Ventral Axis Formation
gene6583,ETV6,Dorso Ventral Axis Formation,Dorso Ventral Axis Formation
gene6584,PIWIL2,Dorso Ventral Axis Formation,Dorso Ventral Axis Formation
gene6585,MAP2K1,Dorso Ventral Axis Formation,Dorso Ventral Axis Formation
gene6586,PIWIL1,Dorso Ventral Axis Formation,Dorso Ventral Axis Formation
gene6587,GRB2,Dorso Ventral Axis Formation,Dorso Ventral Axis Formation
gene6588,SPIRE2,Dorso Ventral Axis Formation,Dorso Ventral Axis Formation
gene6589,CPEB1,Dorso Ventral Axis Formation,Dorso Ventral Axis Formation
gene6590,MAPK3,Dorso Ventral Axis Formation,Dorso Ventral Axis Formation
gene6591,ETS1,Dorso Ventral Axis Formation,Dorso Ventral Axis Formation
gene6592,ETS2,Dorso Ventral Axis Formation,Dorso Ventral Axis Formation
gene6593,SPIRE1,Dorso Ventral Axis Formation,Dorso Ventral Axis Formation
gene6594,SOS1,Dorso Ventral Axis Formation,Dorso Ventral Axis Formation
gene6595,PIWIL4,Dorso Ventral Axis Formation,Dorso Ventral Axis Formation
gene6596,MAPK1,Dorso Ventral Axis Formation,Dorso Ventral Axis Formation
gene6597,HES5,Notch Signaling Pathway,Notch Signaling Pathway
gene6598,DTX3,Notch Signaling Pathway,Notch Signaling Pathway
gene6599,NOTCH4,Notch Signaling Pathway,Notch Signaling Pathway
gene6600,DTX3L,Notch Signaling Pathway,Notch Signaling Pathway
gene6601,NOTCH3,Notch Signaling Pathway,Notch Signaling Pathway
gene6602,NOTCH2,Notch Signaling Pathway,Notch Signaling Pathway
gene6603,EP300,Notch Signaling Pathway,Notch Signaling Pathway
gene6604,HES1,Notch Signaling Pathway,Notch Signaling Pathway
gene6605,NOTCH1,Notch Signaling Pathway,Notch Signaling Pathway
gene6606,NUMB,Notch Signaling Pathway,Notch Signaling Pathway
gene6607,PSEN2,Notch Signaling Pathway,Notch Signaling Pathway
gene6608,PSEN1,Notch Signaling Pathway,Notch Signaling Pathway
gene6609,PTCRA,Notch Signaling Pathway,Notch Signaling Pathway
gene6610,SNW1,Notch Signaling Pathway,Notch Signaling Pathway
gene6611,APH1A,Notch Signaling Pathway,Notch Signaling Pathway
gene6612,KAT2A,Notch Signaling Pathway,Notch Signaling Pathway
gene6613,ADAM17,Notch Signaling Pathway,Notch Signaling Pathway
gene6614,RFNG,Notch Signaling Pathway,Notch Signaling Pathway
gene6615,RBPJ,Notch Signaling Pathway,Notch Signaling Pathway
gene6616,DTX1,Notch Signaling Pathway,Notch Signaling Pathway
gene6617,CREBBP,Notch Signaling Pathway,Notch Signaling Pathway
gene6618,DTX2,Notch Signaling Pathway,Notch Signaling Pathway
gene6619,MAML1,Notch Signaling Pathway,Notch Signaling Pathway
gene6620,CTBP2,Notch Signaling Pathway,Notch Signaling Pathway
gene6621,NCOR2,Notch Signaling Pathway,Notch Signaling Pathway
gene6622,CTBP1,Notch Signaling Pathway,Notch Signaling Pathway
gene6623,DVL3,Notch Signaling Pathway,Notch Signaling Pathway
gene6624,JAG2,Notch Signaling Pathway,Notch Signaling Pathway
gene6625,DVL2,Notch Signaling Pathway,Notch Signaling Pathway
gene6626,NUMBL,Notch Signaling Pathway,Notch Signaling Pathway
gene6627,MAML2,Notch Signaling Pathway,Notch Signaling Pathway
gene6628,KAT2B,Notch Signaling Pathway,Notch Signaling Pathway
gene6629,DLL4,Notch Signaling Pathway,Notch Signaling Pathway
gene6630,PSENEN,Notch Signaling Pathway,Notch Signaling Pathway
gene6631,DLL3,Notch Signaling Pathway,Notch Signaling Pathway
gene6632,DVL1,Notch Signaling Pathway,Notch Signaling Pathway
gene6633,CIR1,Notch Signaling Pathway,Notch Signaling Pathway
gene6634,DLL1,Notch Signaling Pathway,Notch Signaling Pathway
gene6635,LFNG,Notch Signaling Pathway,Notch Signaling Pathway
gene6636,JAG1,Notch Signaling Pathway,Notch Signaling Pathway
gene6637,MAML3,Notch Signaling Pathway,Notch Signaling Pathway
gene6638,HDAC1,Notch Signaling Pathway,Notch Signaling Pathway
gene6639,HDAC2,Notch Signaling Pathway,Notch Signaling Pathway
gene6640,NCSTN,Notch Signaling Pathway,Notch Signaling Pathway
gene6641,DTX4,Notch Signaling Pathway,Notch Signaling Pathway
gene6642,MFNG,Notch Signaling Pathway,Notch Signaling Pathway
gene6643,RBPJL,Notch Signaling Pathway,Notch Signaling Pathway
gene6644,CSNK1A1L,Hedgehog Signaling Pathway,Hedgehog Signaling Pathway
gene6645,HHIP,Hedgehog Signaling Pathway,Hedgehog Signaling Pathway
gene6646,PTCH2,Hedgehog Signaling Pathway,Hedgehog Signaling Pathway
gene6647,GAS1,Hedgehog Signaling Pathway,Hedgehog Signaling Pathway
gene6648,WNT3A,Hedgehog Signaling Pathway,Hedgehog Signaling Pathway
gene6649,ZIC2,Hedgehog Signaling Pathway,Hedgehog Signaling Pathway
gene6650,WNT9B,Hedgehog Signaling Pathway,Hedgehog Signaling Pathway
gene6651,WNT9A,Hedgehog Signaling Pathway,Hedgehog Signaling Pathway
gene6652,LRP2,Hedgehog Signaling Pathway,Hedgehog Signaling Pathway
gene6653,CSNK1G1,Hedgehog Signaling Pathway,Hedgehog Signaling Pathway
gene6654,WNT2B,Hedgehog Signaling Pathway,Hedgehog Signaling Pathway
gene6655,WNT11,Hedgehog Signaling Pathway,Hedgehog Signaling Pathway
gene6656,WNT10B,Hedgehog Signaling Pathway,Hedgehog Signaling Pathway
gene6657,IHH,Hedgehog Signaling Pathway,Hedgehog Signaling Pathway
gene6658,SMO,Hedgehog Signaling Pathway,Hedgehog Signaling Pathway
gene6659,WNT10A,Hedgehog Signaling Pathway,Hedgehog Signaling Pathway
gene6660,WNT4,Hedgehog Signaling Pathway,Hedgehog Signaling Pathway
gene6661,CSNK1G3,Hedgehog Signaling Pathway,Hedgehog Signaling Pathway
gene6662,SHH,Hedgehog Signaling Pathway,Hedgehog Signaling Pathway
gene6663,WNT1,Hedgehog Signaling Pathway,Hedgehog Signaling Pathway
gene6664,CSNK1D,Hedgehog Signaling Pathway,Hedgehog Signaling Pathway
gene6665,RAB23,Hedgehog Signaling Pathway,Hedgehog Signaling Pathway
gene6666,CSNK1A1,Hedgehog Signaling Pathway,Hedgehog Signaling Pathway
gene6667,CSNK1G2,Hedgehog Signaling Pathway,Hedgehog Signaling Pathway
gene6668,CSNK1E,Hedgehog Signaling Pathway,Hedgehog Signaling Pathway
gene6669,BMP8A,Hedgehog Signaling Pathway,Hedgehog Signaling Pathway
gene6670,GSK3B,Hedgehog Signaling Pathway,Hedgehog Signaling Pathway
gene6671,WNT7A,Hedgehog Signaling Pathway,Hedgehog Signaling Pathway
gene6672,BTRC,Hedgehog Signaling Pathway,Hedgehog Signaling Pathway
gene6673,WNT7B,Hedgehog Signaling Pathway,Hedgehog Signaling Pathway
gene6674,WNT8A,Hedgehog Signaling Pathway,Hedgehog Signaling Pathway
gene6675,WNT8B,Hedgehog Signaling Pathway,Hedgehog Signaling Pathway
gene6676,WNT2,Hedgehog Signaling Pathway,Hedgehog Signaling Pathway
gene6677,WNT3,Hedgehog Signaling Pathway,Hedgehog Signaling Pathway
gene6678,PRKX,Hedgehog Signaling Pathway,Hedgehog Signaling Pathway
gene6679,WNT5A,Hedgehog Signaling Pathway,Hedgehog Signaling Pathway
gene6680,WNT6,Hedgehog Signaling Pathway,Hedgehog Signaling Pathway
gene6681,FBXW11,Hedgehog Signaling Pathway,Hedgehog Signaling Pathway
gene6682,STK36,Hedgehog Signaling Pathway,Hedgehog Signaling Pathway
gene6683,WNT5B,Hedgehog Signaling Pathway,Hedgehog Signaling Pathway
gene6684,GLI1,Hedgehog Signaling Pathway,Hedgehog Signaling Pathway
gene6685,DHH,Hedgehog Signaling Pathway,Hedgehog Signaling Pathway
gene6686,PRKACA,Hedgehog Signaling Pathway,Hedgehog Signaling Pathway
gene6687,PRKACB,Hedgehog Signaling Pathway,Hedgehog Signaling Pathway
gene6688,SUFU,Hedgehog Signaling Pathway,Hedgehog Signaling Pathway
gene6689,BMP4,Hedgehog Signaling Pathway,Hedgehog Signaling Pathway
gene6690,PRKACG,Hedgehog Signaling Pathway,Hedgehog Signaling Pathway
gene6691,BMP2,Hedgehog Signaling Pathway,Hedgehog Signaling Pathway
gene6692,GLI2,Hedgehog Signaling Pathway,Hedgehog Signaling Pathway
gene6693,BMP7,Hedgehog Signaling Pathway,Hedgehog Signaling Pathway
gene6694,GLI3,Hedgehog Signaling Pathway,Hedgehog Signaling Pathway
gene6695,PTCH1,Hedgehog Signaling Pathway,Hedgehog Signaling Pathway
gene6696,BMP8B,Hedgehog Signaling Pathway,Hedgehog Signaling Pathway
gene6697,WNT16,Hedgehog Signaling Pathway,Hedgehog Signaling Pathway
gene6698,BMP5,Hedgehog Signaling Pathway,Hedgehog Signaling Pathway
gene6699,BMP6,Hedgehog Signaling Pathway,Hedgehog Signaling Pathway
gene6700,TFDP1,Tgf Beta Signaling Pathway,Tgf Beta Signaling Pathway
gene6701,NOG,Tgf Beta Signaling Pathway,Tgf Beta Signaling Pathway
gene6702,TNF,Tgf Beta Signaling Pathway,Tgf Beta Signaling Pathway
gene6703,GDF7,Tgf Beta Signaling Pathway,Tgf Beta Signaling Pathway
gene6704,INHBB,Tgf Beta Signaling Pathway,Tgf Beta Signaling Pathway
gene6705,INHBC,Tgf Beta Signaling Pathway,Tgf Beta Signaling Pathway
gene6706,COMP,Tgf Beta Signaling Pathway,Tgf Beta Signaling Pathway
gene6707,INHBA,Tgf Beta Signaling Pathway,Tgf Beta Signaling Pathway
gene6708,THBS4,Tgf Beta Signaling Pathway,Tgf Beta Signaling Pathway
gene6709,RHOA,Tgf Beta Signaling Pathway,Tgf Beta Signaling Pathway
gene6710,CREBBP,Tgf Beta Signaling Pathway,Tgf Beta Signaling Pathway
gene6711,ROCK1,Tgf Beta Signaling Pathway,Tgf Beta Signaling Pathway
gene6712,ID1,Tgf Beta Signaling Pathway,Tgf Beta Signaling Pathway
gene6713,ID2,Tgf Beta Signaling Pathway,Tgf Beta Signaling Pathway
gene6714,RPS6KB1,Tgf Beta Signaling Pathway,Tgf Beta Signaling Pathway
gene6715,RPS6KB2,Tgf Beta Signaling Pathway,Tgf Beta Signaling Pathway
gene6716,CUL1,Tgf Beta Signaling Pathway,Tgf Beta Signaling Pathway
gene6717,SKP1P2,Tgf Beta Signaling Pathway,Tgf Beta Signaling Pathway
gene6718,ID4,Tgf Beta Signaling Pathway,Tgf Beta Signaling Pathway
gene6719,SMAD3,Tgf Beta Signaling Pathway,Tgf Beta Signaling Pathway
gene6720,MAPK3,Tgf Beta Signaling Pathway,Tgf Beta Signaling Pathway
gene6721,RBL2,Tgf Beta Signaling Pathway,Tgf Beta Signaling Pathway
gene6722,SMAD4,Tgf Beta Signaling Pathway,Tgf Beta Signaling Pathway
gene6723,RBL1,Tgf Beta Signaling Pathway,Tgf Beta Signaling Pathway
gene6724,NODAL,Tgf Beta Signaling Pathway,Tgf Beta Signaling Pathway
gene6725,SMAD1,Tgf Beta Signaling Pathway,Tgf Beta Signaling Pathway
gene6726,MYC,Tgf Beta Signaling Pathway,Tgf Beta Signaling Pathway
gene6727,SMAD2,Tgf Beta Signaling Pathway,Tgf Beta Signaling Pathway
gene6728,MAPK1,Tgf Beta Signaling Pathway,Tgf Beta Signaling Pathway
gene6729,SMURF2,Tgf Beta Signaling Pathway,Tgf Beta Signaling Pathway
gene6730,SMURF1,Tgf Beta Signaling Pathway,Tgf Beta Signaling Pathway
gene6731,EP300,Tgf Beta Signaling Pathway,Tgf Beta Signaling Pathway
gene6732,BMP8A,Tgf Beta Signaling Pathway,Tgf Beta Signaling Pathway
gene6733,GDF5,Tgf Beta Signaling Pathway,Tgf Beta Signaling Pathway
gene6734,SKP1,Tgf Beta Signaling Pathway,Tgf Beta Signaling Pathway
gene6735,CHRD,Tgf Beta Signaling Pathway,Tgf Beta Signaling Pathway
gene6736,TGFB2,Tgf Beta Signaling Pathway,Tgf Beta Signaling Pathway
gene6737,TGFB1,Tgf Beta Signaling Pathway,Tgf Beta Signaling Pathway
gene6738,IFNG,Tgf Beta Signaling Pathway,Tgf Beta Signaling Pathway
gene6739,CDKN2B,Tgf Beta Signaling Pathway,Tgf Beta Signaling Pathway
gene6740,PPP2CB,Tgf Beta Signaling Pathway,Tgf Beta Signaling Pathway
gene6741,PPP2CA,Tgf Beta Signaling Pathway,Tgf Beta Signaling Pathway
gene6742,PPP2R1A,Tgf Beta Signaling Pathway,Tgf Beta Signaling Pathway
gene6743,ID3,Tgf Beta Signaling Pathway,Tgf Beta Signaling Pathway
gene6744,SMAD5,Tgf Beta Signaling Pathway,Tgf Beta Signaling Pathway
gene6745,RBX1,Tgf Beta Signaling Pathway,Tgf Beta Signaling Pathway
gene6746,FST,Tgf Beta Signaling Pathway,Tgf Beta Signaling Pathway
gene6747,PITX2,Tgf Beta Signaling Pathway,Tgf Beta Signaling Pathway
gene6748,PPP2R1B,Tgf Beta Signaling Pathway,Tgf Beta Signaling Pathway
gene6749,TGFBR2,Tgf Beta Signaling Pathway,Tgf Beta Signaling Pathway
gene6750,AMHR2,Tgf Beta Signaling Pathway,Tgf Beta Signaling Pathway
gene6751,LTBP1,Tgf Beta Signaling Pathway,Tgf Beta Signaling Pathway
gene6752,LEFTY1,Tgf Beta Signaling Pathway,Tgf Beta Signaling Pathway
gene6753,AMH,Tgf Beta Signaling Pathway,Tgf Beta Signaling Pathway
gene6754,TGFBR1,Tgf Beta Signaling Pathway,Tgf Beta Signaling Pathway
gene6755,SMAD9,Tgf Beta Signaling Pathway,Tgf Beta Signaling Pathway
gene6756,LEFTY2,Tgf Beta Signaling Pathway,Tgf Beta Signaling Pathway
gene6757,SMAD7,Tgf Beta Signaling Pathway,Tgf Beta Signaling Pathway
gene6758,ROCK2,Tgf Beta Signaling Pathway,Tgf Beta Signaling Pathway
gene6759,TGFB3,Tgf Beta Signaling Pathway,Tgf Beta Signaling Pathway
gene6760,SMAD6,Tgf Beta Signaling Pathway,Tgf Beta Signaling Pathway
gene6761,BMPR2,Tgf Beta Signaling Pathway,Tgf Beta Signaling Pathway
gene6762,GDF6,Tgf Beta Signaling Pathway,Tgf Beta Signaling Pathway
gene6763,BMPR1A,Tgf Beta Signaling Pathway,Tgf Beta Signaling Pathway
gene6764,BMPR1B,Tgf Beta Signaling Pathway,Tgf Beta Signaling Pathway
gene6765,ACVRL1,Tgf Beta Signaling Pathway,Tgf Beta Signaling Pathway
gene6766,ACVR2B,Tgf Beta Signaling Pathway,Tgf Beta Signaling Pathway
gene6767,ACVR2A,Tgf Beta Signaling Pathway,Tgf Beta Signaling Pathway
gene6768,ACVR1,Tgf Beta Signaling Pathway,Tgf Beta Signaling Pathway
gene6769,BMP4,Tgf Beta Signaling Pathway,Tgf Beta Signaling Pathway
gene6770,E2F5,Tgf Beta Signaling Pathway,Tgf Beta Signaling Pathway
gene6771,BMP2,Tgf Beta Signaling Pathway,Tgf Beta Signaling Pathway
gene6772,ACVR1C,Tgf Beta Signaling Pathway,Tgf Beta Signaling Pathway
gene6773,E2F4,Tgf Beta Signaling Pathway,Tgf Beta Signaling Pathway
gene6774,SP1,Tgf Beta Signaling Pathway,Tgf Beta Signaling Pathway
gene6775,BMP7,Tgf Beta Signaling Pathway,Tgf Beta Signaling Pathway
gene6776,BMP8B,Tgf Beta Signaling Pathway,Tgf Beta Signaling Pathway
gene6777,ZFYVE9,Tgf Beta Signaling Pathway,Tgf Beta Signaling Pathway
gene6778,BMP5,Tgf Beta Signaling Pathway,Tgf Beta Signaling Pathway
gene6779,BMP6,Tgf Beta Signaling Pathway,Tgf Beta Signaling Pathway
gene6780,ZFYVE16,Tgf Beta Signaling Pathway,Tgf Beta Signaling Pathway
gene6781,THBS3,Tgf Beta Signaling Pathway,Tgf Beta Signaling Pathway
gene6782,INHBE,Tgf Beta Signaling Pathway,Tgf Beta Signaling Pathway
gene6783,THBS2,Tgf Beta Signaling Pathway,Tgf Beta Signaling Pathway
gene6784,DCN,Tgf Beta Signaling Pathway,Tgf Beta Signaling Pathway
gene6785,THBS1,Tgf Beta Signaling Pathway,Tgf Beta Signaling Pathway
gene6786,UNC5B,Axon Guidance,Axon Guidance
gene6787,PLXNB2,Axon Guidance,Axon Guidance
gene6788,PPP3R2,Axon Guidance,Axon Guidance
gene6789,PPP3CC,Axon Guidance,Axon Guidance
gene6790,PPP3R1,Axon Guidance,Axon Guidance
gene6791,PAK4,Axon Guidance,Axon Guidance
gene6792,NGEF,Axon Guidance,Axon Guidance
gene6793,SEMA4C,Axon Guidance,Axon Guidance
gene6794,SEMA4A,Axon Guidance,Axon Guidance
gene6795,PLXNC1,Axon Guidance,Axon Guidance
gene6796,ROCK1,Axon Guidance,Axon Guidance
gene6797,ABLIM3,Axon Guidance,Axon Guidance
gene6798,PTK2,Axon Guidance,Axon Guidance
gene6799,ROBO1,Axon Guidance,Axon Guidance
gene6800,SLIT2,Axon Guidance,Axon Guidance
gene6801,ROBO2,Axon Guidance,Axon Guidance
gene6802,PLXNA1,Axon Guidance,Axon Guidance
gene6803,ABL1,Axon Guidance,Axon Guidance
gene6804,PLXNA2,Axon Guidance,Axon Guidance
gene6805,PLXNB3,Axon Guidance,Axon Guidance
gene6806,PLXNB1,Axon Guidance,Axon Guidance
gene6807,SEMA3G,Axon Guidance,Axon Guidance
gene6808,ITGB1,Axon Guidance,Axon Guidance
gene6809,SEMA3F,Axon Guidance,Axon Guidance
gene6810,NRAS,Axon Guidance,Axon Guidance
gene6811,ROBO3,Axon Guidance,Axon Guidance
gene6812,CHP2,Axon Guidance,Axon Guidance
gene6813,NFAT5,Axon Guidance,Axon Guidance
gene6814,SEMA6D,Axon Guidance,Axon Guidance
gene6815,RHOD,Axon Guidance,Axon Guidance
gene6816,PAK6,Axon Guidance,Axon Guidance
gene6817,PLXNA3,Axon Guidance,Axon Guidance
gene6818,NCK1,Axon Guidance,Axon Guidance
gene6819,NFATC4,Axon Guidance,Axon Guidance
gene6820,NTNG1,Axon Guidance,Axon Guidance
gene6821,SEMA6A,Axon Guidance,Axon Guidance
gene6822,NFATC3,Axon Guidance,Axon Guidance
gene6823,KRAS,Axon Guidance,Axon Guidance
gene6824,SRGAP3,Axon Guidance,Axon Guidance
gene6825,L1CAM,Axon Guidance,Axon Guidance
gene6826,CFL2,Axon Guidance,Axon Guidance
gene6827,CFL1,Axon Guidance,Axon Guidance
gene6828,GNAI1,Axon Guidance,Axon Guidance
gene6829,UNC5A,Axon Guidance,Axon Guidance
gene6830,GNAI2,Axon Guidance,Axon Guidance
gene6831,RND1,Axon Guidance,Axon Guidance
gene6832,NCK2,Axon Guidance,Axon Guidance
gene6833,MET,Axon Guidance,Axon Guidance
gene6834,SLIT1,Axon Guidance,Axon Guidance
gene6835,SLIT3,Axon Guidance,Axon Guidance
gene6836,PAK5,Axon Guidance,Axon Guidance
gene6837,NTN1,Axon Guidance,Axon Guidance
gene6838,PAK1,Axon Guidance,Axon Guidance
gene6839,LRRC4C,Axon Guidance,Axon Guidance
gene6840,SEMA3C,Axon Guidance,Axon Guidance
gene6841,GNAI3,Axon Guidance,Axon Guidance
gene6842,CXCL12,Axon Guidance,Axon Guidance
gene6843,SEMA5A,Axon Guidance,Axon Guidance
gene6844,NFATC2,Axon Guidance,Axon Guidance
gene6845,NFATC1,Axon Guidance,Axon Guidance
gene6846,DCC,Axon Guidance,Axon Guidance
gene6847,CDC42,Axon Guidance,Axon Guidance
gene6848,UNC5D,Axon Guidance,Axon Guidance
gene6849,SRGAP2,Axon Guidance,Axon Guidance
gene6850,SEMA6C,Axon Guidance,Axon Guidance
gene6851,SEMA6B,Axon Guidance,Axon Guidance
gene6852,PAK3,Axon Guidance,Axon Guidance
gene6853,SEMA3D,Axon Guidance,Axon Guidance
gene6854,EPHB4,Axon Guidance,Axon Guidance
gene6855,EPHB6,Axon Guidance,Axon Guidance
gene6856,SEMA4D,Axon Guidance,Axon Guidance
gene6857,SEMA4B,Axon Guidance,Axon Guidance
gene6858,PAK2,Axon Guidance,Axon Guidance
gene6859,SEMA4F,Axon Guidance,Axon Guidance
gene6860,RHOA,Axon Guidance,Axon Guidance
gene6861,CXCR4,Axon Guidance,Axon Guidance
gene6862,EPHB1,Axon Guidance,Axon Guidance
gene6863,EPHA8,Axon Guidance,Axon Guidance
gene6864,EPHB3,Axon Guidance,Axon Guidance
gene6865,EPHB2,Axon Guidance,Axon Guidance
gene6866,EFNA4,Axon Guidance,Axon Guidance
gene6867,EFNA3,Axon Guidance,Axon Guidance
gene6868,RAC2,Axon Guidance,Axon Guidance
gene6869,EFNB1,Axon Guidance,Axon Guidance
gene6870,EFNA5,Axon Guidance,Axon Guidance
gene6871,EFNB3,Axon Guidance,Axon Guidance
gene6872,RAC3,Axon Guidance,Axon Guidance
gene6873,EFNB2,Axon Guidance,Axon Guidance
gene6874,ARHGEF12,Axon Guidance,Axon Guidance
gene6875,ABLIM2,Axon Guidance,Axon Guidance
gene6876,SRGAP1,Axon Guidance,Axon Guidance
gene6877,EFNA2,Axon Guidance,Axon Guidance
gene6878,RASA1,Axon Guidance,Axon Guidance
gene6879,EFNA1,Axon Guidance,Axon Guidance
gene6880,DPYSL5,Axon Guidance,Axon Guidance
gene6881,SEMA3A,Axon Guidance,Axon Guidance
gene6882,UNC5C,Axon Guidance,Axon Guidance
gene6883,NRP1,Axon Guidance,Axon Guidance
gene6884,MAPK3,Axon Guidance,Axon Guidance
gene6885,RAC1,Axon Guidance,Axon Guidance
gene6886,MAPK1,Axon Guidance,Axon Guidance
gene6887,SEMA5B,Axon Guidance,Axon Guidance
gene6888,HRAS,Axon Guidance,Axon Guidance
gene6889,SEMA3B,Axon Guidance,Axon Guidance
gene6890,GSK3B,Axon Guidance,Axon Guidance
gene6891,SEMA3E,Axon Guidance,Axon Guidance
gene6892,DPYSL2,Axon Guidance,Axon Guidance
gene6893,LIMK2,Axon Guidance,Axon Guidance
gene6894,LIMK1,Axon Guidance,Axon Guidance
gene6895,ABLIM1,Axon Guidance,Axon Guidance
gene6896,ROCK2,Axon Guidance,Axon Guidance
gene6897,SEMA7A,Axon Guidance,Axon Guidance
gene6898,EPHA1,Axon Guidance,Axon Guidance
gene6899,NTN4,Axon Guidance,Axon Guidance
gene6900,EPHA5,Axon Guidance,Axon Guidance
gene6901,EPHA7,Axon Guidance,Axon Guidance
gene6902,EPHA3,Axon Guidance,Axon Guidance
gene6903,EPHA2,Axon Guidance,Axon Guidance
gene6904,EPHA4,Axon Guidance,Axon Guidance
gene6905,SEMA4G,Axon Guidance,Axon Guidance
gene6906,PPP3CB,Axon Guidance,Axon Guidance
gene6907,FES,Axon Guidance,Axon Guidance
gene6908,PPP3CA,Axon Guidance,Axon Guidance
gene6909,CDK5,Axon Guidance,Axon Guidance
gene6910,RGS3,Axon Guidance,Axon Guidance
gene6911,FYN,Axon Guidance,Axon Guidance
gene6912,EPHA6,Axon Guidance,Axon Guidance
gene6913,NTN3,Axon Guidance,Axon Guidance
gene6914,CHP1,Axon Guidance,Axon Guidance
gene6915,CASP9,Vegf Signaling Pathway,Vegf Signaling Pathway
gene6916,RAF1,Vegf Signaling Pathway,Vegf Signaling Pathway
gene6917,PRKCB,Vegf Signaling Pathway,Vegf Signaling Pathway
gene6918,PRKCA,Vegf Signaling Pathway,Vegf Signaling Pathway
gene6919,PPP3R2,Vegf Signaling Pathway,Vegf Signaling Pathway
gene6920,PPP3CC,Vegf Signaling Pathway,Vegf Signaling Pathway
gene6921,PPP3R1,Vegf Signaling Pathway,Vegf Signaling Pathway
gene6922,SH2D2A,Vegf Signaling Pathway,Vegf Signaling Pathway
gene6923,PLA2G3,Vegf Signaling Pathway,Vegf Signaling Pathway
gene6924,SPHK1,Vegf Signaling Pathway,Vegf Signaling Pathway
gene6925,BAD,Vegf Signaling Pathway,Vegf Signaling Pathway
gene6926,PRKCG,Vegf Signaling Pathway,Vegf Signaling Pathway
gene6927,JMJD7-PLA2G4B,Vegf Signaling Pathway,Vegf Signaling Pathway
gene6928,PLA2G6,Vegf Signaling Pathway,Vegf Signaling Pathway
gene6929,RAC2,Vegf Signaling Pathway,Vegf Signaling Pathway
gene6930,PTK2,Vegf Signaling Pathway,Vegf Signaling Pathway
gene6931,PLA2G2E,Vegf Signaling Pathway,Vegf Signaling Pathway
gene6932,PLA2G10,Vegf Signaling Pathway,Vegf Signaling Pathway
gene6933,NOS3,Vegf Signaling Pathway,Vegf Signaling Pathway
gene6934,MAPK11,Vegf Signaling Pathway,Vegf Signaling Pathway
gene6935,MAP2K2,Vegf Signaling Pathway,Vegf Signaling Pathway
gene6936,PLA2G2A,Vegf Signaling Pathway,Vegf Signaling Pathway
gene6937,RAC3,Vegf Signaling Pathway,Vegf Signaling Pathway
gene6938,PLA2G4A,Vegf Signaling Pathway,Vegf Signaling Pathway
gene6939,PTGS2,Vegf Signaling Pathway,Vegf Signaling Pathway
gene6940,PLA2G5,Vegf Signaling Pathway,Vegf Signaling Pathway
gene6941,MAPK13,Vegf Signaling Pathway,Vegf Signaling Pathway
gene6942,PLA2G12B,Vegf Signaling Pathway,Vegf Signaling Pathway
gene6943,MAP2K1,Vegf Signaling Pathway,Vegf Signaling Pathway
gene6944,KDR,Vegf Signaling Pathway,Vegf Signaling Pathway
gene6945,PLA2G4B,Vegf Signaling Pathway,Vegf Signaling Pathway
gene6946,AKT1,Vegf Signaling Pathway,Vegf Signaling Pathway
gene6947,PLA2G2F,Vegf Signaling Pathway,Vegf Signaling Pathway
gene6948,AKT2,Vegf Signaling Pathway,Vegf Signaling Pathway
gene6949,NRAS,Vegf Signaling Pathway,Vegf Signaling Pathway
gene6950,AKT3,Vegf Signaling Pathway,Vegf Signaling Pathway
gene6951,CHP2,Vegf Signaling Pathway,Vegf Signaling Pathway
gene6952,NFAT5,Vegf Signaling Pathway,Vegf Signaling Pathway
gene6953,MAPK3,Vegf Signaling Pathway,Vegf Signaling Pathway
gene6954,RAC1,Vegf Signaling Pathway,Vegf Signaling Pathway
gene6955,PLA2G1B,Vegf Signaling Pathway,Vegf Signaling Pathway
gene6956,MAPK1,Vegf Signaling Pathway,Vegf Signaling Pathway
gene6957,MAPKAPK3,Vegf Signaling Pathway,Vegf Signaling Pathway
gene6958,PIK3R5,Vegf Signaling Pathway,Vegf Signaling Pathway
gene6959,HRAS,Vegf Signaling Pathway,Vegf Signaling Pathway
gene6960,NFATC4,Vegf Signaling Pathway,Vegf Signaling Pathway
gene6961,MAPK14,Vegf Signaling Pathway,Vegf Signaling Pathway
gene6962,MAPK12,Vegf Signaling Pathway,Vegf Signaling Pathway
gene6963,NFATC3,Vegf Signaling Pathway,Vegf Signaling Pathway
gene6964,MAPKAPK2,Vegf Signaling Pathway,Vegf Signaling Pathway
gene6965,KRAS,Vegf Signaling Pathway,Vegf Signaling Pathway
gene6966,SPHK2,Vegf Signaling Pathway,Vegf Signaling Pathway
gene6967,HSPB1,Vegf Signaling Pathway,Vegf Signaling Pathway
gene6968,VEGFA,Vegf Signaling Pathway,Vegf Signaling Pathway
gene6969,PXN,Vegf Signaling Pathway,Vegf Signaling Pathway
gene6970,PLA2G4E,Vegf Signaling Pathway,Vegf Signaling Pathway
gene6971,SRC,Vegf Signaling Pathway,Vegf Signaling Pathway
gene6972,PIK3R3,Vegf Signaling Pathway,Vegf Signaling Pathway
gene6973,PPP3CB,Vegf Signaling Pathway,Vegf Signaling Pathway
gene6974,PPP3CA,Vegf Signaling Pathway,Vegf Signaling Pathway
gene6975,PIK3CA,Vegf Signaling Pathway,Vegf Signaling Pathway
gene6976,PIK3CB,Vegf Signaling Pathway,Vegf Signaling Pathway
gene6977,PIK3CD,Vegf Signaling Pathway,Vegf Signaling Pathway
gene6978,PLA2G2C,Vegf Signaling Pathway,Vegf Signaling Pathway
gene6979,PLCG1,Vegf Signaling Pathway,Vegf Signaling Pathway
gene6980,SHC2,Vegf Signaling Pathway,Vegf Signaling Pathway
gene6981,PLA2G2D,Vegf Signaling Pathway,Vegf Signaling Pathway
gene6982,PLCG2,Vegf Signaling Pathway,Vegf Signaling Pathway
gene6983,PLA2G12A,Vegf Signaling Pathway,Vegf Signaling Pathway
gene6984,NFATC2,Vegf Signaling Pathway,Vegf Signaling Pathway
gene6985,NFATC1,Vegf Signaling Pathway,Vegf Signaling Pathway
gene6986,PIK3CG,Vegf Signaling Pathway,Vegf Signaling Pathway
gene6987,PIK3R1,Vegf Signaling Pathway,Vegf Signaling Pathway
gene6988,CDC42,Vegf Signaling Pathway,Vegf Signaling Pathway
gene6989,PIK3R2,Vegf Signaling Pathway,Vegf Signaling Pathway
gene6990,CHP1,Vegf Signaling Pathway,Vegf Signaling Pathway
gene6991,JUN,Focal Adhesion,Focal Adhesion
gene6992,ELK1,Focal Adhesion,Focal Adhesion
gene6993,HGF,Focal Adhesion,Focal Adhesion
gene6994,PARVA,Focal Adhesion,Focal Adhesion
gene6995,FN1,Focal Adhesion,Focal Adhesion
gene6996,TNN,Focal Adhesion,Focal Adhesion
gene6997,IGF1,Focal Adhesion,Focal Adhesion
gene6998,BIRC3,Focal Adhesion,Focal Adhesion
gene6999,XIAP,Focal Adhesion,Focal Adhesion
gene7000,COMP,Focal Adhesion,Focal Adhesion
gene7001,THBS4,Focal Adhesion,Focal Adhesion
gene7002,IGF1R,Focal Adhesion,Focal Adhesion
gene7003,DIAPH1,Focal Adhesion,Focal Adhesion
gene7004,ITGA11,Focal Adhesion,Focal Adhesion
gene7005,PGF,Focal Adhesion,Focal Adhesion
gene7006,PARVG,Focal Adhesion,Focal Adhesion
gene7007,ROCK1,Focal Adhesion,Focal Adhesion
gene7008,PTK2,Focal Adhesion,Focal Adhesion
gene7009,MYL7,Focal Adhesion,Focal Adhesion
gene7010,FLT1,Focal Adhesion,Focal Adhesion
gene7011,FLT4,Focal Adhesion,Focal Adhesion
gene7012,AKT1,Focal Adhesion,Focal Adhesion
gene7013,RELN,Focal Adhesion,Focal Adhesion
gene7014,AKT2,Focal Adhesion,Focal Adhesion
gene7015,LAMC2,Focal Adhesion,Focal Adhesion
gene7016,MYL12A,Focal Adhesion,Focal Adhesion
gene7017,LAMB2,Focal Adhesion,Focal Adhesion
gene7018,LAMB3,Focal Adhesion,Focal Adhesion
gene7019,LAMC1,Focal Adhesion,Focal Adhesion
gene7020,LAMA4,Focal Adhesion,Focal Adhesion
gene7021,LAMA5,Focal Adhesion,Focal Adhesion
gene7022,LAMB1,Focal Adhesion,Focal Adhesion
gene7023,PAK6,Focal Adhesion,Focal Adhesion
gene7024,PIK3R5,Focal Adhesion,Focal Adhesion
gene7025,CAPN2,Focal Adhesion,Focal Adhesion
gene7026,LAMB4,Focal Adhesion,Focal Adhesion
gene7027,FLNC,Focal Adhesion,Focal Adhesion
gene7028,FLNA,Focal Adhesion,Focal Adhesion
gene7029,FLNB,Focal Adhesion,Focal Adhesion
gene7030,MYL2,Focal Adhesion,Focal Adhesion
gene7031,MYLK,Focal Adhesion,Focal Adhesion
gene7032,MYL5,Focal Adhesion,Focal Adhesion
gene7033,PIP5K1C,Focal Adhesion,Focal Adhesion
gene7034,MET,Focal Adhesion,Focal Adhesion
gene7035,MYL10,Focal Adhesion,Focal Adhesion
gene7036,BIRC2,Focal Adhesion,Focal Adhesion
gene7037,COL11A1,Focal Adhesion,Focal Adhesion
gene7038,LAMC3,Focal Adhesion,Focal Adhesion
gene7039,COL11A2,Focal Adhesion,Focal Adhesion
gene7040,THBS3,Focal Adhesion,Focal Adhesion
gene7041,THBS2,Focal Adhesion,Focal Adhesion
gene7042,THBS1,Focal Adhesion,Focal Adhesion
gene7043,VWF,Focal Adhesion,Focal Adhesion
gene7044,ZYX,Focal Adhesion,Focal Adhesion
gene7045,IBSP,Focal Adhesion,Focal Adhesion
gene7046,VTN,Focal Adhesion,Focal Adhesion
gene7047,PDGFD,Focal Adhesion,Focal Adhesion
gene7048,PPP1R12A,Focal Adhesion,Focal Adhesion
gene7049,BAD,Focal Adhesion,Focal Adhesion
gene7050,ACTN4,Focal Adhesion,Focal Adhesion
gene7051,ACTN1,Focal Adhesion,Focal Adhesion
gene7052,MAPK9,Focal Adhesion,Focal Adhesion
gene7053,MAPK10,Focal Adhesion,Focal Adhesion
gene7054,MAP2K1,Focal Adhesion,Focal Adhesion
gene7055,RASGRF1,Focal Adhesion,Focal Adhesion
gene7056,ILK,Focal Adhesion,Focal Adhesion
gene7057,RAPGEF1,Focal Adhesion,Focal Adhesion
gene7058,GRB2,Focal Adhesion,Focal Adhesion
gene7059,PPP1CC,Focal Adhesion,Focal Adhesion
gene7060,PPP1CB,Focal Adhesion,Focal Adhesion
gene7061,ACTG1,Focal Adhesion,Focal Adhesion
gene7062,ITGA10,Focal Adhesion,Focal Adhesion
gene7063,HRAS,Focal Adhesion,Focal Adhesion
gene7064,ITGA8,Focal Adhesion,Focal Adhesion
gene7065,CTNNB1,Focal Adhesion,Focal Adhesion
gene7066,MYL12B,Focal Adhesion,Focal Adhesion
gene7067,ACTB,Focal Adhesion,Focal Adhesion
gene7068,ROCK2,Focal Adhesion,Focal Adhesion
gene7069,PTEN,Focal Adhesion,Focal Adhesion
gene7070,RAP1A,Focal Adhesion,Focal Adhesion
gene7071,PIK3R3,Focal Adhesion,Focal Adhesion
gene7072,RAP1B,Focal Adhesion,Focal Adhesion
gene7073,TNC,Focal Adhesion,Focal Adhesion
gene7074,CAV2,Focal Adhesion,Focal Adhesion
gene7075,CAV1,Focal Adhesion,Focal Adhesion
gene7076,CAV3,Focal Adhesion,Focal Adhesion
gene7077,COL5A3,Focal Adhesion,Focal Adhesion
gene7078,TLN1,Focal Adhesion,Focal Adhesion
gene7079,VAV3,Focal Adhesion,Focal Adhesion
gene7080,COL6A2,Focal Adhesion,Focal Adhesion
gene7081,COL6A3,Focal Adhesion,Focal Adhesion
gene7082,COL5A2,Focal Adhesion,Focal Adhesion
gene7083,COL6A1,Focal Adhesion,Focal Adhesion
gene7084,LAMA1,Focal Adhesion,Focal Adhesion
gene7085,ITGA9,Focal Adhesion,Focal Adhesion
gene7086,CHAD,Focal Adhesion,Focal Adhesion
gene7087,PAK4,Focal Adhesion,Focal Adhesion
gene7088,ITGA4,Focal Adhesion,Focal Adhesion
gene7089,ITGA3,Focal Adhesion,Focal Adhesion
gene7090,ITGA2B,Focal Adhesion,Focal Adhesion
gene7091,ITGA7,Focal Adhesion,Focal Adhesion
gene7092,ITGA5,Focal Adhesion,Focal Adhesion
gene7093,COL5A1,Focal Adhesion,Focal Adhesion
gene7094,COL4A6,Focal Adhesion,Focal Adhesion
gene7095,PDGFRB,Focal Adhesion,Focal Adhesion
gene7096,COL2A1,Focal Adhesion,Focal Adhesion
gene7097,COL3A1,Focal Adhesion,Focal Adhesion
gene7098,COL4A1,Focal Adhesion,Focal Adhesion
gene7099,PARVB,Focal Adhesion,Focal Adhesion
gene7100,COL4A2,Focal Adhesion,Focal Adhesion
gene7101,BRAF,Focal Adhesion,Focal Adhesion
gene7102,COL4A4,Focal Adhesion,Focal Adhesion
gene7103,VAV1,Focal Adhesion,Focal Adhesion
gene7104,PDPK1,Focal Adhesion,Focal Adhesion
gene7105,ITGB3,Focal Adhesion,Focal Adhesion
gene7106,ITGB4,Focal Adhesion,Focal Adhesion
gene7107,VASP,Focal Adhesion,Focal Adhesion
gene7108,ITGB5,Focal Adhesion,Focal Adhesion
gene7109,SHC4,Focal Adhesion,Focal Adhesion
gene7110,ITGB6,Focal Adhesion,Focal Adhesion
gene7111,DOCK1,Focal Adhesion,Focal Adhesion
gene7112,ITGB7,Focal Adhesion,Focal Adhesion
gene7113,ITGAV,Focal Adhesion,Focal Adhesion
gene7114,ITGB1,Focal Adhesion,Focal Adhesion
gene7115,AKT3,Focal Adhesion,Focal Adhesion
gene7116,VAV2,Focal Adhesion,Focal Adhesion
gene7117,SPP1,Focal Adhesion,Focal Adhesion
gene7118,COL1A1,Focal Adhesion,Focal Adhesion
gene7119,COL1A2,Focal Adhesion,Focal Adhesion
gene7120,TLN2,Focal Adhesion,Focal Adhesion
gene7121,PDGFC,Focal Adhesion,Focal Adhesion
gene7122,VCL,Focal Adhesion,Focal Adhesion
gene7123,SHC3,Focal Adhesion,Focal Adhesion
gene7124,VEGFA,Focal Adhesion,Focal Adhesion
gene7125,VEGFC,Focal Adhesion,Focal Adhesion
gene7126,ITGB8,Focal Adhesion,Focal Adhesion
gene7127,VEGFB,Focal Adhesion,Focal Adhesion
gene7128,PXN,Focal Adhesion,Focal Adhesion
gene7129,PAK5,Focal Adhesion,Focal Adhesion
gene7130,CCND1,Focal Adhesion,Focal Adhesion
gene7131,PDGFA,Focal Adhesion,Focal Adhesion
gene7132,BCL2,Focal Adhesion,Focal Adhesion
gene7133,PDGFB,Focal Adhesion,Focal Adhesion
gene7134,PDGFRA,Focal Adhesion,Focal Adhesion
gene7135,ARHGAP5,Focal Adhesion,Focal Adhesion
gene7136,BCAR1,Focal Adhesion,Focal Adhesion
gene7137,PAK1,Focal Adhesion,Focal Adhesion
gene7138,VEGFD,Focal Adhesion,Focal Adhesion
gene7139,CRK,Focal Adhesion,Focal Adhesion
gene7140,CRKL,Focal Adhesion,Focal Adhesion
gene7141,CCND2,Focal Adhesion,Focal Adhesion
gene7142,CDC42,Focal Adhesion,Focal Adhesion
gene7143,ACTN2,Focal Adhesion,Focal Adhesion
gene7144,CCND3,Focal Adhesion,Focal Adhesion
gene7145,ACTN3,Focal Adhesion,Focal Adhesion
gene7146,SOS2,Focal Adhesion,Focal Adhesion
gene7147,PAK3,Focal Adhesion,Focal Adhesion
gene7148,PRKCB,Focal Adhesion,Focal Adhesion
gene7149,RAF1,Focal Adhesion,Focal Adhesion
gene7150,PRKCA,Focal Adhesion,Focal Adhesion
gene7151,SHC1,Focal Adhesion,Focal Adhesion
gene7152,PAK2,Focal Adhesion,Focal Adhesion
gene7153,MYL9,Focal Adhesion,Focal Adhesion
gene7154,RHOA,Focal Adhesion,Focal Adhesion
gene7155,PRKCG,Focal Adhesion,Focal Adhesion
gene7156,MYLPF,Focal Adhesion,Focal Adhesion
gene7157,ERBB2,Focal Adhesion,Focal Adhesion
gene7158,RAC2,Focal Adhesion,Focal Adhesion
gene7159,RAC3,Focal Adhesion,Focal Adhesion
gene7160,KDR,Focal Adhesion,Focal Adhesion
gene7161,MYLK2,Focal Adhesion,Focal Adhesion
gene7162,PPP1CA,Focal Adhesion,Focal Adhesion
gene7163,MAPK3,Focal Adhesion,Focal Adhesion
gene7164,ARHGAP35,Focal Adhesion,Focal Adhesion
gene7165,RAC1,Focal Adhesion,Focal Adhesion
gene7166,SOS1,Focal Adhesion,Focal Adhesion
gene7167,MAPK1,Focal Adhesion,Focal Adhesion
gene7168,MAPK8,Focal Adhesion,Focal Adhesion
gene7169,EGFR,Focal Adhesion,Focal Adhesion
gene7170,GSK3B,Focal Adhesion,Focal Adhesion
gene7171,TNR,Focal Adhesion,Focal Adhesion
gene7172,EGF,Focal Adhesion,Focal Adhesion
gene7173,LAMA3,Focal Adhesion,Focal Adhesion
gene7174,TNXB,Focal Adhesion,Focal Adhesion
gene7175,LAMA2,Focal Adhesion,Focal Adhesion
gene7176,ITGA6,Focal Adhesion,Focal Adhesion
gene7177,ITGA2,Focal Adhesion,Focal Adhesion
gene7178,SRC,Focal Adhesion,Focal Adhesion
gene7179,ITGA1,Focal Adhesion,Focal Adhesion
gene7180,PIK3CA,Focal Adhesion,Focal Adhesion
gene7181,PIK3CB,Focal Adhesion,Focal Adhesion
gene7182,PIK3CD,Focal Adhesion,Focal Adhesion
gene7183,SHC2,Focal Adhesion,Focal Adhesion
gene7184,COL6A6,Focal Adhesion,Focal Adhesion
gene7185,MYLK3,Focal Adhesion,Focal Adhesion
gene7186,FYN,Focal Adhesion,Focal Adhesion
gene7187,PIK3CG,Focal Adhesion,Focal Adhesion
gene7188,PIK3R1,Focal Adhesion,Focal Adhesion
gene7189,PIK3R2,Focal Adhesion,Focal Adhesion
gene7190,GP1BA,Ecm Receptor Interaction,Ecm Receptor Interaction
gene7191,COL6A2,Ecm Receptor Interaction,Ecm Receptor Interaction
gene7192,COL6A3,Ecm Receptor Interaction,Ecm Receptor Interaction
gene7193,GP1BB,Ecm Receptor Interaction,Ecm Receptor Interaction
gene7194,COL5A2,Ecm Receptor Interaction,Ecm Receptor Interaction
gene7195,COL6A1,Ecm Receptor Interaction,Ecm Receptor Interaction
gene7196,LAMA1,Ecm Receptor Interaction,Ecm Receptor Interaction
gene7197,VWF,Ecm Receptor Interaction,Ecm Receptor Interaction
gene7198,HSPG2,Ecm Receptor Interaction,Ecm Receptor Interaction
gene7199,TNN,Ecm Receptor Interaction,Ecm Receptor Interaction
gene7200,FN1,Ecm Receptor Interaction,Ecm Receptor Interaction
gene7201,ITGA9,Ecm Receptor Interaction,Ecm Receptor Interaction
gene7202,GP9,Ecm Receptor Interaction,Ecm Receptor Interaction
gene7203,COMP,Ecm Receptor Interaction,Ecm Receptor Interaction
gene7204,IBSP,Ecm Receptor Interaction,Ecm Receptor Interaction
gene7205,CD36,Ecm Receptor Interaction,Ecm Receptor Interaction
gene7206,CHAD,Ecm Receptor Interaction,Ecm Receptor Interaction
gene7207,GP5,Ecm Receptor Interaction,Ecm Receptor Interaction
gene7208,VTN,Ecm Receptor Interaction,Ecm Receptor Interaction
gene7209,THBS4,Ecm Receptor Interaction,Ecm Receptor Interaction
gene7210,ITGA4,Ecm Receptor Interaction,Ecm Receptor Interaction
gene7211,ITGA3,Ecm Receptor Interaction,Ecm Receptor Interaction
gene7212,ITGA2B,Ecm Receptor Interaction,Ecm Receptor Interaction
gene7213,ITGA7,Ecm Receptor Interaction,Ecm Receptor Interaction
gene7214,ITGA5,Ecm Receptor Interaction,Ecm Receptor Interaction
gene7215,COL5A1,Ecm Receptor Interaction,Ecm Receptor Interaction
gene7216,COL4A6,Ecm Receptor Interaction,Ecm Receptor Interaction
gene7217,ITGA11,Ecm Receptor Interaction,Ecm Receptor Interaction
gene7218,SV2C,Ecm Receptor Interaction,Ecm Receptor Interaction
gene7219,COL2A1,Ecm Receptor Interaction,Ecm Receptor Interaction
gene7220,COL3A1,Ecm Receptor Interaction,Ecm Receptor Interaction
gene7221,COL4A1,Ecm Receptor Interaction,Ecm Receptor Interaction
gene7222,AGRN,Ecm Receptor Interaction,Ecm Receptor Interaction
gene7223,COL4A2,Ecm Receptor Interaction,Ecm Receptor Interaction
gene7224,COL4A4,Ecm Receptor Interaction,Ecm Receptor Interaction
gene7225,ITGB3,Ecm Receptor Interaction,Ecm Receptor Interaction
gene7226,ITGB4,Ecm Receptor Interaction,Ecm Receptor Interaction
gene7227,RELN,Ecm Receptor Interaction,Ecm Receptor Interaction
gene7228,ITGB5,Ecm Receptor Interaction,Ecm Receptor Interaction
gene7229,ITGB6,Ecm Receptor Interaction,Ecm Receptor Interaction
gene7230,ITGB7,Ecm Receptor Interaction,Ecm Receptor Interaction
gene7231,LAMC2,Ecm Receptor Interaction,Ecm Receptor Interaction
gene7232,ITGAV,Ecm Receptor Interaction,Ecm Receptor Interaction
gene7233,ITGB1,Ecm Receptor Interaction,Ecm Receptor Interaction
gene7234,LAMB2,Ecm Receptor Interaction,Ecm Receptor Interaction
gene7235,SPP1,Ecm Receptor Interaction,Ecm Receptor Interaction
gene7236,LAMB3,Ecm Receptor Interaction,Ecm Receptor Interaction
gene7237,LAMC1,Ecm Receptor Interaction,Ecm Receptor Interaction
gene7238,COL1A1,Ecm Receptor Interaction,Ecm Receptor Interaction
gene7239,LAMA4,Ecm Receptor Interaction,Ecm Receptor Interaction
gene7240,LAMA5,Ecm Receptor Interaction,Ecm Receptor Interaction
gene7241,LAMB1,Ecm Receptor Interaction,Ecm Receptor Interaction
gene7242,COL1A2,Ecm Receptor Interaction,Ecm Receptor Interaction
gene7243,ITGA10,Ecm Receptor Interaction,Ecm Receptor Interaction
gene7244,GP6,Ecm Receptor Interaction,Ecm Receptor Interaction
gene7245,ITGA8,Ecm Receptor Interaction,Ecm Receptor Interaction
gene7246,LAMB4,Ecm Receptor Interaction,Ecm Receptor Interaction
gene7247,TNR,Ecm Receptor Interaction,Ecm Receptor Interaction
gene7248,CD47,Ecm Receptor Interaction,Ecm Receptor Interaction
gene7249,SV2A,Ecm Receptor Interaction,Ecm Receptor Interaction
gene7250,CD44,Ecm Receptor Interaction,Ecm Receptor Interaction
gene7251,DAG1,Ecm Receptor Interaction,Ecm Receptor Interaction
gene7252,TNXB,Ecm Receptor Interaction,Ecm Receptor Interaction
gene7253,LAMA3,Ecm Receptor Interaction,Ecm Receptor Interaction
gene7254,LAMA2,Ecm Receptor Interaction,Ecm Receptor Interaction
gene7255,SDC3,Ecm Receptor Interaction,Ecm Receptor Interaction
gene7256,ITGB8,Ecm Receptor Interaction,Ecm Receptor Interaction
gene7257,ITGA6,Ecm Receptor Interaction,Ecm Receptor Interaction
gene7258,ITGA2,Ecm Receptor Interaction,Ecm Receptor Interaction
gene7259,ITGA1,Ecm Receptor Interaction,Ecm Receptor Interaction
gene7260,SV2B,Ecm Receptor Interaction,Ecm Receptor Interaction
gene7261,TNC,Ecm Receptor Interaction,Ecm Receptor Interaction
gene7262,COL11A1,Ecm Receptor Interaction,Ecm Receptor Interaction
gene7263,LAMC3,Ecm Receptor Interaction,Ecm Receptor Interaction
gene7264,COL11A2,Ecm Receptor Interaction,Ecm Receptor Interaction
gene7265,HMMR,Ecm Receptor Interaction,Ecm Receptor Interaction
gene7266,SDC2,Ecm Receptor Interaction,Ecm Receptor Interaction
gene7267,SDC4,Ecm Receptor Interaction,Ecm Receptor Interaction
gene7268,COL5A3,Ecm Receptor Interaction,Ecm Receptor Interaction
gene7269,THBS3,Ecm Receptor Interaction,Ecm Receptor Interaction
gene7270,COL6A6,Ecm Receptor Interaction,Ecm Receptor Interaction
gene7271,THBS2,Ecm Receptor Interaction,Ecm Receptor Interaction
gene7272,SDC1,Ecm Receptor Interaction,Ecm Receptor Interaction
gene7273,THBS1,Ecm Receptor Interaction,Ecm Receptor Interaction
gene7274,CDH5,Cell Adhesion Molecules Cams,Cell Adhesion Molecules Cams
gene7275,JAM3,Cell Adhesion Molecules Cams,Cell Adhesion Molecules Cams
gene7276,CDH3,Cell Adhesion Molecules Cams,Cell Adhesion Molecules Cams
gene7277,NLGN3,Cell Adhesion Molecules Cams,Cell Adhesion Molecules Cams
gene7278,CDH4,Cell Adhesion Molecules Cams,Cell Adhesion Molecules Cams
gene7279,CD80,Cell Adhesion Molecules Cams,Cell Adhesion Molecules Cams
gene7280,NLGN1,Cell Adhesion Molecules Cams,Cell Adhesion Molecules Cams
gene7281,CD86,Cell Adhesion Molecules Cams,Cell Adhesion Molecules Cams
gene7282,CD28,Cell Adhesion Molecules Cams,Cell Adhesion Molecules Cams
gene7283,CD274,Cell Adhesion Molecules Cams,Cell Adhesion Molecules Cams
gene7284,PDCD1LG2,Cell Adhesion Molecules Cams,Cell Adhesion Molecules Cams
gene7285,ITGA9,Cell Adhesion Molecules Cams,Cell Adhesion Molecules Cams
gene7286,ITGAL,Cell Adhesion Molecules Cams,Cell Adhesion Molecules Cams
gene7287,NRCAM,Cell Adhesion Molecules Cams,Cell Adhesion Molecules Cams
gene7288,ITGAM,Cell Adhesion Molecules Cams,Cell Adhesion Molecules Cams
gene7289,CD34,Cell Adhesion Molecules Cams,Cell Adhesion Molecules Cams
gene7290,CD276,Cell Adhesion Molecules Cams,Cell Adhesion Molecules Cams
gene7291,ICOSLG,Cell Adhesion Molecules Cams,Cell Adhesion Molecules Cams
gene7292,CADM3,Cell Adhesion Molecules Cams,Cell Adhesion Molecules Cams
gene7293,ITGA4,Cell Adhesion Molecules Cams,Cell Adhesion Molecules Cams
gene7294,ICOS,Cell Adhesion Molecules Cams,Cell Adhesion Molecules Cams
gene7295,SIGLEC1,Cell Adhesion Molecules Cams,Cell Adhesion Molecules Cams
gene7296,CADM1,Cell Adhesion Molecules Cams,Cell Adhesion Molecules Cams
gene7297,HLA-G,Cell Adhesion Molecules Cams,Cell Adhesion Molecules Cams
gene7298,CLDN20,Cell Adhesion Molecules Cams,Cell Adhesion Molecules Cams
gene7299,PECAM1,Cell Adhesion Molecules Cams,Cell Adhesion Molecules Cams
gene7300,CD22,Cell Adhesion Molecules Cams,Cell Adhesion Molecules Cams
gene7301,ITGB7,Cell Adhesion Molecules Cams,Cell Adhesion Molecules Cams
gene7302,SELL,Cell Adhesion Molecules Cams,Cell Adhesion Molecules Cams
gene7303,VCAM1,Cell Adhesion Molecules Cams,Cell Adhesion Molecules Cams
gene7304,ITGAV,Cell Adhesion Molecules Cams,Cell Adhesion Molecules Cams
gene7305,SELP,Cell Adhesion Molecules Cams,Cell Adhesion Molecules Cams
gene7306,SPN,Cell Adhesion Molecules Cams,Cell Adhesion Molecules Cams
gene7307,ITGB1,Cell Adhesion Molecules Cams,Cell Adhesion Molecules Cams
gene7308,SELPLG,Cell Adhesion Molecules Cams,Cell Adhesion Molecules Cams
gene7309,ITGB2,Cell Adhesion Molecules Cams,Cell Adhesion Molecules Cams
gene7310,CDH2,Cell Adhesion Molecules Cams,Cell Adhesion Molecules Cams
gene7311,JAM2,Cell Adhesion Molecules Cams,Cell Adhesion Molecules Cams
gene7312,CTLA4,Cell Adhesion Molecules Cams,Cell Adhesion Molecules Cams
gene7313,HLA-DRB4,Cell Adhesion Molecules Cams,Cell Adhesion Molecules Cams
gene7314,CLDN18,Cell Adhesion Molecules Cams,Cell Adhesion Molecules Cams
gene7315,CD4,Cell Adhesion Molecules Cams,Cell Adhesion Molecules Cams
gene7316,HLA-DRB5,Cell Adhesion Molecules Cams,Cell Adhesion Molecules Cams
gene7317,CNTN1,Cell Adhesion Molecules Cams,Cell Adhesion Molecules Cams
gene7318,NLGN2,Cell Adhesion Molecules Cams,Cell Adhesion Molecules Cams
gene7319,HLA-DRB3,Cell Adhesion Molecules Cams,Cell Adhesion Molecules Cams
gene7320,NRXN3,Cell Adhesion Molecules Cams,Cell Adhesion Molecules Cams
gene7321,ALCAM,Cell Adhesion Molecules Cams,Cell Adhesion Molecules Cams
gene7322,SELE,Cell Adhesion Molecules Cams,Cell Adhesion Molecules Cams
gene7323,CD8A,Cell Adhesion Molecules Cams,Cell Adhesion Molecules Cams
gene7324,CD8B,Cell Adhesion Molecules Cams,Cell Adhesion Molecules Cams
gene7325,CD6,Cell Adhesion Molecules Cams,Cell Adhesion Molecules Cams
gene7326,CLDN17,Cell Adhesion Molecules Cams,Cell Adhesion Molecules Cams
gene7327,L1CAM,Cell Adhesion Molecules Cams,Cell Adhesion Molecules Cams
gene7328,ITGB8,Cell Adhesion Molecules Cams,Cell Adhesion Molecules Cams
gene7329,MAG,Cell Adhesion Molecules Cams,Cell Adhesion Molecules Cams
gene7330,VCAN,Cell Adhesion Molecules Cams,Cell Adhesion Molecules Cams
gene7331,HLA-F,Cell Adhesion Molecules Cams,Cell Adhesion Molecules Cams
gene7332,NFASC,Cell Adhesion Molecules Cams,Cell Adhesion Molecules Cams
gene7333,HLA-E,Cell Adhesion Molecules Cams,Cell Adhesion Molecules Cams
gene7334,NRXN1,Cell Adhesion Molecules Cams,Cell Adhesion Molecules Cams
gene7335,HLA-DPA1,Cell Adhesion Molecules Cams,Cell Adhesion Molecules Cams
gene7336,HLA-DPB1,Cell Adhesion Molecules Cams,Cell Adhesion Molecules Cams
gene7337,HLA-DQA1,Cell Adhesion Molecules Cams,Cell Adhesion Molecules Cams
gene7338,HLA-DQA2,Cell Adhesion Molecules Cams,Cell Adhesion Molecules Cams
gene7339,HLA-DQB1,Cell Adhesion Molecules Cams,Cell Adhesion Molecules Cams
gene7340,NRXN2,Cell Adhesion Molecules Cams,Cell Adhesion Molecules Cams
gene7341,CD2,Cell Adhesion Molecules Cams,Cell Adhesion Molecules Cams
gene7342,CLDN16,Cell Adhesion Molecules Cams,Cell Adhesion Molecules Cams
gene7343,CLDN23,Cell Adhesion Molecules Cams,Cell Adhesion Molecules Cams
gene7344,MADCAM1,Cell Adhesion Molecules Cams,Cell Adhesion Molecules Cams
gene7345,SDC2,Cell Adhesion Molecules Cams,Cell Adhesion Molecules Cams
gene7346,SDC4,Cell Adhesion Molecules Cams,Cell Adhesion Molecules Cams
gene7347,SDC1,Cell Adhesion Molecules Cams,Cell Adhesion Molecules Cams
gene7348,OCLN,Cell Adhesion Molecules Cams,Cell Adhesion Molecules Cams
gene7349,PVR,Cell Adhesion Molecules Cams,Cell Adhesion Molecules Cams
gene7350,HLA-DRB1,Cell Adhesion Molecules Cams,Cell Adhesion Molecules Cams
gene7351,NECTIN2,Cell Adhesion Molecules Cams,Cell Adhesion Molecules Cams
gene7352,CDH1,Cell Adhesion Molecules Cams,Cell Adhesion Molecules Cams
gene7353,HLA-DRA,Cell Adhesion Molecules Cams,Cell Adhesion Molecules Cams
gene7354,NECTIN1,Cell Adhesion Molecules Cams,Cell Adhesion Molecules Cams
gene7355,HLA-DOA,Cell Adhesion Molecules Cams,Cell Adhesion Molecules Cams
gene7356,HLA-DOB,Cell Adhesion Molecules Cams,Cell Adhesion Molecules Cams
gene7357,CLDN10,Cell Adhesion Molecules Cams,Cell Adhesion Molecules Cams
gene7358,ICAM2,Cell Adhesion Molecules Cams,Cell Adhesion Molecules Cams
gene7359,ICAM3,Cell Adhesion Molecules Cams,Cell Adhesion Molecules Cams
gene7360,CLDN8,Cell Adhesion Molecules Cams,Cell Adhesion Molecules Cams
gene7361,CLDN2,Cell Adhesion Molecules Cams,Cell Adhesion Molecules Cams
gene7362,CLDN6,Cell Adhesion Molecules Cams,Cell Adhesion Molecules Cams
gene7363,CLDN5,Cell Adhesion Molecules Cams,Cell Adhesion Molecules Cams
gene7364,CLDN1,Cell Adhesion Molecules Cams,Cell Adhesion Molecules Cams
gene7365,ICAM1,Cell Adhesion Molecules Cams,Cell Adhesion Molecules Cams
gene7366,NEO1,Cell Adhesion Molecules Cams,Cell Adhesion Molecules Cams
gene7367,HLA-C,Cell Adhesion Molecules Cams,Cell Adhesion Molecules Cams
gene7368,HLA-B,Cell Adhesion Molecules Cams,Cell Adhesion Molecules Cams
gene7369,ESAM,Cell Adhesion Molecules Cams,Cell Adhesion Molecules Cams
gene7370,HLA-DMB,Cell Adhesion Molecules Cams,Cell Adhesion Molecules Cams
gene7371,HLA-DMA,Cell Adhesion Molecules Cams,Cell Adhesion Molecules Cams
gene7372,HLA-A,Cell Adhesion Molecules Cams,Cell Adhesion Molecules Cams
gene7373,F11R,Cell Adhesion Molecules Cams,Cell Adhesion Molecules Cams
gene7374,PDCD1,Cell Adhesion Molecules Cams,Cell Adhesion Molecules Cams
gene7375,CLDN19,Cell Adhesion Molecules Cams,Cell Adhesion Molecules Cams
gene7376,PTPRF,Cell Adhesion Molecules Cams,Cell Adhesion Molecules Cams
gene7377,CLDN15,Cell Adhesion Molecules Cams,Cell Adhesion Molecules Cams
gene7378,CD226,Cell Adhesion Molecules Cams,Cell Adhesion Molecules Cams
gene7379,CD99,Cell Adhesion Molecules Cams,Cell Adhesion Molecules Cams
gene7380,CLDN22,Cell Adhesion Molecules Cams,Cell Adhesion Molecules Cams
gene7381,CNTNAP2,Cell Adhesion Molecules Cams,Cell Adhesion Molecules Cams
gene7382,MPZ,Cell Adhesion Molecules Cams,Cell Adhesion Molecules Cams
gene7383,MPZL1,Cell Adhesion Molecules Cams,Cell Adhesion Molecules Cams
gene7384,PTPRC,Cell Adhesion Molecules Cams,Cell Adhesion Molecules Cams
gene7385,NECTIN3,Cell Adhesion Molecules Cams,Cell Adhesion Molecules Cams
gene7386,ITGA8,Cell Adhesion Molecules Cams,Cell Adhesion Molecules Cams
gene7387,NCAM2,Cell Adhesion Molecules Cams,Cell Adhesion Molecules Cams
gene7388,NCAM1,Cell Adhesion Molecules Cams,Cell Adhesion Molecules Cams
gene7389,CD58,Cell Adhesion Molecules Cams,Cell Adhesion Molecules Cams
gene7390,NEGR1,Cell Adhesion Molecules Cams,Cell Adhesion Molecules Cams
gene7391,CLDN11,Cell Adhesion Molecules Cams,Cell Adhesion Molecules Cams
gene7392,SDC3,Cell Adhesion Molecules Cams,Cell Adhesion Molecules Cams
gene7393,CLDN7,Cell Adhesion Molecules Cams,Cell Adhesion Molecules Cams
gene7394,CLDN4,Cell Adhesion Molecules Cams,Cell Adhesion Molecules Cams
gene7395,PTPRM,Cell Adhesion Molecules Cams,Cell Adhesion Molecules Cams
gene7396,CLDN3,Cell Adhesion Molecules Cams,Cell Adhesion Molecules Cams
gene7397,ITGA6,Cell Adhesion Molecules Cams,Cell Adhesion Molecules Cams
gene7398,CNTN2,Cell Adhesion Molecules Cams,Cell Adhesion Molecules Cams
gene7399,CD40LG,Cell Adhesion Molecules Cams,Cell Adhesion Molecules Cams
gene7400,CNTNAP1,Cell Adhesion Molecules Cams,Cell Adhesion Molecules Cams
gene7401,CD40,Cell Adhesion Molecules Cams,Cell Adhesion Molecules Cams
gene7402,GLG1,Cell Adhesion Molecules Cams,Cell Adhesion Molecules Cams
gene7403,CDH15,Cell Adhesion Molecules Cams,Cell Adhesion Molecules Cams
gene7404,CLDN14,Cell Adhesion Molecules Cams,Cell Adhesion Molecules Cams
gene7405,NLGN4X,Cell Adhesion Molecules Cams,Cell Adhesion Molecules Cams
gene7406,CLDN9,Cell Adhesion Molecules Cams,Cell Adhesion Molecules Cams
gene7407,AFDN,Adherens Junction,Adherens Junction
gene7408,SORBS1,Adherens Junction,Adherens Junction
gene7409,WAS,Adherens Junction,Adherens Junction
gene7410,SNAI2,Adherens Junction,Adherens Junction
gene7411,IGF1R,Adherens Junction,Adherens Junction
gene7412,RHOA,Adherens Junction,Adherens Junction
gene7413,CREBBP,Adherens Junction,Adherens Junction
gene7414,LEF1,Adherens Junction,Adherens Junction
gene7415,ACTN4,Adherens Junction,Adherens Junction
gene7416,PTPN6,Adherens Junction,Adherens Junction
gene7417,ACTN1,Adherens Junction,Adherens Junction
gene7418,SNAI1,Adherens Junction,Adherens Junction
gene7419,ERBB2,Adherens Junction,Adherens Junction
gene7420,WASF2,Adherens Junction,Adherens Junction
gene7421,RAC2,Adherens Junction,Adherens Junction
gene7422,PTPRJ,Adherens Junction,Adherens Junction
gene7423,WASL,Adherens Junction,Adherens Junction
gene7424,RAC3,Adherens Junction,Adherens Junction
gene7425,PTPRF,Adherens Junction,Adherens Junction
gene7426,WASF1,Adherens Junction,Adherens Junction
gene7427,MAP3K7,Adherens Junction,Adherens Junction
gene7428,FGFR1,Adherens Junction,Adherens Junction
gene7429,IQGAP1,Adherens Junction,Adherens Junction
gene7430,SMAD3,Adherens Junction,Adherens Junction
gene7431,MAPK3,Adherens Junction,Adherens Junction
gene7432,TCF7,Adherens Junction,Adherens Junction
gene7433,SMAD4,Adherens Junction,Adherens Junction
gene7434,ACTG1,Adherens Junction,Adherens Junction
gene7435,INSR,Adherens Junction,Adherens Junction
gene7436,WASF3,Adherens Junction,Adherens Junction
gene7437,CTNNA1,Adherens Junction,Adherens Junction
gene7438,PTPRB,Adherens Junction,Adherens Junction
gene7439,RAC1,Adherens Junction,Adherens Junction
gene7440,TCF7L2,Adherens Junction,Adherens Junction
gene7441,SMAD2,Adherens Junction,Adherens Junction
gene7442,MAPK1,Adherens Junction,Adherens Junction
gene7443,CSNK2A1,Adherens Junction,Adherens Junction
gene7444,NECTIN3,Adherens Junction,Adherens Junction
gene7445,CSNK2A2,Adherens Junction,Adherens Junction
gene7446,EP300,Adherens Junction,Adherens Junction
gene7447,EGFR,Adherens Junction,Adherens Junction
gene7448,VCL,Adherens Junction,Adherens Junction
gene7449,CTNNA2,Adherens Junction,Adherens Junction
gene7450,CTNNB1,Adherens Junction,Adherens Junction
gene7451,CTNND1,Adherens Junction,Adherens Junction
gene7452,FARP2,Adherens Junction,Adherens Junction
gene7453,CSNK2B,Adherens Junction,Adherens Junction
gene7454,TGFBR2,Adherens Junction,Adherens Junction
gene7455,PTPRM,Adherens Junction,Adherens Junction
gene7456,NECTIN4,Adherens Junction,Adherens Junction
gene7457,TGFBR1,Adherens Junction,Adherens Junction
gene7458,ACTB,Adherens Junction,Adherens Junction
gene7459,TJP1,Adherens Junction,Adherens Junction
gene7460,MET,Adherens Junction,Adherens Junction
gene7461,SSX2IP,Adherens Junction,Adherens Junction
gene7462,SRC,Adherens Junction,Adherens Junction
gene7463,NLK,Adherens Junction,Adherens Junction
gene7464,TCF7L1,Adherens Junction,Adherens Junction
gene7465,YES1,Adherens Junction,Adherens Junction
gene7466,FER,Adherens Junction,Adherens Junction
gene7467,BAIAP2,Adherens Junction,Adherens Junction
gene7468,CTNNA3,Adherens Junction,Adherens Junction
gene7469,LMO7,Adherens Junction,Adherens Junction
gene7470,FYN,Adherens Junction,Adherens Junction
gene7471,ACP1,Adherens Junction,Adherens Junction
gene7472,PTPN1,Adherens Junction,Adherens Junction
gene7473,PARD3,Adherens Junction,Adherens Junction
gene7474,CDC42,Adherens Junction,Adherens Junction
gene7475,ACTN2,Adherens Junction,Adherens Junction
gene7476,NECTIN2,Adherens Junction,Adherens Junction
gene7477,CDH1,Adherens Junction,Adherens Junction
gene7478,ACTN3,Adherens Junction,Adherens Junction
gene7479,NECTIN1,Adherens Junction,Adherens Junction
gene7480,PATJ,Tight Junction,Tight Junction
gene7481,JAM3,Tight Junction,Tight Junction
gene7482,AFDN,Tight Junction,Tight Junction
gene7483,YBX3,Tight Junction,Tight Junction
gene7484,PPP2R2D,Tight Junction,Tight Junction
gene7485,MAGI2,Tight Junction,Tight Junction
gene7486,PALS1,Tight Junction,Tight Junction
gene7487,TJP3,Tight Junction,Tight Junction
gene7488,MYH13,Tight Junction,Tight Junction
gene7489,MAP3K20,Tight Junction,Tight Junction
gene7490,EPB41L3,Tight Junction,Tight Junction
gene7491,MYH14,Tight Junction,Tight Junction
gene7492,RRAS2,Tight Junction,Tight Junction
gene7493,MYH1,Tight Junction,Tight Junction
gene7494,CTTN,Tight Junction,Tight Junction
gene7495,MYH15,Tight Junction,Tight Junction
gene7496,MYL7,Tight Junction,Tight Junction
gene7497,CRB3,Tight Junction,Tight Junction
gene7498,CLDN20,Tight Junction,Tight Junction
gene7499,AKT1,Tight Junction,Tight Junction
gene7500,AKT2,Tight Junction,Tight Junction
gene7501,MYL12A,Tight Junction,Tight Junction
gene7502,AKT3,Tight Junction,Tight Junction
gene7503,NRAS,Tight Junction,Tight Junction
gene7504,EXOC3,Tight Junction,Tight Junction
gene7505,CTNNA1,Tight Junction,Tight Junction
gene7506,JAM2,Tight Junction,Tight Junction
gene7507,CSNK2A1,Tight Junction,Tight Junction
gene7508,CLDN18,Tight Junction,Tight Junction
gene7509,LLGL1,Tight Junction,Tight Junction
gene7510,LLGL2,Tight Junction,Tight Junction
gene7511,CSNK2A2,Tight Junction,Tight Junction
gene7512,KRAS,Tight Junction,Tight Junction
gene7513,CLDN17,Tight Junction,Tight Junction
gene7514,PARD6B,Tight Junction,Tight Junction
gene7515,MAGI1,Tight Junction,Tight Junction
gene7516,GNAI1,Tight Junction,Tight Junction
gene7517,GNAI2,Tight Junction,Tight Junction
gene7518,MYL2,Tight Junction,Tight Junction
gene7519,VAPA,Tight Junction,Tight Junction
gene7520,MYL5,Tight Junction,Tight Junction
gene7521,CSNK2B,Tight Junction,Tight Junction
gene7522,SYMPK,Tight Junction,Tight Junction
gene7523,MYL10,Tight Junction,Tight Junction
gene7524,IGSF5,Tight Junction,Tight Junction
gene7525,ASH1L,Tight Junction,Tight Junction
gene7526,YES1,Tight Junction,Tight Junction
gene7527,MAGI3,Tight Junction,Tight Junction
gene7528,GNAI3,Tight Junction,Tight Junction
gene7529,CLDN16,Tight Junction,Tight Junction
gene7530,CLDN23,Tight Junction,Tight Junction
gene7531,MYH3,Tight Junction,Tight Junction
gene7532,MYH2,Tight Junction,Tight Junction
gene7533,MYH4,Tight Junction,Tight Junction
gene7534,MYH7,Tight Junction,Tight Junction
gene7535,MYH6,Tight Junction,Tight Junction
gene7536,MYH9,Tight Junction,Tight Junction
gene7537,MYH8,Tight Junction,Tight Junction
gene7538,MYH11,Tight Junction,Tight Junction
gene7539,MYH10,Tight Junction,Tight Junction
gene7540,OCLN,Tight Junction,Tight Junction
gene7541,CDC42,Tight Junction,Tight Junction
gene7542,ACTN2,Tight Junction,Tight Junction
gene7543,ACTN3,Tight Junction,Tight Junction
gene7544,PARD6A,Tight Junction,Tight Junction
gene7545,PRKCB,Tight Junction,Tight Junction
gene7546,PRKCA,Tight Junction,Tight Junction
gene7547,CLDN10,Tight Junction,Tight Junction
gene7548,CASK,Tight Junction,Tight Junction
gene7549,CLDN8,Tight Junction,Tight Junction
gene7550,CLDN2,Tight Junction,Tight Junction
gene7551,CGN,Tight Junction,Tight Junction
gene7552,CLDN6,Tight Junction,Tight Junction
gene7553,MYL9,Tight Junction,Tight Junction
gene7554,TJP2,Tight Junction,Tight Junction
gene7555,CLDN5,Tight Junction,Tight Junction
gene7556,CLDN1,Tight Junction,Tight Junction
gene7557,RHOA,Tight Junction,Tight Junction
gene7558,MPDZ,Tight Junction,Tight Junction
gene7559,PRKCI,Tight Junction,Tight Junction
gene7560,ACTN4,Tight Junction,Tight Junction
gene7561,PRKCG,Tight Junction,Tight Junction
gene7562,ACTN1,Tight Junction,Tight Junction
gene7563,PRKCH,Tight Junction,Tight Junction
gene7564,MYLPF,Tight Junction,Tight Junction
gene7565,PRKCD,Tight Junction,Tight Junction
gene7566,F11R,Tight Junction,Tight Junction
gene7567,PRKCE,Tight Junction,Tight Junction
gene7568,CLDN19,Tight Junction,Tight Junction
gene7569,PRKCQ,Tight Junction,Tight Junction
gene7570,CLDN15,Tight Junction,Tight Junction
gene7571,PRKCZ,Tight Junction,Tight Junction
gene7572,CLDN22,Tight Junction,Tight Junction
gene7573,ACTG1,Tight Junction,Tight Junction
gene7574,RAB13,Tight Junction,Tight Junction
gene7575,HRAS,Tight Junction,Tight Junction
gene7576,CTNNA2,Tight Junction,Tight Junction
gene7577,PARD6G,Tight Junction,Tight Junction
gene7578,TJAP1,Tight Junction,Tight Junction
gene7579,SPTAN1,Tight Junction,Tight Junction
gene7580,PPP2R2A,Tight Junction,Tight Junction
gene7581,CTNNB1,Tight Junction,Tight Junction
gene7582,PPP2R2B,Tight Junction,Tight Junction
gene7583,RRAS,Tight Junction,Tight Junction
gene7584,CLDN11,Tight Junction,Tight Junction
gene7585,PPP2CB,Tight Junction,Tight Junction
gene7586,PPP2CA,Tight Junction,Tight Junction
gene7587,PPP2R1A,Tight Junction,Tight Junction
gene7588,CLDN7,Tight Junction,Tight Junction
gene7589,MYL12B,Tight Junction,Tight Junction
gene7590,PPP2R1B,Tight Junction,Tight Junction
gene7591,MRAS,Tight Junction,Tight Junction
gene7592,CLDN4,Tight Junction,Tight Junction
gene7593,EXOC4,Tight Junction,Tight Junction
gene7594,CLDN3,Tight Junction,Tight Junction
gene7595,RAB3B,Tight Junction,Tight Junction
gene7596,ACTB,Tight Junction,Tight Junction
gene7597,TJP1,Tight Junction,Tight Junction
gene7598,SRC,Tight Junction,Tight Junction
gene7599,PTEN,Tight Junction,Tight Junction
gene7600,MYH7B,Tight Junction,Tight Junction
gene7601,HCLS1,Tight Junction,Tight Junction
gene7602,CDK4,Tight Junction,Tight Junction
gene7603,AMOTL1,Tight Junction,Tight Junction
gene7604,CLDN14,Tight Junction,Tight Junction
gene7605,CLDN9,Tight Junction,Tight Junction
gene7606,PPP2R2C,Tight Junction,Tight Junction
gene7607,CTNNA3,Tight Junction,Tight Junction
gene7608,EPB41L2,Tight Junction,Tight Junction
gene7609,EPB41L1,Tight Junction,Tight Junction
gene7610,EPB41,Tight Junction,Tight Junction
gene7611,PARD3,Tight Junction,Tight Junction
gene7612,PLCB2,Gap Junction,Gap Junction
gene7613,GRM5,Gap Junction,Gap Junction
gene7614,SOS2,Gap Junction,Gap Junction
gene7615,ADCY8,Gap Junction,Gap Junction
gene7616,PLCB1,Gap Junction,Gap Junction
gene7617,ADCY9,Gap Junction,Gap Junction
gene7618,ADCY6,Gap Junction,Gap Junction
gene7619,TUBA1A,Gap Junction,Gap Junction
gene7620,RAF1,Gap Junction,Gap Junction
gene7621,PRKCB,Gap Junction,Gap Junction
gene7622,ADCY7,Gap Junction,Gap Junction
gene7623,PRKCA,Gap Junction,Gap Junction
gene7624,PLCB3,Gap Junction,Gap Junction
gene7625,PLCB4,Gap Junction,Gap Junction
gene7626,ADCY5,Gap Junction,Gap Junction
gene7627,GRM1,Gap Junction,Gap Junction
gene7628,CDK1,Gap Junction,Gap Junction
gene7629,PDGFD,Gap Junction,Gap Junction
gene7630,TUBB4A,Gap Junction,Gap Junction
gene7631,ADRB1,Gap Junction,Gap Junction
gene7632,TUBB4B,Gap Junction,Gap Junction
gene7633,TUBB3,Gap Junction,Gap Junction
gene7634,PRKCG,Gap Junction,Gap Junction
gene7635,PDGFRB,Gap Junction,Gap Junction
gene7636,TUBB2A,Gap Junction,Gap Junction
gene7637,MAP2K2,Gap Junction,Gap Junction
gene7638,ITPR3,Gap Junction,Gap Junction
gene7639,MAP2K1,Gap Junction,Gap Junction
gene7640,MAP2K5,Gap Junction,Gap Junction
gene7641,LPAR1,Gap Junction,Gap Junction
gene7642,ADCY4,Gap Junction,Gap Junction
gene7643,TUBA1B,Gap Junction,Gap Junction
gene7644,NRAS,Gap Junction,Gap Junction
gene7645,GRB2,Gap Junction,Gap Junction
gene7646,MAPK3,Gap Junction,Gap Junction
gene7647,DRD1,Gap Junction,Gap Junction
gene7648,GUCY1B1,Gap Junction,Gap Junction
gene7649,DRD2,Gap Junction,Gap Junction
gene7650,MAPK7,Gap Junction,Gap Junction
gene7651,GUCY1A1,Gap Junction,Gap Junction
gene7652,PRKG1,Gap Junction,Gap Junction
gene7653,SOS1,Gap Junction,Gap Junction
gene7654,TUBB7P,Gap Junction,Gap Junction
gene7655,PRKG2,Gap Junction,Gap Junction
gene7656,MAPK1,Gap Junction,Gap Junction
gene7657,TUBA3D,Gap Junction,Gap Junction
gene7658,HRAS,Gap Junction,Gap Junction
gene7659,GJD2,Gap Junction,Gap Junction
gene7660,CSNK1D,Gap Junction,Gap Junction
gene7661,EGFR,Gap Junction,Gap Junction
gene7662,TUBB2B,Gap Junction,Gap Junction
gene7663,ITPR1,Gap Junction,Gap Junction
gene7664,ITPR2,Gap Junction,Gap Junction
gene7665,PDGFC,Gap Junction,Gap Junction
gene7666,TUBAL3,Gap Junction,Gap Junction
gene7667,GNA11,Gap Junction,Gap Junction
gene7668,KRAS,Gap Junction,Gap Junction
gene7669,EGF,Gap Junction,Gap Junction
gene7670,PRKX,Gap Junction,Gap Junction
gene7671,GJA1,Gap Junction,Gap Junction
gene7672,GNAI1,Gap Junction,Gap Junction
gene7673,HTR2A,Gap Junction,Gap Junction
gene7674,TUBA3C,Gap Junction,Gap Junction
gene7675,GNAI2,Gap Junction,Gap Junction
gene7676,GUCY1A2,Gap Junction,Gap Junction
gene7677,HTR2C,Gap Junction,Gap Junction
gene7678,HTR2B,Gap Junction,Gap Junction
gene7679,TUBB8,Gap Junction,Gap Junction
gene7680,TUBA8,Gap Junction,Gap Junction
gene7681,ADCY3,Gap Junction,Gap Junction
gene7682,TUBA4A,Gap Junction,Gap Junction
gene7683,ADCY2,Gap Junction,Gap Junction
gene7684,ADCY1,Gap Junction,Gap Junction
gene7685,TUBA1C,Gap Junction,Gap Junction
gene7686,TJP1,Gap Junction,Gap Junction
gene7687,TUBB1,Gap Junction,Gap Junction
gene7688,SRC,Gap Junction,Gap Junction
gene7689,PDGFA,Gap Junction,Gap Junction
gene7690,PDGFB,Gap Junction,Gap Junction
gene7691,PDGFRA,Gap Junction,Gap Junction
gene7692,PRKACA,Gap Junction,Gap Junction
gene7693,PRKACB,Gap Junction,Gap Junction
gene7694,GNAQ,Gap Junction,Gap Junction
gene7695,PRKACG,Gap Junction,Gap Junction
gene7696,GNAS,Gap Junction,Gap Junction
gene7697,GNAI3,Gap Junction,Gap Junction
gene7698,TUBB6,Gap Junction,Gap Junction
gene7699,TUBB,Gap Junction,Gap Junction
gene7700,MAP3K2,Gap Junction,Gap Junction
gene7701,TUBA3E,Gap Junction,Gap Junction
gene7702,F2,Complement And Coagulation Cascades,Complement And Coagulation Cascades
gene7703,F2R,Complement And Coagulation Cascades,Complement And Coagulation Cascades
gene7704,VWF,Complement And Coagulation Cascades,Complement And Coagulation Cascades
gene7705,KNG1,Complement And Coagulation Cascades,Complement And Coagulation Cascades
gene7706,FGB,Complement And Coagulation Cascades,Complement And Coagulation Cascades
gene7707,PLAT,Complement And Coagulation Cascades,Complement And Coagulation Cascades
gene7708,SERPIND1,Complement And Coagulation Cascades,Complement And Coagulation Cascades
gene7709,MBL2,Complement And Coagulation Cascades,Complement And Coagulation Cascades
gene7710,F3,Complement And Coagulation Cascades,Complement And Coagulation Cascades
gene7711,F5,Complement And Coagulation Cascades,Complement And Coagulation Cascades
gene7712,SERPINA1,Complement And Coagulation Cascades,Complement And Coagulation Cascades
gene7713,PLAUR,Complement And Coagulation Cascades,Complement And Coagulation Cascades
gene7714,F7,Complement And Coagulation Cascades,Complement And Coagulation Cascades
gene7715,PLAU,Complement And Coagulation Cascades,Complement And Coagulation Cascades
gene7716,F10,Complement And Coagulation Cascades,Complement And Coagulation Cascades
gene7717,F9,Complement And Coagulation Cascades,Complement And Coagulation Cascades
gene7718,TFPI,Complement And Coagulation Cascades,Complement And Coagulation Cascades
gene7719,F8,Complement And Coagulation Cascades,Complement And Coagulation Cascades
gene7720,KLKB1,Complement And Coagulation Cascades,Complement And Coagulation Cascades
gene7721,CR2,Complement And Coagulation Cascades,Complement And Coagulation Cascades
gene7722,MASP1,Complement And Coagulation Cascades,Complement And Coagulation Cascades
gene7723,C9,Complement And Coagulation Cascades,Complement And Coagulation Cascades
gene7724,A2M,Complement And Coagulation Cascades,Complement And Coagulation Cascades
gene7725,CR1,Complement And Coagulation Cascades,Complement And Coagulation Cascades
gene7726,F12,Complement And Coagulation Cascades,Complement And Coagulation Cascades
gene7727,F13A1,Complement And Coagulation Cascades,Complement And Coagulation Cascades
gene7728,F11,Complement And Coagulation Cascades,Complement And Coagulation Cascades
gene7729,C8A,Complement And Coagulation Cascades,Complement And Coagulation Cascades
gene7730,F13B,Complement And Coagulation Cascades,Complement And Coagulation Cascades
gene7731,C7,Complement And Coagulation Cascades,Complement And Coagulation Cascades
gene7732,C8G,Complement And Coagulation Cascades,Complement And Coagulation Cascades
gene7733,C8B,Complement And Coagulation Cascades,Complement And Coagulation Cascades
gene7734,CD59,Complement And Coagulation Cascades,Complement And Coagulation Cascades
gene7735,SERPINA5,Complement And Coagulation Cascades,Complement And Coagulation Cascades
gene7736,FGG,Complement And Coagulation Cascades,Complement And Coagulation Cascades
gene7737,CD55,Complement And Coagulation Cascades,Complement And Coagulation Cascades
gene7738,C6,Complement And Coagulation Cascades,Complement And Coagulation Cascades
gene7739,C5AR1,Complement And Coagulation Cascades,Complement And Coagulation Cascades
gene7740,C5,Complement And Coagulation Cascades,Complement And Coagulation Cascades
gene7741,BDKRB1,Complement And Coagulation Cascades,Complement And Coagulation Cascades
gene7742,C4BPB,Complement And Coagulation Cascades,Complement And Coagulation Cascades
gene7743,C4BPA,Complement And Coagulation Cascades,Complement And Coagulation Cascades
gene7744,C4B,Complement And Coagulation Cascades,Complement And Coagulation Cascades
gene7745,C4A,Complement And Coagulation Cascades,Complement And Coagulation Cascades
gene7746,BDKRB2,Complement And Coagulation Cascades,Complement And Coagulation Cascades
gene7747,CFH,Complement And Coagulation Cascades,Complement And Coagulation Cascades
gene7748,CFB,Complement And Coagulation Cascades,Complement And Coagulation Cascades
gene7749,CPB2,Complement And Coagulation Cascades,Complement And Coagulation Cascades
gene7750,CD46,Complement And Coagulation Cascades,Complement And Coagulation Cascades
gene7751,PROS1,Complement And Coagulation Cascades,Complement And Coagulation Cascades
gene7752,SERPINF2,Complement And Coagulation Cascades,Complement And Coagulation Cascades
gene7753,PROC,Complement And Coagulation Cascades,Complement And Coagulation Cascades
gene7754,FGA,Complement And Coagulation Cascades,Complement And Coagulation Cascades
gene7755,SERPINE1,Complement And Coagulation Cascades,Complement And Coagulation Cascades
gene7756,PLG,Complement And Coagulation Cascades,Complement And Coagulation Cascades
gene7757,C2,Complement And Coagulation Cascades,Complement And Coagulation Cascades
gene7758,SERPINC1,Complement And Coagulation Cascades,Complement And Coagulation Cascades
gene7759,C1S,Complement And Coagulation Cascades,Complement And Coagulation Cascades
gene7760,C3AR1,Complement And Coagulation Cascades,Complement And Coagulation Cascades
gene7761,C3,Complement And Coagulation Cascades,Complement And Coagulation Cascades
gene7762,C1QB,Complement And Coagulation Cascades,Complement And Coagulation Cascades
gene7763,CFD,Complement And Coagulation Cascades,Complement And Coagulation Cascades
gene7764,C1QA,Complement And Coagulation Cascades,Complement And Coagulation Cascades
gene7765,C1R,Complement And Coagulation Cascades,Complement And Coagulation Cascades
gene7766,C1QC,Complement And Coagulation Cascades,Complement And Coagulation Cascades
gene7767,CFI,Complement And Coagulation Cascades,Complement And Coagulation Cascades
gene7768,SERPING1,Complement And Coagulation Cascades,Complement And Coagulation Cascades
gene7769,MASP2,Complement And Coagulation Cascades,Complement And Coagulation Cascades
gene7770,THBD,Complement And Coagulation Cascades,Complement And Coagulation Cascades
gene7771,HLA-DOA,Antigen Processing And Presentation,Antigen Processing And Presentation
gene7772,HLA-DOB,Antigen Processing And Presentation,Antigen Processing And Presentation
gene7773,KLRC3,Antigen Processing And Presentation,Antigen Processing And Presentation
gene7774,KLRD1,Antigen Processing And Presentation,Antigen Processing And Presentation
gene7775,KLRC1,Antigen Processing And Presentation,Antigen Processing And Presentation
gene7776,KLRC2,Antigen Processing And Presentation,Antigen Processing And Presentation
gene7777,RFXAP,Antigen Processing And Presentation,Antigen Processing And Presentation
gene7778,RFX5,Antigen Processing And Presentation,Antigen Processing And Presentation
gene7779,IFNA5,Antigen Processing And Presentation,Antigen Processing And Presentation
gene7780,IFNA4,Antigen Processing And Presentation,Antigen Processing And Presentation
gene7781,IFNA2,Antigen Processing And Presentation,Antigen Processing And Presentation
gene7782,IFNA1,Antigen Processing And Presentation,Antigen Processing And Presentation
gene7783,LGMN,Antigen Processing And Presentation,Antigen Processing And Presentation
gene7784,PSME3,Antigen Processing And Presentation,Antigen Processing And Presentation
gene7785,CTSS,Antigen Processing And Presentation,Antigen Processing And Presentation
gene7786,HLA-C,Antigen Processing And Presentation,Antigen Processing And Presentation
gene7787,HLA-B,Antigen Processing And Presentation,Antigen Processing And Presentation
gene7788,HLA-DMB,Antigen Processing And Presentation,Antigen Processing And Presentation
gene7789,HLA-DMA,Antigen Processing And Presentation,Antigen Processing And Presentation
gene7790,HLA-A,Antigen Processing And Presentation,Antigen Processing And Presentation
gene7791,HSPA1L,Antigen Processing And Presentation,Antigen Processing And Presentation
gene7792,HSPA1B,Antigen Processing And Presentation,Antigen Processing And Presentation
gene7793,HSPA2,Antigen Processing And Presentation,Antigen Processing And Presentation
gene7794,KIR2DS5,Antigen Processing And Presentation,Antigen Processing And Presentation
gene7795,HLA-G,Antigen Processing And Presentation,Antigen Processing And Presentation
gene7796,KIR3DL1,Antigen Processing And Presentation,Antigen Processing And Presentation
gene7797,KIR3DL2,Antigen Processing And Presentation,Antigen Processing And Presentation
gene7798,HSPA1A,Antigen Processing And Presentation,Antigen Processing And Presentation
gene7799,RFXANK,Antigen Processing And Presentation,Antigen Processing And Presentation
gene7800,CREB1,Antigen Processing And Presentation,Antigen Processing And Presentation
gene7801,IFNA17,Antigen Processing And Presentation,Antigen Processing And Presentation
gene7802,HSPA5,Antigen Processing And Presentation,Antigen Processing And Presentation
gene7803,CD74,Antigen Processing And Presentation,Antigen Processing And Presentation
gene7804,HSPA4,Antigen Processing And Presentation,Antigen Processing And Presentation
gene7805,IFNA21,Antigen Processing And Presentation,Antigen Processing And Presentation
gene7806,CTSL,Antigen Processing And Presentation,Antigen Processing And Presentation
gene7807,IFNA6,Antigen Processing And Presentation,Antigen Processing And Presentation
gene7808,IFI30,Antigen Processing And Presentation,Antigen Processing And Presentation
gene7809,IFNA7,Antigen Processing And Presentation,Antigen Processing And Presentation
gene7810,IFNA8,Antigen Processing And Presentation,Antigen Processing And Presentation
gene7811,IFNA10,Antigen Processing And Presentation,Antigen Processing And Presentation
gene7812,IFNA13,Antigen Processing And Presentation,Antigen Processing And Presentation
gene7813,CIITA,Antigen Processing And Presentation,Antigen Processing And Presentation
gene7814,IFNA14,Antigen Processing And Presentation,Antigen Processing And Presentation
gene7815,IFNA16,Antigen Processing And Presentation,Antigen Processing And Presentation
gene7816,KIR2DL5A,Antigen Processing And Presentation,Antigen Processing And Presentation
gene7817,HSPA6,Antigen Processing And Presentation,Antigen Processing And Presentation
gene7818,HLA-DRB4,Antigen Processing And Presentation,Antigen Processing And Presentation
gene7819,CD4,Antigen Processing And Presentation,Antigen Processing And Presentation
gene7820,KIR2DL1,Antigen Processing And Presentation,Antigen Processing And Presentation
gene7821,HLA-DRB5,Antigen Processing And Presentation,Antigen Processing And Presentation
gene7822,LTA,Antigen Processing And Presentation,Antigen Processing And Presentation
gene7823,KIR3DL3,Antigen Processing And Presentation,Antigen Processing And Presentation
gene7824,HLA-DRB3,Antigen Processing And Presentation,Antigen Processing And Presentation
gene7825,TAP2,Antigen Processing And Presentation,Antigen Processing And Presentation
gene7826,KIR2DS4,Antigen Processing And Presentation,Antigen Processing And Presentation
gene7827,TAPBP,Antigen Processing And Presentation,Antigen Processing And Presentation
gene7828,CD8A,Antigen Processing And Presentation,Antigen Processing And Presentation
gene7829,CD8B,Antigen Processing And Presentation,Antigen Processing And Presentation
gene7830,TAP1,Antigen Processing And Presentation,Antigen Processing And Presentation
gene7831,KIR2DS3,Antigen Processing And Presentation,Antigen Processing And Presentation
gene7832,HSPA8,Antigen Processing And Presentation,Antigen Processing And Presentation
gene7833,KIR2DL4,Antigen Processing And Presentation,Antigen Processing And Presentation
gene7834,CANX,Antigen Processing And Presentation,Antigen Processing And Presentation
gene7835,KIR2DS1,Antigen Processing And Presentation,Antigen Processing And Presentation
gene7836,KIR2DL2,Antigen Processing And Presentation,Antigen Processing And Presentation
gene7837,KIR2DL3,Antigen Processing And Presentation,Antigen Processing And Presentation
gene7838,KLRC4,Antigen Processing And Presentation,Antigen Processing And Presentation
gene7839,NFYC,Antigen Processing And Presentation,Antigen Processing And Presentation
gene7840,HSP90AA1,Antigen Processing And Presentation,Antigen Processing And Presentation
gene7841,NFYA,Antigen Processing And Presentation,Antigen Processing And Presentation
gene7842,NFYB,Antigen Processing And Presentation,Antigen Processing And Presentation
gene7843,HLA-F,Antigen Processing And Presentation,Antigen Processing And Presentation
gene7844,CTSB,Antigen Processing And Presentation,Antigen Processing And Presentation
gene7845,HLA-E,Antigen Processing And Presentation,Antigen Processing And Presentation
gene7846,CALR,Antigen Processing And Presentation,Antigen Processing And Presentation
gene7847,HLA-DPA1,Antigen Processing And Presentation,Antigen Processing And Presentation
gene7848,HLA-DPB1,Antigen Processing And Presentation,Antigen Processing And Presentation
gene7849,HLA-DQA1,Antigen Processing And Presentation,Antigen Processing And Presentation
gene7850,PDIA3,Antigen Processing And Presentation,Antigen Processing And Presentation
gene7851,HLA-DQA2,Antigen Processing And Presentation,Antigen Processing And Presentation
gene7852,HLA-DQB1,Antigen Processing And Presentation,Antigen Processing And Presentation
gene7853,PSME1,Antigen Processing And Presentation,Antigen Processing And Presentation
gene7854,PSME2,Antigen Processing And Presentation,Antigen Processing And Presentation
gene7855,HSP90AB1,Antigen Processing And Presentation,Antigen Processing And Presentation
gene7856,B2M,Antigen Processing And Presentation,Antigen Processing And Presentation
gene7857,HLA-DRB1,Antigen Processing And Presentation,Antigen Processing And Presentation
gene7858,HLA-DRA,Antigen Processing And Presentation,Antigen Processing And Presentation
gene7859,JUN,Toll Like Receptor Signaling Pathway,Toll Like Receptor Signaling Pathway
gene7860,CD80,Toll Like Receptor Signaling Pathway,Toll Like Receptor Signaling Pathway
gene7861,CD86,Toll Like Receptor Signaling Pathway,Toll Like Receptor Signaling Pathway
gene7862,STAT1,Toll Like Receptor Signaling Pathway,Toll Like Receptor Signaling Pathway
gene7863,TLR9,Toll Like Receptor Signaling Pathway,Toll Like Receptor Signaling Pathway
gene7864,CCL3,Toll Like Receptor Signaling Pathway,Toll Like Receptor Signaling Pathway
gene7865,MYD88,Toll Like Receptor Signaling Pathway,Toll Like Receptor Signaling Pathway
gene7866,CCL5,Toll Like Receptor Signaling Pathway,Toll Like Receptor Signaling Pathway
gene7867,MAP2K4,Toll Like Receptor Signaling Pathway,Toll Like Receptor Signaling Pathway
gene7868,CCL4,Toll Like Receptor Signaling Pathway,Toll Like Receptor Signaling Pathway
gene7869,LBP,Toll Like Receptor Signaling Pathway,Toll Like Receptor Signaling Pathway
gene7870,RIPK1,Toll Like Receptor Signaling Pathway,Toll Like Receptor Signaling Pathway
gene7871,TLR6,Toll Like Receptor Signaling Pathway,Toll Like Receptor Signaling Pathway
gene7872,IKBKB,Toll Like Receptor Signaling Pathway,Toll Like Receptor Signaling Pathway
gene7873,LY96,Toll Like Receptor Signaling Pathway,Toll Like Receptor Signaling Pathway
gene7874,MAP3K8,Toll Like Receptor Signaling Pathway,Toll Like Receptor Signaling Pathway
gene7875,MAP3K7,Toll Like Receptor Signaling Pathway,Toll Like Receptor Signaling Pathway
gene7876,AKT1,Toll Like Receptor Signaling Pathway,Toll Like Receptor Signaling Pathway
gene7877,AKT2,Toll Like Receptor Signaling Pathway,Toll Like Receptor Signaling Pathway
gene7878,CD14,Toll Like Receptor Signaling Pathway,Toll Like Receptor Signaling Pathway
gene7879,CTSK,Toll Like Receptor Signaling Pathway,Toll Like Receptor Signaling Pathway
gene7880,AKT3,Toll Like Receptor Signaling Pathway,Toll Like Receptor Signaling Pathway
gene7881,SPP1,Toll Like Receptor Signaling Pathway,Toll Like Receptor Signaling Pathway
gene7882,IKBKE,Toll Like Receptor Signaling Pathway,Toll Like Receptor Signaling Pathway
gene7883,NFKB1,Toll Like Receptor Signaling Pathway,Toll Like Receptor Signaling Pathway
gene7884,NFKBIA,Toll Like Receptor Signaling Pathway,Toll Like Receptor Signaling Pathway
gene7885,PIK3R5,Toll Like Receptor Signaling Pathway,Toll Like Receptor Signaling Pathway
gene7886,TLR5,Toll Like Receptor Signaling Pathway,Toll Like Receptor Signaling Pathway
gene7887,TIRAP,Toll Like Receptor Signaling Pathway,Toll Like Receptor Signaling Pathway
gene7888,MAPK14,Toll Like Receptor Signaling Pathway,Toll Like Receptor Signaling Pathway
gene7889,MAPK12,Toll Like Receptor Signaling Pathway,Toll Like Receptor Signaling Pathway
gene7890,RELA,Toll Like Receptor Signaling Pathway,Toll Like Receptor Signaling Pathway
gene7891,TRAF6,Toll Like Receptor Signaling Pathway,Toll Like Receptor Signaling Pathway
gene7892,TRAF3,Toll Like Receptor Signaling Pathway,Toll Like Receptor Signaling Pathway
gene7893,TOLLIP,Toll Like Receptor Signaling Pathway,Toll Like Receptor Signaling Pathway
gene7894,CXCL11,Toll Like Receptor Signaling Pathway,Toll Like Receptor Signaling Pathway
gene7895,TAB2,Toll Like Receptor Signaling Pathway,Toll Like Receptor Signaling Pathway
gene7896,TLR7,Toll Like Receptor Signaling Pathway,Toll Like Receptor Signaling Pathway
gene7897,TLR8,Toll Like Receptor Signaling Pathway,Toll Like Receptor Signaling Pathway
gene7898,CXCL10,Toll Like Receptor Signaling Pathway,Toll Like Receptor Signaling Pathway
gene7899,CASP8,Toll Like Receptor Signaling Pathway,Toll Like Receptor Signaling Pathway
gene7900,TICAM1,Toll Like Receptor Signaling Pathway,Toll Like Receptor Signaling Pathway
gene7901,CHUK,Toll Like Receptor Signaling Pathway,Toll Like Receptor Signaling Pathway
gene7902,TNF,Toll Like Receptor Signaling Pathway,Toll Like Receptor Signaling Pathway
gene7903,IFNA5,Toll Like Receptor Signaling Pathway,Toll Like Receptor Signaling Pathway
gene7904,IFNA4,Toll Like Receptor Signaling Pathway,Toll Like Receptor Signaling Pathway
gene7905,IFNA2,Toll Like Receptor Signaling Pathway,Toll Like Receptor Signaling Pathway
gene7906,FADD,Toll Like Receptor Signaling Pathway,Toll Like Receptor Signaling Pathway
gene7907,IFNA1,Toll Like Receptor Signaling Pathway,Toll Like Receptor Signaling Pathway
gene7908,IRAK4,Toll Like Receptor Signaling Pathway,Toll Like Receptor Signaling Pathway
gene7909,CXCL8,Toll Like Receptor Signaling Pathway,Toll Like Receptor Signaling Pathway
gene7910,MAPK9,Toll Like Receptor Signaling Pathway,Toll Like Receptor Signaling Pathway
gene7911,IL12B,Toll Like Receptor Signaling Pathway,Toll Like Receptor Signaling Pathway
gene7912,MAPK10,Toll Like Receptor Signaling Pathway,Toll Like Receptor Signaling Pathway
gene7913,MAPK11,Toll Like Receptor Signaling Pathway,Toll Like Receptor Signaling Pathway
gene7914,MAP2K2,Toll Like Receptor Signaling Pathway,Toll Like Receptor Signaling Pathway
gene7915,MAP2K3,Toll Like Receptor Signaling Pathway,Toll Like Receptor Signaling Pathway
gene7916,IL12A,Toll Like Receptor Signaling Pathway,Toll Like Receptor Signaling Pathway
gene7917,MAPK13,Toll Like Receptor Signaling Pathway,Toll Like Receptor Signaling Pathway
gene7918,MAP2K1,Toll Like Receptor Signaling Pathway,Toll Like Receptor Signaling Pathway
gene7919,MAP2K7,Toll Like Receptor Signaling Pathway,Toll Like Receptor Signaling Pathway
gene7920,MAP2K6,Toll Like Receptor Signaling Pathway,Toll Like Receptor Signaling Pathway
gene7921,IFNA17,Toll Like Receptor Signaling Pathway,Toll Like Receptor Signaling Pathway
gene7922,IFNA21,Toll Like Receptor Signaling Pathway,Toll Like Receptor Signaling Pathway
gene7923,IFNA6,Toll Like Receptor Signaling Pathway,Toll Like Receptor Signaling Pathway
gene7924,IFNA7,Toll Like Receptor Signaling Pathway,Toll Like Receptor Signaling Pathway
gene7925,IFNA8,Toll Like Receptor Signaling Pathway,Toll Like Receptor Signaling Pathway
gene7926,IFNA10,Toll Like Receptor Signaling Pathway,Toll Like Receptor Signaling Pathway
gene7927,IFNA13,Toll Like Receptor Signaling Pathway,Toll Like Receptor Signaling Pathway
gene7928,IFNA14,Toll Like Receptor Signaling Pathway,Toll Like Receptor Signaling Pathway
gene7929,IFNA16,Toll Like Receptor Signaling Pathway,Toll Like Receptor Signaling Pathway
gene7930,MAPK3,Toll Like Receptor Signaling Pathway,Toll Like Receptor Signaling Pathway
gene7931,RAC1,Toll Like Receptor Signaling Pathway,Toll Like Receptor Signaling Pathway
gene7932,MAPK1,Toll Like Receptor Signaling Pathway,Toll Like Receptor Signaling Pathway
gene7933,IRF3,Toll Like Receptor Signaling Pathway,Toll Like Receptor Signaling Pathway
gene7934,IKBKG,Toll Like Receptor Signaling Pathway,Toll Like Receptor Signaling Pathway
gene7935,MAPK8,Toll Like Receptor Signaling Pathway,Toll Like Receptor Signaling Pathway
gene7936,IFNB1,Toll Like Receptor Signaling Pathway,Toll Like Receptor Signaling Pathway
gene7937,IFNAR1,Toll Like Receptor Signaling Pathway,Toll Like Receptor Signaling Pathway
gene7938,IFNAR2,Toll Like Receptor Signaling Pathway,Toll Like Receptor Signaling Pathway
gene7939,TICAM2,Toll Like Receptor Signaling Pathway,Toll Like Receptor Signaling Pathway
gene7940,IL1B,Toll Like Receptor Signaling Pathway,Toll Like Receptor Signaling Pathway
gene7941,IRAK1,Toll Like Receptor Signaling Pathway,Toll Like Receptor Signaling Pathway
gene7942,CD40,Toll Like Receptor Signaling Pathway,Toll Like Receptor Signaling Pathway
gene7943,PIK3R3,Toll Like Receptor Signaling Pathway,Toll Like Receptor Signaling Pathway
gene7944,TBK1,Toll Like Receptor Signaling Pathway,Toll Like Receptor Signaling Pathway
gene7945,PIK3CA,Toll Like Receptor Signaling Pathway,Toll Like Receptor Signaling Pathway
gene7946,CXCL9,Toll Like Receptor Signaling Pathway,Toll Like Receptor Signaling Pathway
gene7947,PIK3CB,Toll Like Receptor Signaling Pathway,Toll Like Receptor Signaling Pathway
gene7948,PIK3CD,Toll Like Receptor Signaling Pathway,Toll Like Receptor Signaling Pathway
gene7949,TLR3,Toll Like Receptor Signaling Pathway,Toll Like Receptor Signaling Pathway
gene7950,TLR4,Toll Like Receptor Signaling Pathway,Toll Like Receptor Signaling Pathway
gene7951,TAB1,Toll Like Receptor Signaling Pathway,Toll Like Receptor Signaling Pathway
gene7952,TLR1,Toll Like Receptor Signaling Pathway,Toll Like Receptor Signaling Pathway
gene7953,FOS,Toll Like Receptor Signaling Pathway,Toll Like Receptor Signaling Pathway
gene7954,TLR2,Toll Like Receptor Signaling Pathway,Toll Like Receptor Signaling Pathway
gene7955,IRF5,Toll Like Receptor Signaling Pathway,Toll Like Receptor Signaling Pathway
gene7956,PIK3CG,Toll Like Receptor Signaling Pathway,Toll Like Receptor Signaling Pathway
gene7957,IL6,Toll Like Receptor Signaling Pathway,Toll Like Receptor Signaling Pathway
gene7958,PIK3R1,Toll Like Receptor Signaling Pathway,Toll Like Receptor Signaling Pathway
gene7959,IRF7,Toll Like Receptor Signaling Pathway,Toll Like Receptor Signaling Pathway
gene7960,PIK3R2,Toll Like Receptor Signaling Pathway,Toll Like Receptor Signaling Pathway
gene7961,TRIP6,Nod Like Receptor Signaling Pathway,Nod Like Receptor Signaling Pathway
gene7962,CASP8,Nod Like Receptor Signaling Pathway,Nod Like Receptor Signaling Pathway
gene7963,CHUK,Nod Like Receptor Signaling Pathway,Nod Like Receptor Signaling Pathway
gene7964,TAB3,Nod Like Receptor Signaling Pathway,Nod Like Receptor Signaling Pathway
gene7965,CXCL1,Nod Like Receptor Signaling Pathway,Nod Like Receptor Signaling Pathway
gene7966,RIPK2,Nod Like Receptor Signaling Pathway,Nod Like Receptor Signaling Pathway
gene7967,TNF,Nod Like Receptor Signaling Pathway,Nod Like Receptor Signaling Pathway
gene7968,BIRC3,Nod Like Receptor Signaling Pathway,Nod Like Receptor Signaling Pathway
gene7969,CCL2,Nod Like Receptor Signaling Pathway,Nod Like Receptor Signaling Pathway
gene7970,XIAP,Nod Like Receptor Signaling Pathway,Nod Like Receptor Signaling Pathway
gene7971,CCL5,Nod Like Receptor Signaling Pathway,Nod Like Receptor Signaling Pathway
gene7972,NOD1,Nod Like Receptor Signaling Pathway,Nod Like Receptor Signaling Pathway
gene7973,CARD6,Nod Like Receptor Signaling Pathway,Nod Like Receptor Signaling Pathway
gene7974,CCL13,Nod Like Receptor Signaling Pathway,Nod Like Receptor Signaling Pathway
gene7975,CCL11,Nod Like Receptor Signaling Pathway,Nod Like Receptor Signaling Pathway
gene7976,CCL8,Nod Like Receptor Signaling Pathway,Nod Like Receptor Signaling Pathway
gene7977,CARD8,Nod Like Receptor Signaling Pathway,Nod Like Receptor Signaling Pathway
gene7978,CCL7,Nod Like Receptor Signaling Pathway,Nod Like Receptor Signaling Pathway
gene7979,MEFV,Nod Like Receptor Signaling Pathway,Nod Like Receptor Signaling Pathway
gene7980,CXCL8,Nod Like Receptor Signaling Pathway,Nod Like Receptor Signaling Pathway
gene7981,MAPK9,Nod Like Receptor Signaling Pathway,Nod Like Receptor Signaling Pathway
gene7982,MAPK10,Nod Like Receptor Signaling Pathway,Nod Like Receptor Signaling Pathway
gene7983,MAPK11,Nod Like Receptor Signaling Pathway,Nod Like Receptor Signaling Pathway
gene7984,ERBIN,Nod Like Receptor Signaling Pathway,Nod Like Receptor Signaling Pathway
gene7985,MAPK13,Nod Like Receptor Signaling Pathway,Nod Like Receptor Signaling Pathway
gene7986,CASP5,Nod Like Receptor Signaling Pathway,Nod Like Receptor Signaling Pathway
gene7987,IKBKB,Nod Like Receptor Signaling Pathway,Nod Like Receptor Signaling Pathway
gene7988,NOD2,Nod Like Receptor Signaling Pathway,Nod Like Receptor Signaling Pathway
gene7989,MAP3K7,Nod Like Receptor Signaling Pathway,Nod Like Receptor Signaling Pathway
gene7990,CASP1,Nod Like Receptor Signaling Pathway,Nod Like Receptor Signaling Pathway
gene7991,CARD18,Nod Like Receptor Signaling Pathway,Nod Like Receptor Signaling Pathway
gene7992,TNFAIP3,Nod Like Receptor Signaling Pathway,Nod Like Receptor Signaling Pathway
gene7993,SUGT1,Nod Like Receptor Signaling Pathway,Nod Like Receptor Signaling Pathway
gene7994,MAPK3,Nod Like Receptor Signaling Pathway,Nod Like Receptor Signaling Pathway
gene7995,PSTPIP1,Nod Like Receptor Signaling Pathway,Nod Like Receptor Signaling Pathway
gene7996,NFKB1,Nod Like Receptor Signaling Pathway,Nod Like Receptor Signaling Pathway
gene7997,NFKBIB,Nod Like Receptor Signaling Pathway,Nod Like Receptor Signaling Pathway
gene7998,NFKBIA,Nod Like Receptor Signaling Pathway,Nod Like Receptor Signaling Pathway
gene7999,MAPK1,Nod Like Receptor Signaling Pathway,Nod Like Receptor Signaling Pathway
gene8000,IKBKG,Nod Like Receptor Signaling Pathway,Nod Like Receptor Signaling Pathway
gene8001,CARD9,Nod Like Receptor Signaling Pathway,Nod Like Receptor Signaling Pathway
gene8002,MAPK8,Nod Like Receptor Signaling Pathway,Nod Like Receptor Signaling Pathway
gene8003,MAPK14,Nod Like Receptor Signaling Pathway,Nod Like Receptor Signaling Pathway
gene8004,MAPK12,Nod Like Receptor Signaling Pathway,Nod Like Receptor Signaling Pathway
gene8005,IL18,Nod Like Receptor Signaling Pathway,Nod Like Receptor Signaling Pathway
gene8006,RELA,Nod Like Receptor Signaling Pathway,Nod Like Receptor Signaling Pathway
gene8007,PYDC1,Nod Like Receptor Signaling Pathway,Nod Like Receptor Signaling Pathway
gene8008,TRAF6,Nod Like Receptor Signaling Pathway,Nod Like Receptor Signaling Pathway
gene8009,HSP90AA1,Nod Like Receptor Signaling Pathway,Nod Like Receptor Signaling Pathway
gene8010,PYCARD,Nod Like Receptor Signaling Pathway,Nod Like Receptor Signaling Pathway
gene8011,TAB2,Nod Like Receptor Signaling Pathway,Nod Like Receptor Signaling Pathway
gene8012,NLRC4,Nod Like Receptor Signaling Pathway,Nod Like Receptor Signaling Pathway
gene8013,IL1B,Nod Like Receptor Signaling Pathway,Nod Like Receptor Signaling Pathway
gene8014,HSP90B1,Nod Like Receptor Signaling Pathway,Nod Like Receptor Signaling Pathway
gene8015,NLRP3,Nod Like Receptor Signaling Pathway,Nod Like Receptor Signaling Pathway
gene8016,NLRP1,Nod Like Receptor Signaling Pathway,Nod Like Receptor Signaling Pathway
gene8017,NAIP,Nod Like Receptor Signaling Pathway,Nod Like Receptor Signaling Pathway
gene8018,BIRC2,Nod Like Receptor Signaling Pathway,Nod Like Receptor Signaling Pathway
gene8019,CXCL2,Nod Like Receptor Signaling Pathway,Nod Like Receptor Signaling Pathway
gene8020,HSP90AB1,Nod Like Receptor Signaling Pathway,Nod Like Receptor Signaling Pathway
gene8021,TAB1,Nod Like Receptor Signaling Pathway,Nod Like Receptor Signaling Pathway
gene8022,IL6,Nod Like Receptor Signaling Pathway,Nod Like Receptor Signaling Pathway
gene8023,CASP10,Rig I Like Receptor Signaling Pathway,Rig I Like Receptor Signaling Pathway
gene8024,CASP8,Rig I Like Receptor Signaling Pathway,Rig I Like Receptor Signaling Pathway
gene8025,CXCL10,Rig I Like Receptor Signaling Pathway,Rig I Like Receptor Signaling Pathway
gene8026,CHUK,Rig I Like Receptor Signaling Pathway,Rig I Like Receptor Signaling Pathway
gene8027,TRIM25,Rig I Like Receptor Signaling Pathway,Rig I Like Receptor Signaling Pathway
gene8028,TNF,Rig I Like Receptor Signaling Pathway,Rig I Like Receptor Signaling Pathway
gene8029,IFNA5,Rig I Like Receptor Signaling Pathway,Rig I Like Receptor Signaling Pathway
gene8030,IFNA4,Rig I Like Receptor Signaling Pathway,Rig I Like Receptor Signaling Pathway
gene8031,IFNA2,Rig I Like Receptor Signaling Pathway,Rig I Like Receptor Signaling Pathway
gene8032,ATG12,Rig I Like Receptor Signaling Pathway,Rig I Like Receptor Signaling Pathway
gene8033,TBKBP1,Rig I Like Receptor Signaling Pathway,Rig I Like Receptor Signaling Pathway
gene8034,FADD,Rig I Like Receptor Signaling Pathway,Rig I Like Receptor Signaling Pathway
gene8035,SIKE1,Rig I Like Receptor Signaling Pathway,Rig I Like Receptor Signaling Pathway
gene8036,IFNA1,Rig I Like Receptor Signaling Pathway,Rig I Like Receptor Signaling Pathway
gene8037,RIPK1,Rig I Like Receptor Signaling Pathway,Rig I Like Receptor Signaling Pathway
gene8038,CXCL8,Rig I Like Receptor Signaling Pathway,Rig I Like Receptor Signaling Pathway
gene8039,MAPK9,Rig I Like Receptor Signaling Pathway,Rig I Like Receptor Signaling Pathway
gene8040,IL12B,Rig I Like Receptor Signaling Pathway,Rig I Like Receptor Signaling Pathway
gene8041,MAPK10,Rig I Like Receptor Signaling Pathway,Rig I Like Receptor Signaling Pathway
gene8042,ISG15,Rig I Like Receptor Signaling Pathway,Rig I Like Receptor Signaling Pathway
gene8043,MAPK11,Rig I Like Receptor Signaling Pathway,Rig I Like Receptor Signaling Pathway
gene8044,MAP3K1,Rig I Like Receptor Signaling Pathway,Rig I Like Receptor Signaling Pathway
gene8045,IL12A,Rig I Like Receptor Signaling Pathway,Rig I Like Receptor Signaling Pathway
gene8046,MAPK13,Rig I Like Receptor Signaling Pathway,Rig I Like Receptor Signaling Pathway
gene8047,IKBKB,Rig I Like Receptor Signaling Pathway,Rig I Like Receptor Signaling Pathway
gene8048,MAP3K7,Rig I Like Receptor Signaling Pathway,Rig I Like Receptor Signaling Pathway
gene8049,IFNA17,Rig I Like Receptor Signaling Pathway,Rig I Like Receptor Signaling Pathway
gene8050,TKFC,Rig I Like Receptor Signaling Pathway,Rig I Like Receptor Signaling Pathway
gene8051,IFNA21,Rig I Like Receptor Signaling Pathway,Rig I Like Receptor Signaling Pathway
gene8052,IFNA6,Rig I Like Receptor Signaling Pathway,Rig I Like Receptor Signaling Pathway
gene8053,IFNA7,Rig I Like Receptor Signaling Pathway,Rig I Like Receptor Signaling Pathway
gene8054,IFNA8,Rig I Like Receptor Signaling Pathway,Rig I Like Receptor Signaling Pathway
gene8055,IFNA10,Rig I Like Receptor Signaling Pathway,Rig I Like Receptor Signaling Pathway
gene8056,OTUD5,Rig I Like Receptor Signaling Pathway,Rig I Like Receptor Signaling Pathway
gene8057,IFNA13,Rig I Like Receptor Signaling Pathway,Rig I Like Receptor Signaling Pathway
gene8058,IFNA14,Rig I Like Receptor Signaling Pathway,Rig I Like Receptor Signaling Pathway
gene8059,IFNA16,Rig I Like Receptor Signaling Pathway,Rig I Like Receptor Signaling Pathway
gene8060,DDX3X,Rig I Like Receptor Signaling Pathway,Rig I Like Receptor Signaling Pathway
gene8061,IKBKE,Rig I Like Receptor Signaling Pathway,Rig I Like Receptor Signaling Pathway
gene8062,NFKB1,Rig I Like Receptor Signaling Pathway,Rig I Like Receptor Signaling Pathway
gene8063,NFKBIB,Rig I Like Receptor Signaling Pathway,Rig I Like Receptor Signaling Pathway
gene8064,NFKBIA,Rig I Like Receptor Signaling Pathway,Rig I Like Receptor Signaling Pathway
gene8065,IRF3,Rig I Like Receptor Signaling Pathway,Rig I Like Receptor Signaling Pathway
gene8066,IFIH1,Rig I Like Receptor Signaling Pathway,Rig I Like Receptor Signaling Pathway
gene8067,IKBKG,Rig I Like Receptor Signaling Pathway,Rig I Like Receptor Signaling Pathway
gene8068,MAPK8,Rig I Like Receptor Signaling Pathway,Rig I Like Receptor Signaling Pathway
gene8069,MAPK14,Rig I Like Receptor Signaling Pathway,Rig I Like Receptor Signaling Pathway
gene8070,MAPK12,Rig I Like Receptor Signaling Pathway,Rig I Like Receptor Signaling Pathway
gene8071,RELA,Rig I Like Receptor Signaling Pathway,Rig I Like Receptor Signaling Pathway
gene8072,DDX3Y,Rig I Like Receptor Signaling Pathway,Rig I Like Receptor Signaling Pathway
gene8073,IFNE,Rig I Like Receptor Signaling Pathway,Rig I Like Receptor Signaling Pathway
gene8074,TRAF6,Rig I Like Receptor Signaling Pathway,Rig I Like Receptor Signaling Pathway
gene8075,TRAF3,Rig I Like Receptor Signaling Pathway,Rig I Like Receptor Signaling Pathway
gene8076,TRAF2,Rig I Like Receptor Signaling Pathway,Rig I Like Receptor Signaling Pathway
gene8077,IFNB1,Rig I Like Receptor Signaling Pathway,Rig I Like Receptor Signaling Pathway
gene8078,TANK,Rig I Like Receptor Signaling Pathway,Rig I Like Receptor Signaling Pathway
gene8079,CYLD,Rig I Like Receptor Signaling Pathway,Rig I Like Receptor Signaling Pathway
gene8080,TRADD,Rig I Like Receptor Signaling Pathway,Rig I Like Receptor Signaling Pathway
gene8081,ATG5,Rig I Like Receptor Signaling Pathway,Rig I Like Receptor Signaling Pathway
gene8082,DDX58,Rig I Like Receptor Signaling Pathway,Rig I Like Receptor Signaling Pathway
gene8083,PIN1,Rig I Like Receptor Signaling Pathway,Rig I Like Receptor Signaling Pathway
gene8084,MAVS,Rig I Like Receptor Signaling Pathway,Rig I Like Receptor Signaling Pathway
gene8085,IFNK,Rig I Like Receptor Signaling Pathway,Rig I Like Receptor Signaling Pathway
gene8086,DHX58,Rig I Like Receptor Signaling Pathway,Rig I Like Receptor Signaling Pathway
gene8087,TBK1,Rig I Like Receptor Signaling Pathway,Rig I Like Receptor Signaling Pathway
gene8088,STING1,Rig I Like Receptor Signaling Pathway,Rig I Like Receptor Signaling Pathway
gene8089,IFNW1,Rig I Like Receptor Signaling Pathway,Rig I Like Receptor Signaling Pathway
gene8090,AZI2,Rig I Like Receptor Signaling Pathway,Rig I Like Receptor Signaling Pathway
gene8091,NLRX1,Rig I Like Receptor Signaling Pathway,Rig I Like Receptor Signaling Pathway
gene8092,IRF7,Rig I Like Receptor Signaling Pathway,Rig I Like Receptor Signaling Pathway
gene8093,RNF125,Rig I Like Receptor Signaling Pathway,Rig I Like Receptor Signaling Pathway
gene8094,CXCL10,Cytosolic Dna Sensing Pathway,Cytosolic Dna Sensing Pathway
gene8095,CHUK,Cytosolic Dna Sensing Pathway,Cytosolic Dna Sensing Pathway
gene8096,IFNA5,Cytosolic Dna Sensing Pathway,Cytosolic Dna Sensing Pathway
gene8097,IFNA4,Cytosolic Dna Sensing Pathway,Cytosolic Dna Sensing Pathway
gene8098,IFNA2,Cytosolic Dna Sensing Pathway,Cytosolic Dna Sensing Pathway
gene8099,POLR1D,Cytosolic Dna Sensing Pathway,Cytosolic Dna Sensing Pathway
gene8100,CCL5,Cytosolic Dna Sensing Pathway,Cytosolic Dna Sensing Pathway
gene8101,CCL4,Cytosolic Dna Sensing Pathway,Cytosolic Dna Sensing Pathway
gene8102,IFNA1,Cytosolic Dna Sensing Pathway,Cytosolic Dna Sensing Pathway
gene8103,RIPK1,Cytosolic Dna Sensing Pathway,Cytosolic Dna Sensing Pathway
gene8104,POLR3K,Cytosolic Dna Sensing Pathway,Cytosolic Dna Sensing Pathway
gene8105,AIM2,Cytosolic Dna Sensing Pathway,Cytosolic Dna Sensing Pathway
gene8106,IKBKB,Cytosolic Dna Sensing Pathway,Cytosolic Dna Sensing Pathway
gene8107,IFNA17,Cytosolic Dna Sensing Pathway,Cytosolic Dna Sensing Pathway
gene8108,CASP1,Cytosolic Dna Sensing Pathway,Cytosolic Dna Sensing Pathway
gene8109,IFNA21,Cytosolic Dna Sensing Pathway,Cytosolic Dna Sensing Pathway
gene8110,IFNA6,Cytosolic Dna Sensing Pathway,Cytosolic Dna Sensing Pathway
gene8111,POLR3H,Cytosolic Dna Sensing Pathway,Cytosolic Dna Sensing Pathway
gene8112,IFNA7,Cytosolic Dna Sensing Pathway,Cytosolic Dna Sensing Pathway
gene8113,IFNA8,Cytosolic Dna Sensing Pathway,Cytosolic Dna Sensing Pathway
gene8114,IFNA10,Cytosolic Dna Sensing Pathway,Cytosolic Dna Sensing Pathway
gene8115,IFNA13,Cytosolic Dna Sensing Pathway,Cytosolic Dna Sensing Pathway
gene8116,IFNA14,Cytosolic Dna Sensing Pathway,Cytosolic Dna Sensing Pathway
gene8117,IFNA16,Cytosolic Dna Sensing Pathway,Cytosolic Dna Sensing Pathway
gene8118,POLR3C,Cytosolic Dna Sensing Pathway,Cytosolic Dna Sensing Pathway
gene8119,IKBKE,Cytosolic Dna Sensing Pathway,Cytosolic Dna Sensing Pathway
gene8120,POLR3G,Cytosolic Dna Sensing Pathway,Cytosolic Dna Sensing Pathway
gene8121,POLR3B,Cytosolic Dna Sensing Pathway,Cytosolic Dna Sensing Pathway
gene8122,POLR3F,Cytosolic Dna Sensing Pathway,Cytosolic Dna Sensing Pathway
gene8123,NFKB1,Cytosolic Dna Sensing Pathway,Cytosolic Dna Sensing Pathway
gene8124,NFKBIB,Cytosolic Dna Sensing Pathway,Cytosolic Dna Sensing Pathway
gene8125,NFKBIA,Cytosolic Dna Sensing Pathway,Cytosolic Dna Sensing Pathway
gene8126,IRF3,Cytosolic Dna Sensing Pathway,Cytosolic Dna Sensing Pathway
gene8127,IKBKG,Cytosolic Dna Sensing Pathway,Cytosolic Dna Sensing Pathway
gene8128,TREX1,Cytosolic Dna Sensing Pathway,Cytosolic Dna Sensing Pathway
gene8129,POLR1C,Cytosolic Dna Sensing Pathway,Cytosolic Dna Sensing Pathway
gene8130,IL18,Cytosolic Dna Sensing Pathway,Cytosolic Dna Sensing Pathway
gene8131,RELA,Cytosolic Dna Sensing Pathway,Cytosolic Dna Sensing Pathway
gene8132,ZBP1,Cytosolic Dna Sensing Pathway,Cytosolic Dna Sensing Pathway
gene8133,POLR3D,Cytosolic Dna Sensing Pathway,Cytosolic Dna Sensing Pathway
gene8134,RIPK3,Cytosolic Dna Sensing Pathway,Cytosolic Dna Sensing Pathway
gene8135,IFNB1,Cytosolic Dna Sensing Pathway,Cytosolic Dna Sensing Pathway
gene8136,IL33,Cytosolic Dna Sensing Pathway,Cytosolic Dna Sensing Pathway
gene8137,PYCARD,Cytosolic Dna Sensing Pathway,Cytosolic Dna Sensing Pathway
gene8138,POLR3GL,Cytosolic Dna Sensing Pathway,Cytosolic Dna Sensing Pathway
gene8139,IL1B,Cytosolic Dna Sensing Pathway,Cytosolic Dna Sensing Pathway
gene8140,ADAR,Cytosolic Dna Sensing Pathway,Cytosolic Dna Sensing Pathway
gene8141,DDX58,Cytosolic Dna Sensing Pathway,Cytosolic Dna Sensing Pathway
gene8142,MAVS,Cytosolic Dna Sensing Pathway,Cytosolic Dna Sensing Pathway
gene8143,CCL4L2,Cytosolic Dna Sensing Pathway,Cytosolic Dna Sensing Pathway
gene8144,TBK1,Cytosolic Dna Sensing Pathway,Cytosolic Dna Sensing Pathway
gene8145,STING1,Cytosolic Dna Sensing Pathway,Cytosolic Dna Sensing Pathway
gene8146,POLR3A,Cytosolic Dna Sensing Pathway,Cytosolic Dna Sensing Pathway
gene8147,IL6,Cytosolic Dna Sensing Pathway,Cytosolic Dna Sensing Pathway
gene8148,IRF7,Cytosolic Dna Sensing Pathway,Cytosolic Dna Sensing Pathway
gene8149,STAT3,Jak Stat Signaling Pathway,Jak Stat Signaling Pathway
gene8150,STAT4,Jak Stat Signaling Pathway,Jak Stat Signaling Pathway
gene8151,STAT1,Jak Stat Signaling Pathway,Jak Stat Signaling Pathway
gene8152,STAT2,Jak Stat Signaling Pathway,Jak Stat Signaling Pathway
gene8153,PIAS3,Jak Stat Signaling Pathway,Jak Stat Signaling Pathway
gene8154,TYK2,Jak Stat Signaling Pathway,Jak Stat Signaling Pathway
gene8155,IL21R,Jak Stat Signaling Pathway,Jak Stat Signaling Pathway
gene8156,CREBBP,Jak Stat Signaling Pathway,Jak Stat Signaling Pathway
gene8157,SOCS5,Jak Stat Signaling Pathway,Jak Stat Signaling Pathway
gene8158,IL23A,Jak Stat Signaling Pathway,Jak Stat Signaling Pathway
gene8159,CTF1,Jak Stat Signaling Pathway,Jak Stat Signaling Pathway
gene8160,STAM,Jak Stat Signaling Pathway,Jak Stat Signaling Pathway
gene8161,SPRY4,Jak Stat Signaling Pathway,Jak Stat Signaling Pathway
gene8162,IL22,Jak Stat Signaling Pathway,Jak Stat Signaling Pathway
gene8163,JAK1,Jak Stat Signaling Pathway,Jak Stat Signaling Pathway
gene8164,AKT1,Jak Stat Signaling Pathway,Jak Stat Signaling Pathway
gene8165,AKT2,Jak Stat Signaling Pathway,Jak Stat Signaling Pathway
gene8166,JAK3,Jak Stat Signaling Pathway,Jak Stat Signaling Pathway
gene8167,JAK2,Jak Stat Signaling Pathway,Jak Stat Signaling Pathway
gene8168,AKT3,Jak Stat Signaling Pathway,Jak Stat Signaling Pathway
gene8169,STAT5B,Jak Stat Signaling Pathway,Jak Stat Signaling Pathway
gene8170,STAT5A,Jak Stat Signaling Pathway,Jak Stat Signaling Pathway
gene8171,TPO,Jak Stat Signaling Pathway,Jak Stat Signaling Pathway
gene8172,STAT6,Jak Stat Signaling Pathway,Jak Stat Signaling Pathway
gene8173,MYC,Jak Stat Signaling Pathway,Jak Stat Signaling Pathway
gene8174,IL24,Jak Stat Signaling Pathway,Jak Stat Signaling Pathway
gene8175,SPRED1,Jak Stat Signaling Pathway,Jak Stat Signaling Pathway
gene8176,PIK3R5,Jak Stat Signaling Pathway,Jak Stat Signaling Pathway
gene8177,CSF2,Jak Stat Signaling Pathway,Jak Stat Signaling Pathway
gene8178,IL13RA2,Jak Stat Signaling Pathway,Jak Stat Signaling Pathway
gene8179,PIAS1,Jak Stat Signaling Pathway,Jak Stat Signaling Pathway
gene8180,IL13RA1,Jak Stat Signaling Pathway,Jak Stat Signaling Pathway
gene8181,CNTF,Jak Stat Signaling Pathway,Jak Stat Signaling Pathway
gene8182,PRLR,Jak Stat Signaling Pathway,Jak Stat Signaling Pathway
gene8183,CNTFR,Jak Stat Signaling Pathway,Jak Stat Signaling Pathway
gene8184,PRL,Jak Stat Signaling Pathway,Jak Stat Signaling Pathway
gene8185,SOCS1,Jak Stat Signaling Pathway,Jak Stat Signaling Pathway
gene8186,IFNE,Jak Stat Signaling Pathway,Jak Stat Signaling Pathway
gene8187,CSF2RB,Jak Stat Signaling Pathway,Jak Stat Signaling Pathway
gene8188,CSF2RA,Jak Stat Signaling Pathway,Jak Stat Signaling Pathway
gene8189,IL23R,Jak Stat Signaling Pathway,Jak Stat Signaling Pathway
gene8190,CSF3,Jak Stat Signaling Pathway,Jak Stat Signaling Pathway
gene8191,SOCS3,Jak Stat Signaling Pathway,Jak Stat Signaling Pathway
gene8192,CCND1,Jak Stat Signaling Pathway,Jak Stat Signaling Pathway
gene8193,IL22RA2,Jak Stat Signaling Pathway,Jak Stat Signaling Pathway
gene8194,CSH1,Jak Stat Signaling Pathway,Jak Stat Signaling Pathway
gene8195,BCL2L1,Jak Stat Signaling Pathway,Jak Stat Signaling Pathway
gene8196,CSF3R,Jak Stat Signaling Pathway,Jak Stat Signaling Pathway
gene8197,PIAS4,Jak Stat Signaling Pathway,Jak Stat Signaling Pathway
gene8198,CBLC,Jak Stat Signaling Pathway,Jak Stat Signaling Pathway
gene8199,CLCF1,Jak Stat Signaling Pathway,Jak Stat Signaling Pathway
gene8200,OSMR,Jak Stat Signaling Pathway,Jak Stat Signaling Pathway
gene8201,IL20,Jak Stat Signaling Pathway,Jak Stat Signaling Pathway
gene8202,CCND2,Jak Stat Signaling Pathway,Jak Stat Signaling Pathway
gene8203,CCND3,Jak Stat Signaling Pathway,Jak Stat Signaling Pathway
gene8204,SOS2,Jak Stat Signaling Pathway,Jak Stat Signaling Pathway
gene8205,EPO,Jak Stat Signaling Pathway,Jak Stat Signaling Pathway
gene8206,PTPN11,Jak Stat Signaling Pathway,Jak Stat Signaling Pathway
gene8207,IL9R,Jak Stat Signaling Pathway,Jak Stat Signaling Pathway
gene8208,MPL,Jak Stat Signaling Pathway,Jak Stat Signaling Pathway
gene8209,SPRED2,Jak Stat Signaling Pathway,Jak Stat Signaling Pathway
gene8210,IFNA5,Jak Stat Signaling Pathway,Jak Stat Signaling Pathway
gene8211,IFNA4,Jak Stat Signaling Pathway,Jak Stat Signaling Pathway
gene8212,IFNA2,Jak Stat Signaling Pathway,Jak Stat Signaling Pathway
gene8213,IFNLR1,Jak Stat Signaling Pathway,Jak Stat Signaling Pathway
gene8214,SOCS2,Jak Stat Signaling Pathway,Jak Stat Signaling Pathway
gene8215,IFNA1,Jak Stat Signaling Pathway,Jak Stat Signaling Pathway
gene8216,CISH,Jak Stat Signaling Pathway,Jak Stat Signaling Pathway
gene8217,PTPN6,Jak Stat Signaling Pathway,Jak Stat Signaling Pathway
gene8218,IL9,Jak Stat Signaling Pathway,Jak Stat Signaling Pathway
gene8219,IL7R,Jak Stat Signaling Pathway,Jak Stat Signaling Pathway
gene8220,IL12RB1,Jak Stat Signaling Pathway,Jak Stat Signaling Pathway
gene8221,IL12B,Jak Stat Signaling Pathway,Jak Stat Signaling Pathway
gene8222,IL13,Jak Stat Signaling Pathway,Jak Stat Signaling Pathway
gene8223,IL12RB2,Jak Stat Signaling Pathway,Jak Stat Signaling Pathway
gene8224,IL11RA,Jak Stat Signaling Pathway,Jak Stat Signaling Pathway
gene8225,IL12A,Jak Stat Signaling Pathway,Jak Stat Signaling Pathway
gene8226,IRF9,Jak Stat Signaling Pathway,Jak Stat Signaling Pathway
gene8227,IFNA17,Jak Stat Signaling Pathway,Jak Stat Signaling Pathway
gene8228,PIAS2,Jak Stat Signaling Pathway,Jak Stat Signaling Pathway
gene8229,IFNA21,Jak Stat Signaling Pathway,Jak Stat Signaling Pathway
gene8230,IFNA6,Jak Stat Signaling Pathway,Jak Stat Signaling Pathway
gene8231,LEPR,Jak Stat Signaling Pathway,Jak Stat Signaling Pathway
gene8232,IFNA7,Jak Stat Signaling Pathway,Jak Stat Signaling Pathway
gene8233,IFNA8,Jak Stat Signaling Pathway,Jak Stat Signaling Pathway
gene8234,IFNA10,Jak Stat Signaling Pathway,Jak Stat Signaling Pathway
gene8235,IFNA13,Jak Stat Signaling Pathway,Jak Stat Signaling Pathway
gene8236,GRB2,Jak Stat Signaling Pathway,Jak Stat Signaling Pathway
gene8237,IFNA14,Jak Stat Signaling Pathway,Jak Stat Signaling Pathway
gene8238,LEP,Jak Stat Signaling Pathway,Jak Stat Signaling Pathway
gene8239,IFNA16,Jak Stat Signaling Pathway,Jak Stat Signaling Pathway
gene8240,IL26,Jak Stat Signaling Pathway,Jak Stat Signaling Pathway
gene8241,IL19,Jak Stat Signaling Pathway,Jak Stat Signaling Pathway
gene8242,IL10,Jak Stat Signaling Pathway,Jak Stat Signaling Pathway
gene8243,IL10RA,Jak Stat Signaling Pathway,Jak Stat Signaling Pathway
gene8244,SOS1,Jak Stat Signaling Pathway,Jak Stat Signaling Pathway
gene8245,IL10RB,Jak Stat Signaling Pathway,Jak Stat Signaling Pathway
gene8246,EPOR,Jak Stat Signaling Pathway,Jak Stat Signaling Pathway
gene8247,IL11,Jak Stat Signaling Pathway,Jak Stat Signaling Pathway
gene8248,IL3RA,Jak Stat Signaling Pathway,Jak Stat Signaling Pathway
gene8249,IL3,Jak Stat Signaling Pathway,Jak Stat Signaling Pathway
gene8250,EP300,Jak Stat Signaling Pathway,Jak Stat Signaling Pathway
gene8251,IL2RG,Jak Stat Signaling Pathway,Jak Stat Signaling Pathway
gene8252,IL2RB,Jak Stat Signaling Pathway,Jak Stat Signaling Pathway
gene8253,CBLB,Jak Stat Signaling Pathway,Jak Stat Signaling Pathway
gene8254,OSM,Jak Stat Signaling Pathway,Jak Stat Signaling Pathway
gene8255,CBL,Jak Stat Signaling Pathway,Jak Stat Signaling Pathway
gene8256,IL15RA,Jak Stat Signaling Pathway,Jak Stat Signaling Pathway
gene8257,IFNGR2,Jak Stat Signaling Pathway,Jak Stat Signaling Pathway
gene8258,IL15,Jak Stat Signaling Pathway,Jak Stat Signaling Pathway
gene8259,IFNG,Jak Stat Signaling Pathway,Jak Stat Signaling Pathway
gene8260,IFNGR1,Jak Stat Signaling Pathway,Jak Stat Signaling Pathway
gene8261,IFNB1,Jak Stat Signaling Pathway,Jak Stat Signaling Pathway
gene8262,IFNAR1,Jak Stat Signaling Pathway,Jak Stat Signaling Pathway
gene8263,IFNAR2,Jak Stat Signaling Pathway,Jak Stat Signaling Pathway
gene8264,IL21,Jak Stat Signaling Pathway,Jak Stat Signaling Pathway
gene8265,IL20RB,Jak Stat Signaling Pathway,Jak Stat Signaling Pathway
gene8266,IL2RA,Jak Stat Signaling Pathway,Jak Stat Signaling Pathway
gene8267,IL22RA1,Jak Stat Signaling Pathway,Jak Stat Signaling Pathway
gene8268,IL20RA,Jak Stat Signaling Pathway,Jak Stat Signaling Pathway
gene8269,IL2,Jak Stat Signaling Pathway,Jak Stat Signaling Pathway
gene8270,IL6R,Jak Stat Signaling Pathway,Jak Stat Signaling Pathway
gene8271,PIK3R3,Jak Stat Signaling Pathway,Jak Stat Signaling Pathway
gene8272,CRLF2,Jak Stat Signaling Pathway,Jak Stat Signaling Pathway
gene8273,IFNK,Jak Stat Signaling Pathway,Jak Stat Signaling Pathway
gene8274,SPRY2,Jak Stat Signaling Pathway,Jak Stat Signaling Pathway
gene8275,IL6ST,Jak Stat Signaling Pathway,Jak Stat Signaling Pathway
gene8276,SPRY1,Jak Stat Signaling Pathway,Jak Stat Signaling Pathway
gene8277,IL7,Jak Stat Signaling Pathway,Jak Stat Signaling Pathway
gene8278,STAM2,Jak Stat Signaling Pathway,Jak Stat Signaling Pathway
gene8279,GHR,Jak Stat Signaling Pathway,Jak Stat Signaling Pathway
gene8280,IFNL3,Jak Stat Signaling Pathway,Jak Stat Signaling Pathway
gene8281,IFNL1,Jak Stat Signaling Pathway,Jak Stat Signaling Pathway
gene8282,SOCS4,Jak Stat Signaling Pathway,Jak Stat Signaling Pathway
gene8283,PIK3CA,Jak Stat Signaling Pathway,Jak Stat Signaling Pathway
gene8284,PIK3CB,Jak Stat Signaling Pathway,Jak Stat Signaling Pathway
gene8285,PIM1,Jak Stat Signaling Pathway,Jak Stat Signaling Pathway
gene8286,IFNL2,Jak Stat Signaling Pathway,Jak Stat Signaling Pathway
gene8287,PIK3CD,Jak Stat Signaling Pathway,Jak Stat Signaling Pathway
gene8288,LIF,Jak Stat Signaling Pathway,Jak Stat Signaling Pathway
gene8289,GH1,Jak Stat Signaling Pathway,Jak Stat Signaling Pathway
gene8290,GH2,Jak Stat Signaling Pathway,Jak Stat Signaling Pathway
gene8291,IFNW1,Jak Stat Signaling Pathway,Jak Stat Signaling Pathway
gene8292,LIFR,Jak Stat Signaling Pathway,Jak Stat Signaling Pathway
gene8293,TSLP,Jak Stat Signaling Pathway,Jak Stat Signaling Pathway
gene8294,IL4,Jak Stat Signaling Pathway,Jak Stat Signaling Pathway
gene8295,IL4R,Jak Stat Signaling Pathway,Jak Stat Signaling Pathway
gene8296,SPRY3,Jak Stat Signaling Pathway,Jak Stat Signaling Pathway
gene8297,IL5,Jak Stat Signaling Pathway,Jak Stat Signaling Pathway
gene8298,PIK3CG,Jak Stat Signaling Pathway,Jak Stat Signaling Pathway
gene8299,SOCS7,Jak Stat Signaling Pathway,Jak Stat Signaling Pathway
gene8300,IL5RA,Jak Stat Signaling Pathway,Jak Stat Signaling Pathway
gene8301,PIK3R1,Jak Stat Signaling Pathway,Jak Stat Signaling Pathway
gene8302,IL6,Jak Stat Signaling Pathway,Jak Stat Signaling Pathway
gene8303,PIK3R2,Jak Stat Signaling Pathway,Jak Stat Signaling Pathway
gene8304,GP1BA,Hematopoietic Cell Lineage,Hematopoietic Cell Lineage
gene8305,GP1BB,Hematopoietic Cell Lineage,Hematopoietic Cell Lineage
gene8306,EPO,Hematopoietic Cell Lineage,Hematopoietic Cell Lineage
gene8307,IL9R,Hematopoietic Cell Lineage,Hematopoietic Cell Lineage
gene8308,CD33,Hematopoietic Cell Lineage,Hematopoietic Cell Lineage
gene8309,TNF,Hematopoietic Cell Lineage,Hematopoietic Cell Lineage
gene8310,GP9,Hematopoietic Cell Lineage,Hematopoietic Cell Lineage
gene8311,ITGAM,Hematopoietic Cell Lineage,Hematopoietic Cell Lineage
gene8312,CD34,Hematopoietic Cell Lineage,Hematopoietic Cell Lineage
gene8313,CD36,Hematopoietic Cell Lineage,Hematopoietic Cell Lineage
gene8314,GP5,Hematopoietic Cell Lineage,Hematopoietic Cell Lineage
gene8315,ITGA4,Hematopoietic Cell Lineage,Hematopoietic Cell Lineage
gene8316,ITGA3,Hematopoietic Cell Lineage,Hematopoietic Cell Lineage
gene8317,KITLG,Hematopoietic Cell Lineage,Hematopoietic Cell Lineage
gene8318,ITGA2B,Hematopoietic Cell Lineage,Hematopoietic Cell Lineage
gene8319,FCGR1A,Hematopoietic Cell Lineage,Hematopoietic Cell Lineage
gene8320,ITGA5,Hematopoietic Cell Lineage,Hematopoietic Cell Lineage
gene8321,FCER2,Hematopoietic Cell Lineage,Hematopoietic Cell Lineage
gene8322,GYPA,Hematopoietic Cell Lineage,Hematopoietic Cell Lineage
gene8323,THPO,Hematopoietic Cell Lineage,Hematopoietic Cell Lineage
gene8324,IL1R2,Hematopoietic Cell Lineage,Hematopoietic Cell Lineage
gene8325,IL7R,Hematopoietic Cell Lineage,Hematopoietic Cell Lineage
gene8326,MME,Hematopoietic Cell Lineage,Hematopoietic Cell Lineage
gene8327,IL11RA,Hematopoietic Cell Lineage,Hematopoietic Cell Lineage
gene8328,CD19,Hematopoietic Cell Lineage,Hematopoietic Cell Lineage
gene8329,MS4A1,Hematopoietic Cell Lineage,Hematopoietic Cell Lineage
gene8330,TFRC,Hematopoietic Cell Lineage,Hematopoietic Cell Lineage
gene8331,CD22,Hematopoietic Cell Lineage,Hematopoietic Cell Lineage
gene8332,KIT,Hematopoietic Cell Lineage,Hematopoietic Cell Lineage
gene8333,FLT3,Hematopoietic Cell Lineage,Hematopoietic Cell Lineage
gene8334,ITGB3,Hematopoietic Cell Lineage,Hematopoietic Cell Lineage
gene8335,FLT3LG,Hematopoietic Cell Lineage,Hematopoietic Cell Lineage
gene8336,IL1A,Hematopoietic Cell Lineage,Hematopoietic Cell Lineage
gene8337,CR2,Hematopoietic Cell Lineage,Hematopoietic Cell Lineage
gene8338,CD14,Hematopoietic Cell Lineage,Hematopoietic Cell Lineage
gene8339,CR1,Hematopoietic Cell Lineage,Hematopoietic Cell Lineage
gene8340,TPO,Hematopoietic Cell Lineage,Hematopoietic Cell Lineage
gene8341,EPOR,Hematopoietic Cell Lineage,Hematopoietic Cell Lineage
gene8342,IL11,Hematopoietic Cell Lineage,Hematopoietic Cell Lineage
gene8343,CSF2,Hematopoietic Cell Lineage,Hematopoietic Cell Lineage
gene8344,HLA-DRB4,Hematopoietic Cell Lineage,Hematopoietic Cell Lineage
gene8345,CD4,Hematopoietic Cell Lineage,Hematopoietic Cell Lineage
gene8346,CSF1R,Hematopoietic Cell Lineage,Hematopoietic Cell Lineage
gene8347,HLA-DRB5,Hematopoietic Cell Lineage,Hematopoietic Cell Lineage
gene8348,CSF1,Hematopoietic Cell Lineage,Hematopoietic Cell Lineage
gene8349,HLA-DRB3,Hematopoietic Cell Lineage,Hematopoietic Cell Lineage
gene8350,IL3RA,Hematopoietic Cell Lineage,Hematopoietic Cell Lineage
gene8351,IL3,Hematopoietic Cell Lineage,Hematopoietic Cell Lineage
gene8352,CD59,Hematopoietic Cell Lineage,Hematopoietic Cell Lineage
gene8353,CD9,Hematopoietic Cell Lineage,Hematopoietic Cell Lineage
gene8354,CD8A,Hematopoietic Cell Lineage,Hematopoietic Cell Lineage
gene8355,CD8B,Hematopoietic Cell Lineage,Hematopoietic Cell Lineage
gene8356,CD44,Hematopoietic Cell Lineage,Hematopoietic Cell Lineage
gene8357,CD7,Hematopoietic Cell Lineage,Hematopoietic Cell Lineage
gene8358,CD5,Hematopoietic Cell Lineage,Hematopoietic Cell Lineage
gene8359,CSF2RA,Hematopoietic Cell Lineage,Hematopoietic Cell Lineage
gene8360,CD55,Hematopoietic Cell Lineage,Hematopoietic Cell Lineage
gene8361,DNTT,Hematopoietic Cell Lineage,Hematopoietic Cell Lineage
gene8362,CSF3,Hematopoietic Cell Lineage,Hematopoietic Cell Lineage
gene8363,IL1B,Hematopoietic Cell Lineage,Hematopoietic Cell Lineage
gene8364,IL1R1,Hematopoietic Cell Lineage,Hematopoietic Cell Lineage
gene8365,IL2RA,Hematopoietic Cell Lineage,Hematopoietic Cell Lineage
gene8366,ITGA6,Hematopoietic Cell Lineage,Hematopoietic Cell Lineage
gene8367,IL6R,Hematopoietic Cell Lineage,Hematopoietic Cell Lineage
gene8368,ITGA2,Hematopoietic Cell Lineage,Hematopoietic Cell Lineage
gene8369,ITGA1,Hematopoietic Cell Lineage,Hematopoietic Cell Lineage
gene8370,CSF3R,Hematopoietic Cell Lineage,Hematopoietic Cell Lineage
gene8371,IL7,Hematopoietic Cell Lineage,Hematopoietic Cell Lineage
gene8372,CD37,Hematopoietic Cell Lineage,Hematopoietic Cell Lineage
gene8373,CD2,Hematopoietic Cell Lineage,Hematopoietic Cell Lineage
gene8374,CD3D,Hematopoietic Cell Lineage,Hematopoietic Cell Lineage
gene8375,CD3E,Hematopoietic Cell Lineage,Hematopoietic Cell Lineage
gene8376,CD38,Hematopoietic Cell Lineage,Hematopoietic Cell Lineage
gene8377,CD3G,Hematopoietic Cell Lineage,Hematopoietic Cell Lineage
gene8378,CD1B,Hematopoietic Cell Lineage,Hematopoietic Cell Lineage
gene8379,ANPEP,Hematopoietic Cell Lineage,Hematopoietic Cell Lineage
gene8380,CD1C,Hematopoietic Cell Lineage,Hematopoietic Cell Lineage
gene8381,CD1D,Hematopoietic Cell Lineage,Hematopoietic Cell Lineage
gene8382,CD1E,Hematopoietic Cell Lineage,Hematopoietic Cell Lineage
gene8383,CD1A,Hematopoietic Cell Lineage,Hematopoietic Cell Lineage
gene8384,IL4,Hematopoietic Cell Lineage,Hematopoietic Cell Lineage
gene8385,IL4R,Hematopoietic Cell Lineage,Hematopoietic Cell Lineage
gene8386,IL5,Hematopoietic Cell Lineage,Hematopoietic Cell Lineage
gene8387,IL5RA,Hematopoietic Cell Lineage,Hematopoietic Cell Lineage
gene8388,IL6,Hematopoietic Cell Lineage,Hematopoietic Cell Lineage
gene8389,HLA-DRB1,Hematopoietic Cell Lineage,Hematopoietic Cell Lineage
gene8390,HLA-DRA,Hematopoietic Cell Lineage,Hematopoietic Cell Lineage
gene8391,ZAP70,Natural Killer Cell Mediated Cytotoxicity,Natural Killer Cell Mediated Cytotoxicity
gene8392,TNFSF10,Natural Killer Cell Mediated Cytotoxicity,Natural Killer Cell Mediated Cytotoxicity
gene8393,ITGAL,Natural Killer Cell Mediated Cytotoxicity,Natural Killer Cell Mediated Cytotoxicity
gene8394,PPP3R2,Natural Killer Cell Mediated Cytotoxicity,Natural Killer Cell Mediated Cytotoxicity
gene8395,PPP3CC,Natural Killer Cell Mediated Cytotoxicity,Natural Killer Cell Mediated Cytotoxicity
gene8396,PPP3R1,Natural Killer Cell Mediated Cytotoxicity,Natural Killer Cell Mediated Cytotoxicity
gene8397,FCER1G,Natural Killer Cell Mediated Cytotoxicity,Natural Killer Cell Mediated Cytotoxicity
gene8398,SH2D1B,Natural Killer Cell Mediated Cytotoxicity,Natural Killer Cell Mediated Cytotoxicity
gene8399,HLA-G,Natural Killer Cell Mediated Cytotoxicity,Natural Killer Cell Mediated Cytotoxicity
gene8400,BRAF,Natural Killer Cell Mediated Cytotoxicity,Natural Killer Cell Mediated Cytotoxicity
gene8401,VAV1,Natural Killer Cell Mediated Cytotoxicity,Natural Killer Cell Mediated Cytotoxicity
gene8402,SHC4,Natural Killer Cell Mediated Cytotoxicity,Natural Killer Cell Mediated Cytotoxicity
gene8403,PRF1,Natural Killer Cell Mediated Cytotoxicity,Natural Killer Cell Mediated Cytotoxicity
gene8404,VAV2,Natural Killer Cell Mediated Cytotoxicity,Natural Killer Cell Mediated Cytotoxicity
gene8405,NRAS,Natural Killer Cell Mediated Cytotoxicity,Natural Killer Cell Mediated Cytotoxicity
gene8406,CHP2,Natural Killer Cell Mediated Cytotoxicity,Natural Killer Cell Mediated Cytotoxicity
gene8407,ITGB2,Natural Killer Cell Mediated Cytotoxicity,Natural Killer Cell Mediated Cytotoxicity
gene8408,GZMB,Natural Killer Cell Mediated Cytotoxicity,Natural Killer Cell Mediated Cytotoxicity
gene8409,NFAT5,Natural Killer Cell Mediated Cytotoxicity,Natural Killer Cell Mediated Cytotoxicity
gene8410,FCGR3B,Natural Killer Cell Mediated Cytotoxicity,Natural Killer Cell Mediated Cytotoxicity
gene8411,RAET1E,Natural Killer Cell Mediated Cytotoxicity,Natural Killer Cell Mediated Cytotoxicity
gene8412,ULBP3,Natural Killer Cell Mediated Cytotoxicity,Natural Killer Cell Mediated Cytotoxicity
gene8413,FCGR3A,Natural Killer Cell Mediated Cytotoxicity,Natural Killer Cell Mediated Cytotoxicity
gene8414,CSF2,Natural Killer Cell Mediated Cytotoxicity,Natural Killer Cell Mediated Cytotoxicity
gene8415,PIK3R5,Natural Killer Cell Mediated Cytotoxicity,Natural Killer Cell Mediated Cytotoxicity
gene8416,NCR1,Natural Killer Cell Mediated Cytotoxicity,Natural Killer Cell Mediated Cytotoxicity
gene8417,HCST,Natural Killer Cell Mediated Cytotoxicity,Natural Killer Cell Mediated Cytotoxicity
gene8418,NCR2,Natural Killer Cell Mediated Cytotoxicity,Natural Killer Cell Mediated Cytotoxicity
gene8419,NFATC4,Natural Killer Cell Mediated Cytotoxicity,Natural Killer Cell Mediated Cytotoxicity
gene8420,NFATC3,Natural Killer Cell Mediated Cytotoxicity,Natural Killer Cell Mediated Cytotoxicity
gene8421,KRAS,Natural Killer Cell Mediated Cytotoxicity,Natural Killer Cell Mediated Cytotoxicity
gene8422,SHC3,Natural Killer Cell Mediated Cytotoxicity,Natural Killer Cell Mediated Cytotoxicity
gene8423,CD247,Natural Killer Cell Mediated Cytotoxicity,Natural Killer Cell Mediated Cytotoxicity
gene8424,RAET1L,Natural Killer Cell Mediated Cytotoxicity,Natural Killer Cell Mediated Cytotoxicity
gene8425,HLA-E,Natural Killer Cell Mediated Cytotoxicity,Natural Killer Cell Mediated Cytotoxicity
gene8426,PAK1,Natural Killer Cell Mediated Cytotoxicity,Natural Killer Cell Mediated Cytotoxicity
gene8427,LCP2,Natural Killer Cell Mediated Cytotoxicity,Natural Killer Cell Mediated Cytotoxicity
gene8428,KLRK1,Natural Killer Cell Mediated Cytotoxicity,Natural Killer Cell Mediated Cytotoxicity
gene8429,PLCG1,Natural Killer Cell Mediated Cytotoxicity,Natural Killer Cell Mediated Cytotoxicity
gene8430,PLCG2,Natural Killer Cell Mediated Cytotoxicity,Natural Killer Cell Mediated Cytotoxicity
gene8431,PTK2B,Natural Killer Cell Mediated Cytotoxicity,Natural Killer Cell Mediated Cytotoxicity
gene8432,NFATC2,Natural Killer Cell Mediated Cytotoxicity,Natural Killer Cell Mediated Cytotoxicity
gene8433,NFATC1,Natural Killer Cell Mediated Cytotoxicity,Natural Killer Cell Mediated Cytotoxicity
gene8434,LCK,Natural Killer Cell Mediated Cytotoxicity,Natural Killer Cell Mediated Cytotoxicity
gene8435,SOS2,Natural Killer Cell Mediated Cytotoxicity,Natural Killer Cell Mediated Cytotoxicity
gene8436,PTPN11,Natural Killer Cell Mediated Cytotoxicity,Natural Killer Cell Mediated Cytotoxicity
gene8437,KLRC3,Natural Killer Cell Mediated Cytotoxicity,Natural Killer Cell Mediated Cytotoxicity
gene8438,RAF1,Natural Killer Cell Mediated Cytotoxicity,Natural Killer Cell Mediated Cytotoxicity
gene8439,PRKCB,Natural Killer Cell Mediated Cytotoxicity,Natural Killer Cell Mediated Cytotoxicity
gene8440,KLRD1,Natural Killer Cell Mediated Cytotoxicity,Natural Killer Cell Mediated Cytotoxicity
gene8441,SHC1,Natural Killer Cell Mediated Cytotoxicity,Natural Killer Cell Mediated Cytotoxicity
gene8442,KLRC1,Natural Killer Cell Mediated Cytotoxicity,Natural Killer Cell Mediated Cytotoxicity
gene8443,PRKCA,Natural Killer Cell Mediated Cytotoxicity,Natural Killer Cell Mediated Cytotoxicity
gene8444,KLRC2,Natural Killer Cell Mediated Cytotoxicity,Natural Killer Cell Mediated Cytotoxicity
gene8445,TNF,Natural Killer Cell Mediated Cytotoxicity,Natural Killer Cell Mediated Cytotoxicity
gene8446,ICAM2,Natural Killer Cell Mediated Cytotoxicity,Natural Killer Cell Mediated Cytotoxicity
gene8447,IFNA5,Natural Killer Cell Mediated Cytotoxicity,Natural Killer Cell Mediated Cytotoxicity
gene8448,IFNA4,Natural Killer Cell Mediated Cytotoxicity,Natural Killer Cell Mediated Cytotoxicity
gene8449,IFNA2,Natural Killer Cell Mediated Cytotoxicity,Natural Killer Cell Mediated Cytotoxicity
gene8450,ICAM1,Natural Killer Cell Mediated Cytotoxicity,Natural Killer Cell Mediated Cytotoxicity
gene8451,IFNA1,Natural Killer Cell Mediated Cytotoxicity,Natural Killer Cell Mediated Cytotoxicity
gene8452,RAET1G,Natural Killer Cell Mediated Cytotoxicity,Natural Killer Cell Mediated Cytotoxicity
gene8453,HLA-C,Natural Killer Cell Mediated Cytotoxicity,Natural Killer Cell Mediated Cytotoxicity
gene8454,HLA-B,Natural Killer Cell Mediated Cytotoxicity,Natural Killer Cell Mediated Cytotoxicity
gene8455,PTPN6,Natural Killer Cell Mediated Cytotoxicity,Natural Killer Cell Mediated Cytotoxicity
gene8456,PRKCG,Natural Killer Cell Mediated Cytotoxicity,Natural Killer Cell Mediated Cytotoxicity
gene8457,HLA-A,Natural Killer Cell Mediated Cytotoxicity,Natural Killer Cell Mediated Cytotoxicity
gene8458,RAC2,Natural Killer Cell Mediated Cytotoxicity,Natural Killer Cell Mediated Cytotoxicity
gene8459,SH3BP2,Natural Killer Cell Mediated Cytotoxicity,Natural Killer Cell Mediated Cytotoxicity
gene8460,BID,Natural Killer Cell Mediated Cytotoxicity,Natural Killer Cell Mediated Cytotoxicity
gene8461,MAP2K2,Natural Killer Cell Mediated Cytotoxicity,Natural Killer Cell Mediated Cytotoxicity
gene8462,KIR2DS5,Natural Killer Cell Mediated Cytotoxicity,Natural Killer Cell Mediated Cytotoxicity
gene8463,RAC3,Natural Killer Cell Mediated Cytotoxicity,Natural Killer Cell Mediated Cytotoxicity
gene8464,KIR3DL1,Natural Killer Cell Mediated Cytotoxicity,Natural Killer Cell Mediated Cytotoxicity
gene8465,KIR3DL2,Natural Killer Cell Mediated Cytotoxicity,Natural Killer Cell Mediated Cytotoxicity
gene8466,MAP2K1,Natural Killer Cell Mediated Cytotoxicity,Natural Killer Cell Mediated Cytotoxicity
gene8467,IFNA17,Natural Killer Cell Mediated Cytotoxicity,Natural Killer Cell Mediated Cytotoxicity
gene8468,CASP3,Natural Killer Cell Mediated Cytotoxicity,Natural Killer Cell Mediated Cytotoxicity
gene8469,IFNA21,Natural Killer Cell Mediated Cytotoxicity,Natural Killer Cell Mediated Cytotoxicity
gene8470,IFNA6,Natural Killer Cell Mediated Cytotoxicity,Natural Killer Cell Mediated Cytotoxicity
gene8471,IFNA7,Natural Killer Cell Mediated Cytotoxicity,Natural Killer Cell Mediated Cytotoxicity
gene8472,IFNA8,Natural Killer Cell Mediated Cytotoxicity,Natural Killer Cell Mediated Cytotoxicity
gene8473,TYROBP,Natural Killer Cell Mediated Cytotoxicity,Natural Killer Cell Mediated Cytotoxicity
gene8474,IFNA10,Natural Killer Cell Mediated Cytotoxicity,Natural Killer Cell Mediated Cytotoxicity
gene8475,IFNA13,Natural Killer Cell Mediated Cytotoxicity,Natural Killer Cell Mediated Cytotoxicity
gene8476,IFNA14,Natural Killer Cell Mediated Cytotoxicity,Natural Killer Cell Mediated Cytotoxicity
gene8477,GRB2,Natural Killer Cell Mediated Cytotoxicity,Natural Killer Cell Mediated Cytotoxicity
gene8478,IFNA16,Natural Killer Cell Mediated Cytotoxicity,Natural Killer Cell Mediated Cytotoxicity
gene8479,MAPK3,Natural Killer Cell Mediated Cytotoxicity,Natural Killer Cell Mediated Cytotoxicity
gene8480,KIR2DL5A,Natural Killer Cell Mediated Cytotoxicity,Natural Killer Cell Mediated Cytotoxicity
gene8481,RAC1,Natural Killer Cell Mediated Cytotoxicity,Natural Killer Cell Mediated Cytotoxicity
gene8482,SOS1,Natural Killer Cell Mediated Cytotoxicity,Natural Killer Cell Mediated Cytotoxicity
gene8483,MAPK1,Natural Killer Cell Mediated Cytotoxicity,Natural Killer Cell Mediated Cytotoxicity
gene8484,KIR2DL1,Natural Killer Cell Mediated Cytotoxicity,Natural Killer Cell Mediated Cytotoxicity
gene8485,HRAS,Natural Killer Cell Mediated Cytotoxicity,Natural Killer Cell Mediated Cytotoxicity
gene8486,KIR2DS4,Natural Killer Cell Mediated Cytotoxicity,Natural Killer Cell Mediated Cytotoxicity
gene8487,CD48,Natural Killer Cell Mediated Cytotoxicity,Natural Killer Cell Mediated Cytotoxicity
gene8488,KIR2DS3,Natural Killer Cell Mediated Cytotoxicity,Natural Killer Cell Mediated Cytotoxicity
gene8489,IFNGR2,Natural Killer Cell Mediated Cytotoxicity,Natural Killer Cell Mediated Cytotoxicity
gene8490,LAT,Natural Killer Cell Mediated Cytotoxicity,Natural Killer Cell Mediated Cytotoxicity
gene8491,KIR2DL4,Natural Killer Cell Mediated Cytotoxicity,Natural Killer Cell Mediated Cytotoxicity
gene8492,ULBP1,Natural Killer Cell Mediated Cytotoxicity,Natural Killer Cell Mediated Cytotoxicity
gene8493,KIR2DS1,Natural Killer Cell Mediated Cytotoxicity,Natural Killer Cell Mediated Cytotoxicity
gene8494,ULBP2,Natural Killer Cell Mediated Cytotoxicity,Natural Killer Cell Mediated Cytotoxicity
gene8495,KIR2DL2,Natural Killer Cell Mediated Cytotoxicity,Natural Killer Cell Mediated Cytotoxicity
gene8496,KIR2DL3,Natural Killer Cell Mediated Cytotoxicity,Natural Killer Cell Mediated Cytotoxicity
gene8497,TNFRSF10A,Natural Killer Cell Mediated Cytotoxicity,Natural Killer Cell Mediated Cytotoxicity
gene8498,IFNG,Natural Killer Cell Mediated Cytotoxicity,Natural Killer Cell Mediated Cytotoxicity
gene8499,IFNGR1,Natural Killer Cell Mediated Cytotoxicity,Natural Killer Cell Mediated Cytotoxicity
gene8500,TNFRSF10D,Natural Killer Cell Mediated Cytotoxicity,Natural Killer Cell Mediated Cytotoxicity
gene8501,SYK,Natural Killer Cell Mediated Cytotoxicity,Natural Killer Cell Mediated Cytotoxicity
gene8502,IFNB1,Natural Killer Cell Mediated Cytotoxicity,Natural Killer Cell Mediated Cytotoxicity
gene8503,MICB,Natural Killer Cell Mediated Cytotoxicity,Natural Killer Cell Mediated Cytotoxicity
gene8504,ARAF,Natural Killer Cell Mediated Cytotoxicity,Natural Killer Cell Mediated Cytotoxicity
gene8505,TNFRSF10B,Natural Killer Cell Mediated Cytotoxicity,Natural Killer Cell Mediated Cytotoxicity
gene8506,IFNAR1,Natural Killer Cell Mediated Cytotoxicity,Natural Killer Cell Mediated Cytotoxicity
gene8507,TNFRSF10C,Natural Killer Cell Mediated Cytotoxicity,Natural Killer Cell Mediated Cytotoxicity
gene8508,IFNAR2,Natural Killer Cell Mediated Cytotoxicity,Natural Killer Cell Mediated Cytotoxicity
gene8509,MICA,Natural Killer Cell Mediated Cytotoxicity,Natural Killer Cell Mediated Cytotoxicity
gene8510,PIK3R3,Natural Killer Cell Mediated Cytotoxicity,Natural Killer Cell Mediated Cytotoxicity
gene8511,NCR3,Natural Killer Cell Mediated Cytotoxicity,Natural Killer Cell Mediated Cytotoxicity
gene8512,CD244,Natural Killer Cell Mediated Cytotoxicity,Natural Killer Cell Mediated Cytotoxicity
gene8513,PPP3CB,Natural Killer Cell Mediated Cytotoxicity,Natural Killer Cell Mediated Cytotoxicity
gene8514,PPP3CA,Natural Killer Cell Mediated Cytotoxicity,Natural Killer Cell Mediated Cytotoxicity
gene8515,PIK3CA,Natural Killer Cell Mediated Cytotoxicity,Natural Killer Cell Mediated Cytotoxicity
gene8516,PIK3CB,Natural Killer Cell Mediated Cytotoxicity,Natural Killer Cell Mediated Cytotoxicity
gene8517,FAS,Natural Killer Cell Mediated Cytotoxicity,Natural Killer Cell Mediated Cytotoxicity
gene8518,PIK3CD,Natural Killer Cell Mediated Cytotoxicity,Natural Killer Cell Mediated Cytotoxicity
gene8519,SHC2,Natural Killer Cell Mediated Cytotoxicity,Natural Killer Cell Mediated Cytotoxicity
gene8520,FASLG,Natural Killer Cell Mediated Cytotoxicity,Natural Killer Cell Mediated Cytotoxicity
gene8521,FYN,Natural Killer Cell Mediated Cytotoxicity,Natural Killer Cell Mediated Cytotoxicity
gene8522,PIK3CG,Natural Killer Cell Mediated Cytotoxicity,Natural Killer Cell Mediated Cytotoxicity
gene8523,VAV3,Natural Killer Cell Mediated Cytotoxicity,Natural Killer Cell Mediated Cytotoxicity
gene8524,PIK3R1,Natural Killer Cell Mediated Cytotoxicity,Natural Killer Cell Mediated Cytotoxicity
gene8525,SH2D1A,Natural Killer Cell Mediated Cytotoxicity,Natural Killer Cell Mediated Cytotoxicity
gene8526,PIK3R2,Natural Killer Cell Mediated Cytotoxicity,Natural Killer Cell Mediated Cytotoxicity
gene8527,CHP1,Natural Killer Cell Mediated Cytotoxicity,Natural Killer Cell Mediated Cytotoxicity
gene8528,JUN,T Cell Receptor Signaling Pathway,T Cell Receptor Signaling Pathway
gene8529,ZAP70,T Cell Receptor Signaling Pathway,T Cell Receptor Signaling Pathway
gene8530,MALT1,T Cell Receptor Signaling Pathway,T Cell Receptor Signaling Pathway
gene8531,CD28,T Cell Receptor Signaling Pathway,T Cell Receptor Signaling Pathway
gene8532,PDPK1,T Cell Receptor Signaling Pathway,T Cell Receptor Signaling Pathway
gene8533,PPP3R2,T Cell Receptor Signaling Pathway,T Cell Receptor Signaling Pathway
gene8534,PPP3CC,T Cell Receptor Signaling Pathway,T Cell Receptor Signaling Pathway
gene8535,PPP3R1,T Cell Receptor Signaling Pathway,T Cell Receptor Signaling Pathway
gene8536,PAK4,T Cell Receptor Signaling Pathway,T Cell Receptor Signaling Pathway
gene8537,ICOS,T Cell Receptor Signaling Pathway,T Cell Receptor Signaling Pathway
gene8538,VAV1,T Cell Receptor Signaling Pathway,T Cell Receptor Signaling Pathway
gene8539,IKBKB,T Cell Receptor Signaling Pathway,T Cell Receptor Signaling Pathway
gene8540,MAP3K8,T Cell Receptor Signaling Pathway,T Cell Receptor Signaling Pathway
gene8541,MAP3K7,T Cell Receptor Signaling Pathway,T Cell Receptor Signaling Pathway
gene8542,AKT1,T Cell Receptor Signaling Pathway,T Cell Receptor Signaling Pathway
gene8543,AKT2,T Cell Receptor Signaling Pathway,T Cell Receptor Signaling Pathway
gene8544,NRAS,T Cell Receptor Signaling Pathway,T Cell Receptor Signaling Pathway
gene8545,AKT3,T Cell Receptor Signaling Pathway,T Cell Receptor Signaling Pathway
gene8546,VAV2,T Cell Receptor Signaling Pathway,T Cell Receptor Signaling Pathway
gene8547,CHP2,T Cell Receptor Signaling Pathway,T Cell Receptor Signaling Pathway
gene8548,NFAT5,T Cell Receptor Signaling Pathway,T Cell Receptor Signaling Pathway
gene8549,NFKB1,T Cell Receptor Signaling Pathway,T Cell Receptor Signaling Pathway
gene8550,NFKBIB,T Cell Receptor Signaling Pathway,T Cell Receptor Signaling Pathway
gene8551,NFKBIA,T Cell Receptor Signaling Pathway,T Cell Receptor Signaling Pathway
gene8552,PAK6,T Cell Receptor Signaling Pathway,T Cell Receptor Signaling Pathway
gene8553,NFKBIE,T Cell Receptor Signaling Pathway,T Cell Receptor Signaling Pathway
gene8554,NCK1,T Cell Receptor Signaling Pathway,T Cell Receptor Signaling Pathway
gene8555,CTLA4,T Cell Receptor Signaling Pathway,T Cell Receptor Signaling Pathway
gene8556,CSF2,T Cell Receptor Signaling Pathway,T Cell Receptor Signaling Pathway
gene8557,PIK3R5,T Cell Receptor Signaling Pathway,T Cell Receptor Signaling Pathway
gene8558,CD4,T Cell Receptor Signaling Pathway,T Cell Receptor Signaling Pathway
gene8559,NFATC4,T Cell Receptor Signaling Pathway,T Cell Receptor Signaling Pathway
gene8560,MAPK14,T Cell Receptor Signaling Pathway,T Cell Receptor Signaling Pathway
gene8561,MAPK12,T Cell Receptor Signaling Pathway,T Cell Receptor Signaling Pathway
gene8562,NFATC3,T Cell Receptor Signaling Pathway,T Cell Receptor Signaling Pathway
gene8563,RELA,T Cell Receptor Signaling Pathway,T Cell Receptor Signaling Pathway
gene8564,KRAS,T Cell Receptor Signaling Pathway,T Cell Receptor Signaling Pathway
gene8565,CD8A,T Cell Receptor Signaling Pathway,T Cell Receptor Signaling Pathway
gene8566,CD8B,T Cell Receptor Signaling Pathway,T Cell Receptor Signaling Pathway
gene8567,CD247,T Cell Receptor Signaling Pathway,T Cell Receptor Signaling Pathway
gene8568,NCK2,T Cell Receptor Signaling Pathway,T Cell Receptor Signaling Pathway
gene8569,MAP3K14,T Cell Receptor Signaling Pathway,T Cell Receptor Signaling Pathway
gene8570,PAK5,T Cell Receptor Signaling Pathway,T Cell Receptor Signaling Pathway
gene8571,CD3D,T Cell Receptor Signaling Pathway,T Cell Receptor Signaling Pathway
gene8572,CD3E,T Cell Receptor Signaling Pathway,T Cell Receptor Signaling Pathway
gene8573,PAK1,T Cell Receptor Signaling Pathway,T Cell Receptor Signaling Pathway
gene8574,CD3G,T Cell Receptor Signaling Pathway,T Cell Receptor Signaling Pathway
gene8575,CBLC,T Cell Receptor Signaling Pathway,T Cell Receptor Signaling Pathway
gene8576,LCP2,T Cell Receptor Signaling Pathway,T Cell Receptor Signaling Pathway
gene8577,PLCG1,T Cell Receptor Signaling Pathway,T Cell Receptor Signaling Pathway
gene8578,NFATC2,T Cell Receptor Signaling Pathway,T Cell Receptor Signaling Pathway
gene8579,NFATC1,T Cell Receptor Signaling Pathway,T Cell Receptor Signaling Pathway
gene8580,LCK,T Cell Receptor Signaling Pathway,T Cell Receptor Signaling Pathway
gene8581,CDC42,T Cell Receptor Signaling Pathway,T Cell Receptor Signaling Pathway
gene8582,RASGRP1,T Cell Receptor Signaling Pathway,T Cell Receptor Signaling Pathway
gene8583,SOS2,T Cell Receptor Signaling Pathway,T Cell Receptor Signaling Pathway
gene8584,PAK3,T Cell Receptor Signaling Pathway,T Cell Receptor Signaling Pathway
gene8585,CHUK,T Cell Receptor Signaling Pathway,T Cell Receptor Signaling Pathway
gene8586,RAF1,T Cell Receptor Signaling Pathway,T Cell Receptor Signaling Pathway
gene8587,TNF,T Cell Receptor Signaling Pathway,T Cell Receptor Signaling Pathway
gene8588,CARD11,T Cell Receptor Signaling Pathway,T Cell Receptor Signaling Pathway
gene8589,PAK2,T Cell Receptor Signaling Pathway,T Cell Receptor Signaling Pathway
gene8590,RHOA,T Cell Receptor Signaling Pathway,T Cell Receptor Signaling Pathway
gene8591,PTPN6,T Cell Receptor Signaling Pathway,T Cell Receptor Signaling Pathway
gene8592,PDCD1,T Cell Receptor Signaling Pathway,T Cell Receptor Signaling Pathway
gene8593,MAPK9,T Cell Receptor Signaling Pathway,T Cell Receptor Signaling Pathway
gene8594,MAPK11,T Cell Receptor Signaling Pathway,T Cell Receptor Signaling Pathway
gene8595,MAP2K2,T Cell Receptor Signaling Pathway,T Cell Receptor Signaling Pathway
gene8596,PRKCQ,T Cell Receptor Signaling Pathway,T Cell Receptor Signaling Pathway
gene8597,MAPK13,T Cell Receptor Signaling Pathway,T Cell Receptor Signaling Pathway
gene8598,MAP2K1,T Cell Receptor Signaling Pathway,T Cell Receptor Signaling Pathway
gene8599,MAP2K7,T Cell Receptor Signaling Pathway,T Cell Receptor Signaling Pathway
gene8600,GRAP2,T Cell Receptor Signaling Pathway,T Cell Receptor Signaling Pathway
gene8601,GRB2,T Cell Receptor Signaling Pathway,T Cell Receptor Signaling Pathway
gene8602,MAPK3,T Cell Receptor Signaling Pathway,T Cell Receptor Signaling Pathway
gene8603,IL10,T Cell Receptor Signaling Pathway,T Cell Receptor Signaling Pathway
gene8604,PTPRC,T Cell Receptor Signaling Pathway,T Cell Receptor Signaling Pathway
gene8605,SOS1,T Cell Receptor Signaling Pathway,T Cell Receptor Signaling Pathway
gene8606,MAPK1,T Cell Receptor Signaling Pathway,T Cell Receptor Signaling Pathway
gene8607,HRAS,T Cell Receptor Signaling Pathway,T Cell Receptor Signaling Pathway
gene8608,IKBKG,T Cell Receptor Signaling Pathway,T Cell Receptor Signaling Pathway
gene8609,TEC,T Cell Receptor Signaling Pathway,T Cell Receptor Signaling Pathway
gene8610,GSK3B,T Cell Receptor Signaling Pathway,T Cell Receptor Signaling Pathway
gene8611,CBLB,T Cell Receptor Signaling Pathway,T Cell Receptor Signaling Pathway
gene8612,CBL,T Cell Receptor Signaling Pathway,T Cell Receptor Signaling Pathway
gene8613,ITK,T Cell Receptor Signaling Pathway,T Cell Receptor Signaling Pathway
gene8614,LAT,T Cell Receptor Signaling Pathway,T Cell Receptor Signaling Pathway
gene8615,IFNG,T Cell Receptor Signaling Pathway,T Cell Receptor Signaling Pathway
gene8616,IL2,T Cell Receptor Signaling Pathway,T Cell Receptor Signaling Pathway
gene8617,CD40LG,T Cell Receptor Signaling Pathway,T Cell Receptor Signaling Pathway
gene8618,PIK3R3,T Cell Receptor Signaling Pathway,T Cell Receptor Signaling Pathway
gene8619,CDK4,T Cell Receptor Signaling Pathway,T Cell Receptor Signaling Pathway
gene8620,PPP3CB,T Cell Receptor Signaling Pathway,T Cell Receptor Signaling Pathway
gene8621,DLG1,T Cell Receptor Signaling Pathway,T Cell Receptor Signaling Pathway
gene8622,PPP3CA,T Cell Receptor Signaling Pathway,T Cell Receptor Signaling Pathway
gene8623,PIK3CA,T Cell Receptor Signaling Pathway,T Cell Receptor Signaling Pathway
gene8624,PIK3CB,T Cell Receptor Signaling Pathway,T Cell Receptor Signaling Pathway
gene8625,PIK3CD,T Cell Receptor Signaling Pathway,T Cell Receptor Signaling Pathway
gene8626,BCL10,T Cell Receptor Signaling Pathway,T Cell Receptor Signaling Pathway
gene8627,IL4,T Cell Receptor Signaling Pathway,T Cell Receptor Signaling Pathway
gene8628,FYN,T Cell Receptor Signaling Pathway,T Cell Receptor Signaling Pathway
gene8629,IL5,T Cell Receptor Signaling Pathway,T Cell Receptor Signaling Pathway
gene8630,FOS,T Cell Receptor Signaling Pathway,T Cell Receptor Signaling Pathway
gene8631,PIK3CG,T Cell Receptor Signaling Pathway,T Cell Receptor Signaling Pathway
gene8632,VAV3,T Cell Receptor Signaling Pathway,T Cell Receptor Signaling Pathway
gene8633,PIK3R1,T Cell Receptor Signaling Pathway,T Cell Receptor Signaling Pathway
gene8634,PIK3R2,T Cell Receptor Signaling Pathway,T Cell Receptor Signaling Pathway
gene8635,CHP1,T Cell Receptor Signaling Pathway,T Cell Receptor Signaling Pathway
gene8636,JUN,B Cell Receptor Signaling Pathway,B Cell Receptor Signaling Pathway
gene8637,SOS2,B Cell Receptor Signaling Pathway,B Cell Receptor Signaling Pathway
gene8638,CHUK,B Cell Receptor Signaling Pathway,B Cell Receptor Signaling Pathway
gene8639,RAF1,B Cell Receptor Signaling Pathway,B Cell Receptor Signaling Pathway
gene8640,PRKCB,B Cell Receptor Signaling Pathway,B Cell Receptor Signaling Pathway
gene8641,MALT1,B Cell Receptor Signaling Pathway,B Cell Receptor Signaling Pathway
gene8642,CARD11,B Cell Receptor Signaling Pathway,B Cell Receptor Signaling Pathway
gene8643,PPP3R2,B Cell Receptor Signaling Pathway,B Cell Receptor Signaling Pathway
gene8644,PPP3CC,B Cell Receptor Signaling Pathway,B Cell Receptor Signaling Pathway
gene8645,PPP3R1,B Cell Receptor Signaling Pathway,B Cell Receptor Signaling Pathway
gene8646,PTPN6,B Cell Receptor Signaling Pathway,B Cell Receptor Signaling Pathway
gene8647,INPP5D,B Cell Receptor Signaling Pathway,B Cell Receptor Signaling Pathway
gene8648,DAPP1,B Cell Receptor Signaling Pathway,B Cell Receptor Signaling Pathway
gene8649,RAC2,B Cell Receptor Signaling Pathway,B Cell Receptor Signaling Pathway
gene8650,MAP2K2,B Cell Receptor Signaling Pathway,B Cell Receptor Signaling Pathway
gene8651,RAC3,B Cell Receptor Signaling Pathway,B Cell Receptor Signaling Pathway
gene8652,CD19,B Cell Receptor Signaling Pathway,B Cell Receptor Signaling Pathway
gene8653,MAP2K1,B Cell Receptor Signaling Pathway,B Cell Receptor Signaling Pathway
gene8654,VAV1,B Cell Receptor Signaling Pathway,B Cell Receptor Signaling Pathway
gene8655,CD22,B Cell Receptor Signaling Pathway,B Cell Receptor Signaling Pathway
gene8656,CD72,B Cell Receptor Signaling Pathway,B Cell Receptor Signaling Pathway
gene8657,IKBKB,B Cell Receptor Signaling Pathway,B Cell Receptor Signaling Pathway
gene8658,CD79A,B Cell Receptor Signaling Pathway,B Cell Receptor Signaling Pathway
gene8659,AKT1,B Cell Receptor Signaling Pathway,B Cell Receptor Signaling Pathway
gene8660,CD81,B Cell Receptor Signaling Pathway,B Cell Receptor Signaling Pathway
gene8661,CR2,B Cell Receptor Signaling Pathway,B Cell Receptor Signaling Pathway
gene8662,AKT2,B Cell Receptor Signaling Pathway,B Cell Receptor Signaling Pathway
gene8663,CD79B,B Cell Receptor Signaling Pathway,B Cell Receptor Signaling Pathway
gene8664,VAV2,B Cell Receptor Signaling Pathway,B Cell Receptor Signaling Pathway
gene8665,AKT3,B Cell Receptor Signaling Pathway,B Cell Receptor Signaling Pathway
gene8666,NRAS,B Cell Receptor Signaling Pathway,B Cell Receptor Signaling Pathway
gene8667,CHP2,B Cell Receptor Signaling Pathway,B Cell Receptor Signaling Pathway
gene8668,GRB2,B Cell Receptor Signaling Pathway,B Cell Receptor Signaling Pathway
gene8669,RASGRP3,B Cell Receptor Signaling Pathway,B Cell Receptor Signaling Pathway
gene8670,NFAT5,B Cell Receptor Signaling Pathway,B Cell Receptor Signaling Pathway
gene8671,MAPK3,B Cell Receptor Signaling Pathway,B Cell Receptor Signaling Pathway
gene8672,NFKB1,B Cell Receptor Signaling Pathway,B Cell Receptor Signaling Pathway
gene8673,NFKBIB,B Cell Receptor Signaling Pathway,B Cell Receptor Signaling Pathway
gene8674,RAC1,B Cell Receptor Signaling Pathway,B Cell Receptor Signaling Pathway
gene8675,NFKBIA,B Cell Receptor Signaling Pathway,B Cell Receptor Signaling Pathway
gene8676,SOS1,B Cell Receptor Signaling Pathway,B Cell Receptor Signaling Pathway
gene8677,FCGR2B,B Cell Receptor Signaling Pathway,B Cell Receptor Signaling Pathway
gene8678,NFKBIE,B Cell Receptor Signaling Pathway,B Cell Receptor Signaling Pathway
gene8679,MAPK1,B Cell Receptor Signaling Pathway,B Cell Receptor Signaling Pathway
gene8680,PIK3R5,B Cell Receptor Signaling Pathway,B Cell Receptor Signaling Pathway
gene8681,IKBKG,B Cell Receptor Signaling Pathway,B Cell Receptor Signaling Pathway
gene8682,HRAS,B Cell Receptor Signaling Pathway,B Cell Receptor Signaling Pathway
gene8683,IFITM1,B Cell Receptor Signaling Pathway,B Cell Receptor Signaling Pathway
gene8684,NFATC4,B Cell Receptor Signaling Pathway,B Cell Receptor Signaling Pathway
gene8685,RELA,B Cell Receptor Signaling Pathway,B Cell Receptor Signaling Pathway
gene8686,NFATC3,B Cell Receptor Signaling Pathway,B Cell Receptor Signaling Pathway
gene8687,GSK3B,B Cell Receptor Signaling Pathway,B Cell Receptor Signaling Pathway
gene8688,KRAS,B Cell Receptor Signaling Pathway,B Cell Receptor Signaling Pathway
gene8689,SYK,B Cell Receptor Signaling Pathway,B Cell Receptor Signaling Pathway
gene8690,BTK,B Cell Receptor Signaling Pathway,B Cell Receptor Signaling Pathway
gene8691,PIK3R3,B Cell Receptor Signaling Pathway,B Cell Receptor Signaling Pathway
gene8692,BLNK,B Cell Receptor Signaling Pathway,B Cell Receptor Signaling Pathway
gene8693,PIK3AP1,B Cell Receptor Signaling Pathway,B Cell Receptor Signaling Pathway
gene8694,PPP3CB,B Cell Receptor Signaling Pathway,B Cell Receptor Signaling Pathway
gene8695,PPP3CA,B Cell Receptor Signaling Pathway,B Cell Receptor Signaling Pathway
gene8696,LILRB3,B Cell Receptor Signaling Pathway,B Cell Receptor Signaling Pathway
gene8697,PIK3CA,B Cell Receptor Signaling Pathway,B Cell Receptor Signaling Pathway
gene8698,PIK3CB,B Cell Receptor Signaling Pathway,B Cell Receptor Signaling Pathway
gene8699,PIK3CD,B Cell Receptor Signaling Pathway,B Cell Receptor Signaling Pathway
gene8700,PLCG2,B Cell Receptor Signaling Pathway,B Cell Receptor Signaling Pathway
gene8701,BCL10,B Cell Receptor Signaling Pathway,B Cell Receptor Signaling Pathway
gene8702,NFATC2,B Cell Receptor Signaling Pathway,B Cell Receptor Signaling Pathway
gene8703,FOS,B Cell Receptor Signaling Pathway,B Cell Receptor Signaling Pathway
gene8704,NFATC1,B Cell Receptor Signaling Pathway,B Cell Receptor Signaling Pathway
gene8705,PIK3CG,B Cell Receptor Signaling Pathway,B Cell Receptor Signaling Pathway
gene8706,LYN,B Cell Receptor Signaling Pathway,B Cell Receptor Signaling Pathway
gene8707,VAV3,B Cell Receptor Signaling Pathway,B Cell Receptor Signaling Pathway
gene8708,PIK3R1,B Cell Receptor Signaling Pathway,B Cell Receptor Signaling Pathway
gene8709,PIK3R2,B Cell Receptor Signaling Pathway,B Cell Receptor Signaling Pathway
gene8710,CHP1,B Cell Receptor Signaling Pathway,B Cell Receptor Signaling Pathway
gene8711,SOS2,Fc Epsilon Ri Signaling Pathway,Fc Epsilon Ri Signaling Pathway
gene8712,RAF1,Fc Epsilon Ri Signaling Pathway,Fc Epsilon Ri Signaling Pathway
gene8713,PRKCB,Fc Epsilon Ri Signaling Pathway,Fc Epsilon Ri Signaling Pathway
gene8714,PRKCA,Fc Epsilon Ri Signaling Pathway,Fc Epsilon Ri Signaling Pathway
gene8715,PDPK1,Fc Epsilon Ri Signaling Pathway,Fc Epsilon Ri Signaling Pathway
gene8716,TNF,Fc Epsilon Ri Signaling Pathway,Fc Epsilon Ri Signaling Pathway
gene8717,MAP2K4,Fc Epsilon Ri Signaling Pathway,Fc Epsilon Ri Signaling Pathway
gene8718,PLA2G3,Fc Epsilon Ri Signaling Pathway,Fc Epsilon Ri Signaling Pathway
gene8719,FCER1G,Fc Epsilon Ri Signaling Pathway,Fc Epsilon Ri Signaling Pathway
gene8720,MS4A2,Fc Epsilon Ri Signaling Pathway,Fc Epsilon Ri Signaling Pathway
gene8721,FCER1A,Fc Epsilon Ri Signaling Pathway,Fc Epsilon Ri Signaling Pathway
gene8722,PRKCD,Fc Epsilon Ri Signaling Pathway,Fc Epsilon Ri Signaling Pathway
gene8723,INPP5D,Fc Epsilon Ri Signaling Pathway,Fc Epsilon Ri Signaling Pathway
gene8724,PRKCE,Fc Epsilon Ri Signaling Pathway,Fc Epsilon Ri Signaling Pathway
gene8725,JMJD7-PLA2G4B,Fc Epsilon Ri Signaling Pathway,Fc Epsilon Ri Signaling Pathway
gene8726,MAPK9,Fc Epsilon Ri Signaling Pathway,Fc Epsilon Ri Signaling Pathway
gene8727,MAPK10,Fc Epsilon Ri Signaling Pathway,Fc Epsilon Ri Signaling Pathway
gene8728,PLA2G6,Fc Epsilon Ri Signaling Pathway,Fc Epsilon Ri Signaling Pathway
gene8729,RAC2,Fc Epsilon Ri Signaling Pathway,Fc Epsilon Ri Signaling Pathway
gene8730,IL13,Fc Epsilon Ri Signaling Pathway,Fc Epsilon Ri Signaling Pathway
gene8731,PLA2G2E,Fc Epsilon Ri Signaling Pathway,Fc Epsilon Ri Signaling Pathway
gene8732,PLA2G10,Fc Epsilon Ri Signaling Pathway,Fc Epsilon Ri Signaling Pathway
gene8733,MAPK11,Fc Epsilon Ri Signaling Pathway,Fc Epsilon Ri Signaling Pathway
gene8734,MAP2K2,Fc Epsilon Ri Signaling Pathway,Fc Epsilon Ri Signaling Pathway
gene8735,PLA2G2A,Fc Epsilon Ri Signaling Pathway,Fc Epsilon Ri Signaling Pathway
gene8736,RAC3,Fc Epsilon Ri Signaling Pathway,Fc Epsilon Ri Signaling Pathway
gene8737,MAP2K3,Fc Epsilon Ri Signaling Pathway,Fc Epsilon Ri Signaling Pathway
gene8738,PLA2G4A,Fc Epsilon Ri Signaling Pathway,Fc Epsilon Ri Signaling Pathway
gene8739,MAPK13,Fc Epsilon Ri Signaling Pathway,Fc Epsilon Ri Signaling Pathway
gene8740,PLA2G5,Fc Epsilon Ri Signaling Pathway,Fc Epsilon Ri Signaling Pathway
gene8741,PLA2G12B,Fc Epsilon Ri Signaling Pathway,Fc Epsilon Ri Signaling Pathway
gene8742,MAP2K1,Fc Epsilon Ri Signaling Pathway,Fc Epsilon Ri Signaling Pathway
gene8743,VAV1,Fc Epsilon Ri Signaling Pathway,Fc Epsilon Ri Signaling Pathway
gene8744,MAP2K7,Fc Epsilon Ri Signaling Pathway,Fc Epsilon Ri Signaling Pathway
gene8745,PLA2G4B,Fc Epsilon Ri Signaling Pathway,Fc Epsilon Ri Signaling Pathway
gene8746,MAP2K6,Fc Epsilon Ri Signaling Pathway,Fc Epsilon Ri Signaling Pathway
gene8747,AKT1,Fc Epsilon Ri Signaling Pathway,Fc Epsilon Ri Signaling Pathway
gene8748,PLA2G2F,Fc Epsilon Ri Signaling Pathway,Fc Epsilon Ri Signaling Pathway
gene8749,AKT2,Fc Epsilon Ri Signaling Pathway,Fc Epsilon Ri Signaling Pathway
gene8750,VAV2,Fc Epsilon Ri Signaling Pathway,Fc Epsilon Ri Signaling Pathway
gene8751,AKT3,Fc Epsilon Ri Signaling Pathway,Fc Epsilon Ri Signaling Pathway
gene8752,NRAS,Fc Epsilon Ri Signaling Pathway,Fc Epsilon Ri Signaling Pathway
gene8753,GRB2,Fc Epsilon Ri Signaling Pathway,Fc Epsilon Ri Signaling Pathway
gene8754,MAPK3,Fc Epsilon Ri Signaling Pathway,Fc Epsilon Ri Signaling Pathway
gene8755,RAC1,Fc Epsilon Ri Signaling Pathway,Fc Epsilon Ri Signaling Pathway
gene8756,SOS1,Fc Epsilon Ri Signaling Pathway,Fc Epsilon Ri Signaling Pathway
gene8757,PLA2G1B,Fc Epsilon Ri Signaling Pathway,Fc Epsilon Ri Signaling Pathway
gene8758,MAPK1,Fc Epsilon Ri Signaling Pathway,Fc Epsilon Ri Signaling Pathway
gene8759,CSF2,Fc Epsilon Ri Signaling Pathway,Fc Epsilon Ri Signaling Pathway
gene8760,PIK3R5,Fc Epsilon Ri Signaling Pathway,Fc Epsilon Ri Signaling Pathway
gene8761,HRAS,Fc Epsilon Ri Signaling Pathway,Fc Epsilon Ri Signaling Pathway
gene8762,MAPK8,Fc Epsilon Ri Signaling Pathway,Fc Epsilon Ri Signaling Pathway
gene8763,IL3,Fc Epsilon Ri Signaling Pathway,Fc Epsilon Ri Signaling Pathway
gene8764,MAPK14,Fc Epsilon Ri Signaling Pathway,Fc Epsilon Ri Signaling Pathway
gene8765,MAPK12,Fc Epsilon Ri Signaling Pathway,Fc Epsilon Ri Signaling Pathway
gene8766,GAB2,Fc Epsilon Ri Signaling Pathway,Fc Epsilon Ri Signaling Pathway
gene8767,KRAS,Fc Epsilon Ri Signaling Pathway,Fc Epsilon Ri Signaling Pathway
gene8768,LAT,Fc Epsilon Ri Signaling Pathway,Fc Epsilon Ri Signaling Pathway
gene8769,SYK,Fc Epsilon Ri Signaling Pathway,Fc Epsilon Ri Signaling Pathway
gene8770,PLA2G4E,Fc Epsilon Ri Signaling Pathway,Fc Epsilon Ri Signaling Pathway
gene8771,BTK,Fc Epsilon Ri Signaling Pathway,Fc Epsilon Ri Signaling Pathway
gene8772,PIK3R3,Fc Epsilon Ri Signaling Pathway,Fc Epsilon Ri Signaling Pathway
gene8773,PIK3CA,Fc Epsilon Ri Signaling Pathway,Fc Epsilon Ri Signaling Pathway
gene8774,PIK3CB,Fc Epsilon Ri Signaling Pathway,Fc Epsilon Ri Signaling Pathway
gene8775,LCP2,Fc Epsilon Ri Signaling Pathway,Fc Epsilon Ri Signaling Pathway
gene8776,PIK3CD,Fc Epsilon Ri Signaling Pathway,Fc Epsilon Ri Signaling Pathway
gene8777,PLA2G2C,Fc Epsilon Ri Signaling Pathway,Fc Epsilon Ri Signaling Pathway
gene8778,PLCG1,Fc Epsilon Ri Signaling Pathway,Fc Epsilon Ri Signaling Pathway
gene8779,PLA2G2D,Fc Epsilon Ri Signaling Pathway,Fc Epsilon Ri Signaling Pathway
gene8780,PLCG2,Fc Epsilon Ri Signaling Pathway,Fc Epsilon Ri Signaling Pathway
gene8781,PLA2G12A,Fc Epsilon Ri Signaling Pathway,Fc Epsilon Ri Signaling Pathway
gene8782,IL4,Fc Epsilon Ri Signaling Pathway,Fc Epsilon Ri Signaling Pathway
gene8783,FYN,Fc Epsilon Ri Signaling Pathway,Fc Epsilon Ri Signaling Pathway
gene8784,IL5,Fc Epsilon Ri Signaling Pathway,Fc Epsilon Ri Signaling Pathway
gene8785,PIK3CG,Fc Epsilon Ri Signaling Pathway,Fc Epsilon Ri Signaling Pathway
gene8786,VAV3,Fc Epsilon Ri Signaling Pathway,Fc Epsilon Ri Signaling Pathway
gene8787,LYN,Fc Epsilon Ri Signaling Pathway,Fc Epsilon Ri Signaling Pathway
gene8788,PIK3R1,Fc Epsilon Ri Signaling Pathway,Fc Epsilon Ri Signaling Pathway
gene8789,PIK3R2,Fc Epsilon Ri Signaling Pathway,Fc Epsilon Ri Signaling Pathway
gene8790,FCGR1A,Fc Gamma R Mediated Phagocytosis,Fc Gamma R Mediated Phagocytosis
gene8791,SPHK1,Fc Gamma R Mediated Phagocytosis,Fc Gamma R Mediated Phagocytosis
gene8792,PIP4K2B,Fc Gamma R Mediated Phagocytosis,Fc Gamma R Mediated Phagocytosis
gene8793,WASF2,Fc Gamma R Mediated Phagocytosis,Fc Gamma R Mediated Phagocytosis
gene8794,PLA2G6,Fc Gamma R Mediated Phagocytosis,Fc Gamma R Mediated Phagocytosis
gene8795,VAV1,Fc Gamma R Mediated Phagocytosis,Fc Gamma R Mediated Phagocytosis
gene8796,WASF1,Fc Gamma R Mediated Phagocytosis,Fc Gamma R Mediated Phagocytosis
gene8797,PLA2G4B,Fc Gamma R Mediated Phagocytosis,Fc Gamma R Mediated Phagocytosis
gene8798,PIKFYVE,Fc Gamma R Mediated Phagocytosis,Fc Gamma R Mediated Phagocytosis
gene8799,VASP,Fc Gamma R Mediated Phagocytosis,Fc Gamma R Mediated Phagocytosis
gene8800,AKT1,Fc Gamma R Mediated Phagocytosis,Fc Gamma R Mediated Phagocytosis
gene8801,AKT2,Fc Gamma R Mediated Phagocytosis,Fc Gamma R Mediated Phagocytosis
gene8802,PIP5K1A,Fc Gamma R Mediated Phagocytosis,Fc Gamma R Mediated Phagocytosis
gene8803,AMPH,Fc Gamma R Mediated Phagocytosis,Fc Gamma R Mediated Phagocytosis
gene8804,DOCK2,Fc Gamma R Mediated Phagocytosis,Fc Gamma R Mediated Phagocytosis
gene8805,PIP5K1B,Fc Gamma R Mediated Phagocytosis,Fc Gamma R Mediated Phagocytosis
gene8806,ARPC4,Fc Gamma R Mediated Phagocytosis,Fc Gamma R Mediated Phagocytosis
gene8807,ARPC5,Fc Gamma R Mediated Phagocytosis,Fc Gamma R Mediated Phagocytosis
gene8808,AKT3,Fc Gamma R Mediated Phagocytosis,Fc Gamma R Mediated Phagocytosis
gene8809,VAV2,Fc Gamma R Mediated Phagocytosis,Fc Gamma R Mediated Phagocytosis
gene8810,ARPC1B,Fc Gamma R Mediated Phagocytosis,Fc Gamma R Mediated Phagocytosis
gene8811,ARPC3,Fc Gamma R Mediated Phagocytosis,Fc Gamma R Mediated Phagocytosis
gene8812,SCIN,Fc Gamma R Mediated Phagocytosis,Fc Gamma R Mediated Phagocytosis
gene8813,WASF3,Fc Gamma R Mediated Phagocytosis,Fc Gamma R Mediated Phagocytosis
gene8814,FCGR2A,Fc Gamma R Mediated Phagocytosis,Fc Gamma R Mediated Phagocytosis
gene8815,FCGR3A,Fc Gamma R Mediated Phagocytosis,Fc Gamma R Mediated Phagocytosis
gene8816,FCGR2B,Fc Gamma R Mediated Phagocytosis,Fc Gamma R Mediated Phagocytosis
gene8817,PIK3R5,Fc Gamma R Mediated Phagocytosis,Fc Gamma R Mediated Phagocytosis
gene8818,DNM2,Fc Gamma R Mediated Phagocytosis,Fc Gamma R Mediated Phagocytosis
gene8819,CFL2,Fc Gamma R Mediated Phagocytosis,Fc Gamma R Mediated Phagocytosis
gene8820,CFL1,Fc Gamma R Mediated Phagocytosis,Fc Gamma R Mediated Phagocytosis
gene8821,PIP5K1C,Fc Gamma R Mediated Phagocytosis,Fc Gamma R Mediated Phagocytosis
gene8822,PLA2G4E,Fc Gamma R Mediated Phagocytosis,Fc Gamma R Mediated Phagocytosis
gene8823,ASAP2,Fc Gamma R Mediated Phagocytosis,Fc Gamma R Mediated Phagocytosis
gene8824,DNM3,Fc Gamma R Mediated Phagocytosis,Fc Gamma R Mediated Phagocytosis
gene8825,PAK1,Fc Gamma R Mediated Phagocytosis,Fc Gamma R Mediated Phagocytosis
gene8826,CRK,Fc Gamma R Mediated Phagocytosis,Fc Gamma R Mediated Phagocytosis
gene8827,CRKL,Fc Gamma R Mediated Phagocytosis,Fc Gamma R Mediated Phagocytosis
gene8828,PLCG1,Fc Gamma R Mediated Phagocytosis,Fc Gamma R Mediated Phagocytosis
gene8829,PLCG2,Fc Gamma R Mediated Phagocytosis,Fc Gamma R Mediated Phagocytosis
gene8830,PLD1,Fc Gamma R Mediated Phagocytosis,Fc Gamma R Mediated Phagocytosis
gene8831,ARPC5L,Fc Gamma R Mediated Phagocytosis,Fc Gamma R Mediated Phagocytosis
gene8832,PLD2,Fc Gamma R Mediated Phagocytosis,Fc Gamma R Mediated Phagocytosis
gene8833,CDC42,Fc Gamma R Mediated Phagocytosis,Fc Gamma R Mediated Phagocytosis
gene8834,PRKCB,Fc Gamma R Mediated Phagocytosis,Fc Gamma R Mediated Phagocytosis
gene8835,RAF1,Fc Gamma R Mediated Phagocytosis,Fc Gamma R Mediated Phagocytosis
gene8836,PRKCA,Fc Gamma R Mediated Phagocytosis,Fc Gamma R Mediated Phagocytosis
gene8837,ARF6,Fc Gamma R Mediated Phagocytosis,Fc Gamma R Mediated Phagocytosis
gene8838,WAS,Fc Gamma R Mediated Phagocytosis,Fc Gamma R Mediated Phagocytosis
gene8839,FCGR2C,Fc Gamma R Mediated Phagocytosis,Fc Gamma R Mediated Phagocytosis
gene8840,PRKCG,Fc Gamma R Mediated Phagocytosis,Fc Gamma R Mediated Phagocytosis
gene8841,PRKCD,Fc Gamma R Mediated Phagocytosis,Fc Gamma R Mediated Phagocytosis
gene8842,INPP5D,Fc Gamma R Mediated Phagocytosis,Fc Gamma R Mediated Phagocytosis
gene8843,HCK,Fc Gamma R Mediated Phagocytosis,Fc Gamma R Mediated Phagocytosis
gene8844,PRKCE,Fc Gamma R Mediated Phagocytosis,Fc Gamma R Mediated Phagocytosis
gene8845,RAC2,Fc Gamma R Mediated Phagocytosis,Fc Gamma R Mediated Phagocytosis
gene8846,MYO10,Fc Gamma R Mediated Phagocytosis,Fc Gamma R Mediated Phagocytosis
gene8847,WASL,Fc Gamma R Mediated Phagocytosis,Fc Gamma R Mediated Phagocytosis
gene8848,PLA2G4A,Fc Gamma R Mediated Phagocytosis,Fc Gamma R Mediated Phagocytosis
gene8849,DNM1L,Fc Gamma R Mediated Phagocytosis,Fc Gamma R Mediated Phagocytosis
gene8850,MAP2K1,Fc Gamma R Mediated Phagocytosis,Fc Gamma R Mediated Phagocytosis
gene8851,DNM1,Fc Gamma R Mediated Phagocytosis,Fc Gamma R Mediated Phagocytosis
gene8852,MARCKS,Fc Gamma R Mediated Phagocytosis,Fc Gamma R Mediated Phagocytosis
gene8853,RPS6KB1,Fc Gamma R Mediated Phagocytosis,Fc Gamma R Mediated Phagocytosis
gene8854,RPS6KB2,Fc Gamma R Mediated Phagocytosis,Fc Gamma R Mediated Phagocytosis
gene8855,ASAP3,Fc Gamma R Mediated Phagocytosis,Fc Gamma R Mediated Phagocytosis
gene8856,MAPK3,Fc Gamma R Mediated Phagocytosis,Fc Gamma R Mediated Phagocytosis
gene8857,PLA2G4F,Fc Gamma R Mediated Phagocytosis,Fc Gamma R Mediated Phagocytosis
gene8858,ARPC2,Fc Gamma R Mediated Phagocytosis,Fc Gamma R Mediated Phagocytosis
gene8859,RAC1,Fc Gamma R Mediated Phagocytosis,Fc Gamma R Mediated Phagocytosis
gene8860,PTPRC,Fc Gamma R Mediated Phagocytosis,Fc Gamma R Mediated Phagocytosis
gene8861,MAPK1,Fc Gamma R Mediated Phagocytosis,Fc Gamma R Mediated Phagocytosis
gene8862,MARCKSL1,Fc Gamma R Mediated Phagocytosis,Fc Gamma R Mediated Phagocytosis
gene8863,GSN,Fc Gamma R Mediated Phagocytosis,Fc Gamma R Mediated Phagocytosis
gene8864,GAB2,Fc Gamma R Mediated Phagocytosis,Fc Gamma R Mediated Phagocytosis
gene8865,SPHK2,Fc Gamma R Mediated Phagocytosis,Fc Gamma R Mediated Phagocytosis
gene8866,LAT,Fc Gamma R Mediated Phagocytosis,Fc Gamma R Mediated Phagocytosis
gene8867,PLPP3,Fc Gamma R Mediated Phagocytosis,Fc Gamma R Mediated Phagocytosis
gene8868,LIMK2,Fc Gamma R Mediated Phagocytosis,Fc Gamma R Mediated Phagocytosis
gene8869,LIMK1,Fc Gamma R Mediated Phagocytosis,Fc Gamma R Mediated Phagocytosis
gene8870,SYK,Fc Gamma R Mediated Phagocytosis,Fc Gamma R Mediated Phagocytosis
gene8871,PLA2G4D,Fc Gamma R Mediated Phagocytosis,Fc Gamma R Mediated Phagocytosis
gene8872,PIK3R3,Fc Gamma R Mediated Phagocytosis,Fc Gamma R Mediated Phagocytosis
gene8873,PIK3CA,Fc Gamma R Mediated Phagocytosis,Fc Gamma R Mediated Phagocytosis
gene8874,PLPP1,Fc Gamma R Mediated Phagocytosis,Fc Gamma R Mediated Phagocytosis
gene8875,PIK3CB,Fc Gamma R Mediated Phagocytosis,Fc Gamma R Mediated Phagocytosis
gene8876,PLPP2,Fc Gamma R Mediated Phagocytosis,Fc Gamma R Mediated Phagocytosis
gene8877,PIK3CD,Fc Gamma R Mediated Phagocytosis,Fc Gamma R Mediated Phagocytosis
gene8878,ARPC1A,Fc Gamma R Mediated Phagocytosis,Fc Gamma R Mediated Phagocytosis
gene8879,NCF1,Fc Gamma R Mediated Phagocytosis,Fc Gamma R Mediated Phagocytosis
gene8880,PIK3CG,Fc Gamma R Mediated Phagocytosis,Fc Gamma R Mediated Phagocytosis
gene8881,ASAP1,Fc Gamma R Mediated Phagocytosis,Fc Gamma R Mediated Phagocytosis
gene8882,LYN,Fc Gamma R Mediated Phagocytosis,Fc Gamma R Mediated Phagocytosis
gene8883,VAV3,Fc Gamma R Mediated Phagocytosis,Fc Gamma R Mediated Phagocytosis
gene8884,PIK3R1,Fc Gamma R Mediated Phagocytosis,Fc Gamma R Mediated Phagocytosis
gene8885,PIK3R2,Fc Gamma R Mediated Phagocytosis,Fc Gamma R Mediated Phagocytosis
gene8886,CDH5,Leukocyte Transendothelial Migration,Leukocyte Transendothelial Migration
gene8887,JAM3,Leukocyte Transendothelial Migration,Leukocyte Transendothelial Migration
gene8888,AFDN,Leukocyte Transendothelial Migration,Leukocyte Transendothelial Migration
gene8889,TXK,Leukocyte Transendothelial Migration,Leukocyte Transendothelial Migration
gene8890,ITGAL,Leukocyte Transendothelial Migration,Leukocyte Transendothelial Migration
gene8891,ITGAM,Leukocyte Transendothelial Migration,Leukocyte Transendothelial Migration
gene8892,ITGA4,Leukocyte Transendothelial Migration,Leukocyte Transendothelial Migration
gene8893,SIPA1,Leukocyte Transendothelial Migration,Leukocyte Transendothelial Migration
gene8894,ROCK1,Leukocyte Transendothelial Migration,Leukocyte Transendothelial Migration
gene8895,MMP2,Leukocyte Transendothelial Migration,Leukocyte Transendothelial Migration
gene8896,PTK2,Leukocyte Transendothelial Migration,Leukocyte Transendothelial Migration
gene8897,MYL7,Leukocyte Transendothelial Migration,Leukocyte Transendothelial Migration
gene8898,NCF4,Leukocyte Transendothelial Migration,Leukocyte Transendothelial Migration
gene8899,MMP9,Leukocyte Transendothelial Migration,Leukocyte Transendothelial Migration
gene8900,NCF2,Leukocyte Transendothelial Migration,Leukocyte Transendothelial Migration
gene8901,CLDN20,Leukocyte Transendothelial Migration,Leukocyte Transendothelial Migration
gene8902,PECAM1,Leukocyte Transendothelial Migration,Leukocyte Transendothelial Migration
gene8903,VAV1,Leukocyte Transendothelial Migration,Leukocyte Transendothelial Migration
gene8904,VASP,Leukocyte Transendothelial Migration,Leukocyte Transendothelial Migration
gene8905,VCAM1,Leukocyte Transendothelial Migration,Leukocyte Transendothelial Migration
gene8906,ITGB1,Leukocyte Transendothelial Migration,Leukocyte Transendothelial Migration
gene8907,MYL12A,Leukocyte Transendothelial Migration,Leukocyte Transendothelial Migration
gene8908,THY1,Leukocyte Transendothelial Migration,Leukocyte Transendothelial Migration
gene8909,VAV2,Leukocyte Transendothelial Migration,Leukocyte Transendothelial Migration
gene8910,ITGB2,Leukocyte Transendothelial Migration,Leukocyte Transendothelial Migration
gene8911,CTNNA1,Leukocyte Transendothelial Migration,Leukocyte Transendothelial Migration
gene8912,JAM2,Leukocyte Transendothelial Migration,Leukocyte Transendothelial Migration
gene8913,PIK3R5,Leukocyte Transendothelial Migration,Leukocyte Transendothelial Migration
gene8914,CLDN18,Leukocyte Transendothelial Migration,Leukocyte Transendothelial Migration
gene8915,MAPK14,Leukocyte Transendothelial Migration,Leukocyte Transendothelial Migration
gene8916,MAPK12,Leukocyte Transendothelial Migration,Leukocyte Transendothelial Migration
gene8917,VCL,Leukocyte Transendothelial Migration,Leukocyte Transendothelial Migration
gene8918,CLDN17,Leukocyte Transendothelial Migration,Leukocyte Transendothelial Migration
gene8919,GNAI1,Leukocyte Transendothelial Migration,Leukocyte Transendothelial Migration
gene8920,MYL2,Leukocyte Transendothelial Migration,Leukocyte Transendothelial Migration
gene8921,GNAI2,Leukocyte Transendothelial Migration,Leukocyte Transendothelial Migration
gene8922,CTNND1,Leukocyte Transendothelial Migration,Leukocyte Transendothelial Migration
gene8923,MYL5,Leukocyte Transendothelial Migration,Leukocyte Transendothelial Migration
gene8924,PXN,Leukocyte Transendothelial Migration,Leukocyte Transendothelial Migration
gene8925,RAPGEF3,Leukocyte Transendothelial Migration,Leukocyte Transendothelial Migration
gene8926,MYL10,Leukocyte Transendothelial Migration,Leukocyte Transendothelial Migration
gene8927,ARHGAP5,Leukocyte Transendothelial Migration,Leukocyte Transendothelial Migration
gene8928,BCAR1,Leukocyte Transendothelial Migration,Leukocyte Transendothelial Migration
gene8929,GNAI3,Leukocyte Transendothelial Migration,Leukocyte Transendothelial Migration
gene8930,CLDN16,Leukocyte Transendothelial Migration,Leukocyte Transendothelial Migration
gene8931,CLDN23,Leukocyte Transendothelial Migration,Leukocyte Transendothelial Migration
gene8932,EZR,Leukocyte Transendothelial Migration,Leukocyte Transendothelial Migration
gene8933,CXCL12,Leukocyte Transendothelial Migration,Leukocyte Transendothelial Migration
gene8934,PLCG1,Leukocyte Transendothelial Migration,Leukocyte Transendothelial Migration
gene8935,PLCG2,Leukocyte Transendothelial Migration,Leukocyte Transendothelial Migration
gene8936,PTK2B,Leukocyte Transendothelial Migration,Leukocyte Transendothelial Migration
gene8937,RHOH,Leukocyte Transendothelial Migration,Leukocyte Transendothelial Migration
gene8938,OCLN,Leukocyte Transendothelial Migration,Leukocyte Transendothelial Migration
gene8939,CDC42,Leukocyte Transendothelial Migration,Leukocyte Transendothelial Migration
gene8940,ACTN2,Leukocyte Transendothelial Migration,Leukocyte Transendothelial Migration
gene8941,ACTN3,Leukocyte Transendothelial Migration,Leukocyte Transendothelial Migration
gene8942,PTPN11,Leukocyte Transendothelial Migration,Leukocyte Transendothelial Migration
gene8943,PRKCB,Leukocyte Transendothelial Migration,Leukocyte Transendothelial Migration
gene8944,PRKCA,Leukocyte Transendothelial Migration,Leukocyte Transendothelial Migration
gene8945,CLDN10,Leukocyte Transendothelial Migration,Leukocyte Transendothelial Migration
gene8946,CLDN8,Leukocyte Transendothelial Migration,Leukocyte Transendothelial Migration
gene8947,CLDN2,Leukocyte Transendothelial Migration,Leukocyte Transendothelial Migration
gene8948,CLDN6,Leukocyte Transendothelial Migration,Leukocyte Transendothelial Migration
gene8949,MYL9,Leukocyte Transendothelial Migration,Leukocyte Transendothelial Migration
gene8950,CLDN5,Leukocyte Transendothelial Migration,Leukocyte Transendothelial Migration
gene8951,CLDN1,Leukocyte Transendothelial Migration,Leukocyte Transendothelial Migration
gene8952,ICAM1,Leukocyte Transendothelial Migration,Leukocyte Transendothelial Migration
gene8953,RHOA,Leukocyte Transendothelial Migration,Leukocyte Transendothelial Migration
gene8954,CXCR4,Leukocyte Transendothelial Migration,Leukocyte Transendothelial Migration
gene8955,ESAM,Leukocyte Transendothelial Migration,Leukocyte Transendothelial Migration
gene8956,ACTN4,Leukocyte Transendothelial Migration,Leukocyte Transendothelial Migration
gene8957,PRKCG,Leukocyte Transendothelial Migration,Leukocyte Transendothelial Migration
gene8958,ACTN1,Leukocyte Transendothelial Migration,Leukocyte Transendothelial Migration
gene8959,MYLPF,Leukocyte Transendothelial Migration,Leukocyte Transendothelial Migration
gene8960,F11R,Leukocyte Transendothelial Migration,Leukocyte Transendothelial Migration
gene8961,NOX1,Leukocyte Transendothelial Migration,Leukocyte Transendothelial Migration
gene8962,CLDN19,Leukocyte Transendothelial Migration,Leukocyte Transendothelial Migration
gene8963,RAC2,Leukocyte Transendothelial Migration,Leukocyte Transendothelial Migration
gene8964,MAPK11,Leukocyte Transendothelial Migration,Leukocyte Transendothelial Migration
gene8965,MAPK13,Leukocyte Transendothelial Migration,Leukocyte Transendothelial Migration
gene8966,CLDN15,Leukocyte Transendothelial Migration,Leukocyte Transendothelial Migration
gene8967,CD99,Leukocyte Transendothelial Migration,Leukocyte Transendothelial Migration
gene8968,CLDN22,Leukocyte Transendothelial Migration,Leukocyte Transendothelial Migration
gene8969,ARHGAP35,Leukocyte Transendothelial Migration,Leukocyte Transendothelial Migration
gene8970,ACTG1,Leukocyte Transendothelial Migration,Leukocyte Transendothelial Migration
gene8971,RAC1,Leukocyte Transendothelial Migration,Leukocyte Transendothelial Migration
gene8972,ITK,Leukocyte Transendothelial Migration,Leukocyte Transendothelial Migration
gene8973,CTNNA2,Leukocyte Transendothelial Migration,Leukocyte Transendothelial Migration
gene8974,RASSF5,Leukocyte Transendothelial Migration,Leukocyte Transendothelial Migration
gene8975,CTNNB1,Leukocyte Transendothelial Migration,Leukocyte Transendothelial Migration
gene8976,CLDN11,Leukocyte Transendothelial Migration,Leukocyte Transendothelial Migration
gene8977,CLDN7,Leukocyte Transendothelial Migration,Leukocyte Transendothelial Migration
gene8978,MYL12B,Leukocyte Transendothelial Migration,Leukocyte Transendothelial Migration
gene8979,CLDN4,Leukocyte Transendothelial Migration,Leukocyte Transendothelial Migration
gene8980,CLDN3,Leukocyte Transendothelial Migration,Leukocyte Transendothelial Migration
gene8981,ACTB,Leukocyte Transendothelial Migration,Leukocyte Transendothelial Migration
gene8982,ROCK2,Leukocyte Transendothelial Migration,Leukocyte Transendothelial Migration
gene8983,RAP1A,Leukocyte Transendothelial Migration,Leukocyte Transendothelial Migration
gene8984,PIK3R3,Leukocyte Transendothelial Migration,Leukocyte Transendothelial Migration
gene8985,RAP1B,Leukocyte Transendothelial Migration,Leukocyte Transendothelial Migration
gene8986,CLDN14,Leukocyte Transendothelial Migration,Leukocyte Transendothelial Migration
gene8987,PIK3CA,Leukocyte Transendothelial Migration,Leukocyte Transendothelial Migration
gene8988,CLDN9,Leukocyte Transendothelial Migration,Leukocyte Transendothelial Migration
gene8989,MSN,Leukocyte Transendothelial Migration,Leukocyte Transendothelial Migration
gene8990,PIK3CB,Leukocyte Transendothelial Migration,Leukocyte Transendothelial Migration
gene8991,PIK3CD,Leukocyte Transendothelial Migration,Leukocyte Transendothelial Migration
gene8992,NCF1,Leukocyte Transendothelial Migration,Leukocyte Transendothelial Migration
gene8993,CTNNA3,Leukocyte Transendothelial Migration,Leukocyte Transendothelial Migration
gene8994,NOX3,Leukocyte Transendothelial Migration,Leukocyte Transendothelial Migration
gene8995,RAPGEF4,Leukocyte Transendothelial Migration,Leukocyte Transendothelial Migration
gene8996,CYBA,Leukocyte Transendothelial Migration,Leukocyte Transendothelial Migration
gene8997,PIK3CG,Leukocyte Transendothelial Migration,Leukocyte Transendothelial Migration
gene8998,VAV3,Leukocyte Transendothelial Migration,Leukocyte Transendothelial Migration
gene8999,CYBB,Leukocyte Transendothelial Migration,Leukocyte Transendothelial Migration
gene9000,PIK3R1,Leukocyte Transendothelial Migration,Leukocyte Transendothelial Migration
gene9001,PIK3R2,Leukocyte Transendothelial Migration,Leukocyte Transendothelial Migration
gene9002,HLA-DRB4,Intestinal Immune Network For Iga Production,Intestinal Immune Network For Iga Production
gene9003,TNFRSF13C,Intestinal Immune Network For Iga Production,Intestinal Immune Network For Iga Production
gene9004,HLA-DRB5,Intestinal Immune Network For Iga Production,Intestinal Immune Network For Iga Production
gene9005,HLA-DOA,Intestinal Immune Network For Iga Production,Intestinal Immune Network For Iga Production
gene9006,HLA-DOB,Intestinal Immune Network For Iga Production,Intestinal Immune Network For Iga Production
gene9007,HLA-DRB3,Intestinal Immune Network For Iga Production,Intestinal Immune Network For Iga Production
gene9008,CD80,Intestinal Immune Network For Iga Production,Intestinal Immune Network For Iga Production
gene9009,CD86,Intestinal Immune Network For Iga Production,Intestinal Immune Network For Iga Production
gene9010,CD28,Intestinal Immune Network For Iga Production,Intestinal Immune Network For Iga Production
gene9011,TNFSF13,Intestinal Immune Network For Iga Production,Intestinal Immune Network For Iga Production
gene9012,TNFSF13B,Intestinal Immune Network For Iga Production,Intestinal Immune Network For Iga Production
gene9013,CCL27,Intestinal Immune Network For Iga Production,Intestinal Immune Network For Iga Production
gene9014,IL15RA,Intestinal Immune Network For Iga Production,Intestinal Immune Network For Iga Production
gene9015,IL15,Intestinal Immune Network For Iga Production,Intestinal Immune Network For Iga Production
gene9016,ICOSLG,Intestinal Immune Network For Iga Production,Intestinal Immune Network For Iga Production
gene9017,ITGA4,Intestinal Immune Network For Iga Production,Intestinal Immune Network For Iga Production
gene9018,TGFB1,Intestinal Immune Network For Iga Production,Intestinal Immune Network For Iga Production
gene9019,ICOS,Intestinal Immune Network For Iga Production,Intestinal Immune Network For Iga Production
gene9020,CCR9,Intestinal Immune Network For Iga Production,Intestinal Immune Network For Iga Production
gene9021,MAP3K14,Intestinal Immune Network For Iga Production,Intestinal Immune Network For Iga Production
gene9022,CXCR4,Intestinal Immune Network For Iga Production,Intestinal Immune Network For Iga Production
gene9023,CCL25,Intestinal Immune Network For Iga Production,Intestinal Immune Network For Iga Production
gene9024,TNFRSF17,Intestinal Immune Network For Iga Production,Intestinal Immune Network For Iga Production
gene9025,HLA-DMB,Intestinal Immune Network For Iga Production,Intestinal Immune Network For Iga Production
gene9026,HLA-DMA,Intestinal Immune Network For Iga Production,Intestinal Immune Network For Iga Production
gene9027,CCL28,Intestinal Immune Network For Iga Production,Intestinal Immune Network For Iga Production
gene9028,LTBR,Intestinal Immune Network For Iga Production,Intestinal Immune Network For Iga Production
gene9029,PIGR,Intestinal Immune Network For Iga Production,Intestinal Immune Network For Iga Production
gene9030,IL2,Intestinal Immune Network For Iga Production,Intestinal Immune Network For Iga Production
gene9031,CD40LG,Intestinal Immune Network For Iga Production,Intestinal Immune Network For Iga Production
gene9032,HLA-DPA1,Intestinal Immune Network For Iga Production,Intestinal Immune Network For Iga Production
gene9033,CD40,Intestinal Immune Network For Iga Production,Intestinal Immune Network For Iga Production
gene9034,AICDA,Intestinal Immune Network For Iga Production,Intestinal Immune Network For Iga Production
gene9035,HLA-DPB1,Intestinal Immune Network For Iga Production,Intestinal Immune Network For Iga Production
gene9036,HLA-DQA1,Intestinal Immune Network For Iga Production,Intestinal Immune Network For Iga Production
gene9037,HLA-DQA2,Intestinal Immune Network For Iga Production,Intestinal Immune Network For Iga Production
gene9038,HLA-DQB1,Intestinal Immune Network For Iga Production,Intestinal Immune Network For Iga Production
gene9039,TNFRSF13B,Intestinal Immune Network For Iga Production,Intestinal Immune Network For Iga Production
gene9040,ITGB7,Intestinal Immune Network For Iga Production,Intestinal Immune Network For Iga Production
gene9041,CXCL12,Intestinal Immune Network For Iga Production,Intestinal Immune Network For Iga Production
gene9042,CCR10,Intestinal Immune Network For Iga Production,Intestinal Immune Network For Iga Production
gene9043,MADCAM1,Intestinal Immune Network For Iga Production,Intestinal Immune Network For Iga Production
gene9044,IL4,Intestinal Immune Network For Iga Production,Intestinal Immune Network For Iga Production
gene9045,IL5,Intestinal Immune Network For Iga Production,Intestinal Immune Network For Iga Production
gene9046,IL10,Intestinal Immune Network For Iga Production,Intestinal Immune Network For Iga Production
gene9047,IL6,Intestinal Immune Network For Iga Production,Intestinal Immune Network For Iga Production
gene9048,HLA-DRB1,Intestinal Immune Network For Iga Production,Intestinal Immune Network For Iga Production
gene9049,HLA-DRA,Intestinal Immune Network For Iga Production,Intestinal Immune Network For Iga Production
gene9050,GRM5,Long Term Potentiation,Long Term Potentiation
gene9051,PLCB2,Long Term Potentiation,Long Term Potentiation
gene9052,ADCY8,Long Term Potentiation,Long Term Potentiation
gene9053,CALM2,Long Term Potentiation,Long Term Potentiation
gene9054,PLCB1,Long Term Potentiation,Long Term Potentiation
gene9055,RAF1,Long Term Potentiation,Long Term Potentiation
gene9056,PRKCB,Long Term Potentiation,Long Term Potentiation
gene9057,PLCB3,Long Term Potentiation,Long Term Potentiation
gene9058,PRKCA,Long Term Potentiation,Long Term Potentiation
gene9059,CALM1,Long Term Potentiation,Long Term Potentiation
gene9060,PLCB4,Long Term Potentiation,Long Term Potentiation
gene9061,RPS6KA6,Long Term Potentiation,Long Term Potentiation
gene9062,PPP3R2,Long Term Potentiation,Long Term Potentiation
gene9063,GRM1,Long Term Potentiation,Long Term Potentiation
gene9064,PPP3CC,Long Term Potentiation,Long Term Potentiation
gene9065,PPP3R1,Long Term Potentiation,Long Term Potentiation
gene9066,CREBBP,Long Term Potentiation,Long Term Potentiation
gene9067,PPP1R12A,Long Term Potentiation,Long Term Potentiation
gene9068,PRKCG,Long Term Potentiation,Long Term Potentiation
gene9069,GRIN1,Long Term Potentiation,Long Term Potentiation
gene9070,GRIN2A,Long Term Potentiation,Long Term Potentiation
gene9071,GRIN2B,Long Term Potentiation,Long Term Potentiation
gene9072,MAP2K2,Long Term Potentiation,Long Term Potentiation
gene9073,GRIN2C,Long Term Potentiation,Long Term Potentiation
gene9074,BRAF,Long Term Potentiation,Long Term Potentiation
gene9075,GRIN2D,Long Term Potentiation,Long Term Potentiation
gene9076,ITPR3,Long Term Potentiation,Long Term Potentiation
gene9077,CACNA1C,Long Term Potentiation,Long Term Potentiation
gene9078,MAP2K1,Long Term Potentiation,Long Term Potentiation
gene9079,GRIA2,Long Term Potentiation,Long Term Potentiation
gene9080,GRIA1,Long Term Potentiation,Long Term Potentiation
gene9081,RPS6KA2,Long Term Potentiation,Long Term Potentiation
gene9082,RPS6KA3,Long Term Potentiation,Long Term Potentiation
gene9083,NRAS,Long Term Potentiation,Long Term Potentiation
gene9084,CHP2,Long Term Potentiation,Long Term Potentiation
gene9085,PPP1R1A,Long Term Potentiation,Long Term Potentiation
gene9086,PPP1CC,Long Term Potentiation,Long Term Potentiation
gene9087,PPP1CA,Long Term Potentiation,Long Term Potentiation
gene9088,PPP1CB,Long Term Potentiation,Long Term Potentiation
gene9089,MAPK3,Long Term Potentiation,Long Term Potentiation
gene9090,RPS6KA1,Long Term Potentiation,Long Term Potentiation
gene9091,MAPK1,Long Term Potentiation,Long Term Potentiation
gene9092,HRAS,Long Term Potentiation,Long Term Potentiation
gene9093,ITPR1,Long Term Potentiation,Long Term Potentiation
gene9094,EP300,Long Term Potentiation,Long Term Potentiation
gene9095,ITPR2,Long Term Potentiation,Long Term Potentiation
gene9096,KRAS,Long Term Potentiation,Long Term Potentiation
gene9097,PRKX,Long Term Potentiation,Long Term Potentiation
gene9098,ARAF,Long Term Potentiation,Long Term Potentiation
gene9099,CALML5,Long Term Potentiation,Long Term Potentiation
gene9100,ADCY1,Long Term Potentiation,Long Term Potentiation
gene9101,RAP1A,Long Term Potentiation,Long Term Potentiation
gene9102,RAPGEF3,Long Term Potentiation,Long Term Potentiation
gene9103,CAMK4,Long Term Potentiation,Long Term Potentiation
gene9104,CAMK2A,Long Term Potentiation,Long Term Potentiation
gene9105,RAP1B,Long Term Potentiation,Long Term Potentiation
gene9106,CAMK2B,Long Term Potentiation,Long Term Potentiation
gene9107,CAMK2D,Long Term Potentiation,Long Term Potentiation
gene9108,CAMK2G,Long Term Potentiation,Long Term Potentiation
gene9109,PRKACA,Long Term Potentiation,Long Term Potentiation
gene9110,GNAQ,Long Term Potentiation,Long Term Potentiation
gene9111,PRKACB,Long Term Potentiation,Long Term Potentiation
gene9112,PRKACG,Long Term Potentiation,Long Term Potentiation
gene9113,PPP3CB,Long Term Potentiation,Long Term Potentiation
gene9114,CALML3,Long Term Potentiation,Long Term Potentiation
gene9115,PPP3CA,Long Term Potentiation,Long Term Potentiation
gene9116,ATF4,Long Term Potentiation,Long Term Potentiation
gene9117,CALM3,Long Term Potentiation,Long Term Potentiation
gene9118,CHP1,Long Term Potentiation,Long Term Potentiation
gene9119,CALML6,Long Term Potentiation,Long Term Potentiation
gene9120,JUN,Neurotrophin Signaling Pathway,Neurotrophin Signaling Pathway
gene9121,FRS2,Neurotrophin Signaling Pathway,Neurotrophin Signaling Pathway
gene9122,CALM2,Neurotrophin Signaling Pathway,Neurotrophin Signaling Pathway
gene9123,CALM1,Neurotrophin Signaling Pathway,Neurotrophin Signaling Pathway
gene9124,PDPK1,Neurotrophin Signaling Pathway,Neurotrophin Signaling Pathway
gene9125,RPS6KA6,Neurotrophin Signaling Pathway,Neurotrophin Signaling Pathway
gene9126,TP73,Neurotrophin Signaling Pathway,Neurotrophin Signaling Pathway
gene9127,MAP3K5,Neurotrophin Signaling Pathway,Neurotrophin Signaling Pathway
gene9128,RPS6KA5,Neurotrophin Signaling Pathway,Neurotrophin Signaling Pathway
gene9129,BRAF,Neurotrophin Signaling Pathway,Neurotrophin Signaling Pathway
gene9130,MAP3K1,Neurotrophin Signaling Pathway,Neurotrophin Signaling Pathway
gene9131,MAP3K3,Neurotrophin Signaling Pathway,Neurotrophin Signaling Pathway
gene9132,IKBKB,Neurotrophin Signaling Pathway,Neurotrophin Signaling Pathway
gene9133,ABL1,Neurotrophin Signaling Pathway,Neurotrophin Signaling Pathway
gene9134,AKT1,Neurotrophin Signaling Pathway,Neurotrophin Signaling Pathway
gene9135,SHC4,Neurotrophin Signaling Pathway,Neurotrophin Signaling Pathway
gene9136,AKT2,Neurotrophin Signaling Pathway,Neurotrophin Signaling Pathway
gene9137,NRAS,Neurotrophin Signaling Pathway,Neurotrophin Signaling Pathway
gene9138,AKT3,Neurotrophin Signaling Pathway,Neurotrophin Signaling Pathway
gene9139,SH2B1,Neurotrophin Signaling Pathway,Neurotrophin Signaling Pathway
gene9140,NFKB1,Neurotrophin Signaling Pathway,Neurotrophin Signaling Pathway
gene9141,NFKBIB,Neurotrophin Signaling Pathway,Neurotrophin Signaling Pathway
gene9142,NFKBIA,Neurotrophin Signaling Pathway,Neurotrophin Signaling Pathway
gene9143,NFKBIE,Neurotrophin Signaling Pathway,Neurotrophin Signaling Pathway
gene9144,PIK3R5,Neurotrophin Signaling Pathway,Neurotrophin Signaling Pathway
gene9145,MAPK14,Neurotrophin Signaling Pathway,Neurotrophin Signaling Pathway
gene9146,BEX3,Neurotrophin Signaling Pathway,Neurotrophin Signaling Pathway
gene9147,MAPK12,Neurotrophin Signaling Pathway,Neurotrophin Signaling Pathway
gene9148,RELA,Neurotrophin Signaling Pathway,Neurotrophin Signaling Pathway
gene9149,KRAS,Neurotrophin Signaling Pathway,Neurotrophin Signaling Pathway
gene9150,SHC3,Neurotrophin Signaling Pathway,Neurotrophin Signaling Pathway
gene9151,TRAF6,Neurotrophin Signaling Pathway,Neurotrophin Signaling Pathway
gene9152,NGF,Neurotrophin Signaling Pathway,Neurotrophin Signaling Pathway
gene9153,CALML5,Neurotrophin Signaling Pathway,Neurotrophin Signaling Pathway
gene9154,BDNF,Neurotrophin Signaling Pathway,Neurotrophin Signaling Pathway
gene9155,NGFR,Neurotrophin Signaling Pathway,Neurotrophin Signaling Pathway
gene9156,SH2B3,Neurotrophin Signaling Pathway,Neurotrophin Signaling Pathway
gene9157,CSK,Neurotrophin Signaling Pathway,Neurotrophin Signaling Pathway
gene9158,CAMK4,Neurotrophin Signaling Pathway,Neurotrophin Signaling Pathway
gene9159,YWHAB,Neurotrophin Signaling Pathway,Neurotrophin Signaling Pathway
gene9160,BCL2,Neurotrophin Signaling Pathway,Neurotrophin Signaling Pathway
gene9161,CAMK2A,Neurotrophin Signaling Pathway,Neurotrophin Signaling Pathway
gene9162,CAMK2B,Neurotrophin Signaling Pathway,Neurotrophin Signaling Pathway
gene9163,CAMK2D,Neurotrophin Signaling Pathway,Neurotrophin Signaling Pathway
gene9164,FOXO3,Neurotrophin Signaling Pathway,Neurotrophin Signaling Pathway
gene9165,CAMK2G,Neurotrophin Signaling Pathway,Neurotrophin Signaling Pathway
gene9166,IRS2,Neurotrophin Signaling Pathway,Neurotrophin Signaling Pathway
gene9167,SORT1,Neurotrophin Signaling Pathway,Neurotrophin Signaling Pathway
gene9168,CALML3,Neurotrophin Signaling Pathway,Neurotrophin Signaling Pathway
gene9169,CRK,Neurotrophin Signaling Pathway,Neurotrophin Signaling Pathway
gene9170,SH2B2,Neurotrophin Signaling Pathway,Neurotrophin Signaling Pathway
gene9171,CRKL,Neurotrophin Signaling Pathway,Neurotrophin Signaling Pathway
gene9172,PLCG1,Neurotrophin Signaling Pathway,Neurotrophin Signaling Pathway
gene9173,PLCG2,Neurotrophin Signaling Pathway,Neurotrophin Signaling Pathway
gene9174,YWHAZ,Neurotrophin Signaling Pathway,Neurotrophin Signaling Pathway
gene9175,ARHGDIA,Neurotrophin Signaling Pathway,Neurotrophin Signaling Pathway
gene9176,CALM3,Neurotrophin Signaling Pathway,Neurotrophin Signaling Pathway
gene9177,YWHAH,Neurotrophin Signaling Pathway,Neurotrophin Signaling Pathway
gene9178,ARHGDIB,Neurotrophin Signaling Pathway,Neurotrophin Signaling Pathway
gene9179,YWHAG,Neurotrophin Signaling Pathway,Neurotrophin Signaling Pathway
gene9180,YWHAE,Neurotrophin Signaling Pathway,Neurotrophin Signaling Pathway
gene9181,CDC42,Neurotrophin Signaling Pathway,Neurotrophin Signaling Pathway
gene9182,SOS2,Neurotrophin Signaling Pathway,Neurotrophin Signaling Pathway
gene9183,PTPN11,Neurotrophin Signaling Pathway,Neurotrophin Signaling Pathway
gene9184,RAF1,Neurotrophin Signaling Pathway,Neurotrophin Signaling Pathway
gene9185,SHC1,Neurotrophin Signaling Pathway,Neurotrophin Signaling Pathway
gene9186,RIPK2,Neurotrophin Signaling Pathway,Neurotrophin Signaling Pathway
gene9187,RHOA,Neurotrophin Signaling Pathway,Neurotrophin Signaling Pathway
gene9188,BAD,Neurotrophin Signaling Pathway,Neurotrophin Signaling Pathway
gene9189,IRAK4,Neurotrophin Signaling Pathway,Neurotrophin Signaling Pathway
gene9190,PRKCD,Neurotrophin Signaling Pathway,Neurotrophin Signaling Pathway
gene9191,MAPK9,Neurotrophin Signaling Pathway,Neurotrophin Signaling Pathway
gene9192,MAPK10,Neurotrophin Signaling Pathway,Neurotrophin Signaling Pathway
gene9193,MAGED1,Neurotrophin Signaling Pathway,Neurotrophin Signaling Pathway
gene9194,MAPK11,Neurotrophin Signaling Pathway,Neurotrophin Signaling Pathway
gene9195,MAP2K2,Neurotrophin Signaling Pathway,Neurotrophin Signaling Pathway
gene9196,MAPK13,Neurotrophin Signaling Pathway,Neurotrophin Signaling Pathway
gene9197,MAP2K1,Neurotrophin Signaling Pathway,Neurotrophin Signaling Pathway
gene9198,BAX,Neurotrophin Signaling Pathway,Neurotrophin Signaling Pathway
gene9199,MAP2K7,Neurotrophin Signaling Pathway,Neurotrophin Signaling Pathway
gene9200,MAP2K5,Neurotrophin Signaling Pathway,Neurotrophin Signaling Pathway
gene9201,RPS6KA2,Neurotrophin Signaling Pathway,Neurotrophin Signaling Pathway
gene9202,RAPGEF1,Neurotrophin Signaling Pathway,Neurotrophin Signaling Pathway
gene9203,RPS6KA3,Neurotrophin Signaling Pathway,Neurotrophin Signaling Pathway
gene9204,GRB2,Neurotrophin Signaling Pathway,Neurotrophin Signaling Pathway
gene9205,MAPK3,Neurotrophin Signaling Pathway,Neurotrophin Signaling Pathway
gene9206,RPS6KA4,Neurotrophin Signaling Pathway,Neurotrophin Signaling Pathway
gene9207,MAPK7,Neurotrophin Signaling Pathway,Neurotrophin Signaling Pathway
gene9208,KIDINS220,Neurotrophin Signaling Pathway,Neurotrophin Signaling Pathway
gene9209,RAC1,Neurotrophin Signaling Pathway,Neurotrophin Signaling Pathway
gene9210,SOS1,Neurotrophin Signaling Pathway,Neurotrophin Signaling Pathway
gene9211,MAPK1,Neurotrophin Signaling Pathway,Neurotrophin Signaling Pathway
gene9212,RPS6KA1,Neurotrophin Signaling Pathway,Neurotrophin Signaling Pathway
gene9213,YWHAQ,Neurotrophin Signaling Pathway,Neurotrophin Signaling Pathway
gene9214,HRAS,Neurotrophin Signaling Pathway,Neurotrophin Signaling Pathway
gene9215,MAPK8,Neurotrophin Signaling Pathway,Neurotrophin Signaling Pathway
gene9216,PRDM4,Neurotrophin Signaling Pathway,Neurotrophin Signaling Pathway
gene9217,MAPKAPK2,Neurotrophin Signaling Pathway,Neurotrophin Signaling Pathway
gene9218,GSK3B,Neurotrophin Signaling Pathway,Neurotrophin Signaling Pathway
gene9219,PSEN1,Neurotrophin Signaling Pathway,Neurotrophin Signaling Pathway
gene9220,NTF4,Neurotrophin Signaling Pathway,Neurotrophin Signaling Pathway
gene9221,IRAK2,Neurotrophin Signaling Pathway,Neurotrophin Signaling Pathway
gene9222,NTF3,Neurotrophin Signaling Pathway,Neurotrophin Signaling Pathway
gene9223,IRAK1,Neurotrophin Signaling Pathway,Neurotrophin Signaling Pathway
gene9224,RAP1A,Neurotrophin Signaling Pathway,Neurotrophin Signaling Pathway
gene9225,PIK3R3,Neurotrophin Signaling Pathway,Neurotrophin Signaling Pathway
gene9226,RAP1B,Neurotrophin Signaling Pathway,Neurotrophin Signaling Pathway
gene9227,IRAK3,Neurotrophin Signaling Pathway,Neurotrophin Signaling Pathway
gene9228,TP53,Neurotrophin Signaling Pathway,Neurotrophin Signaling Pathway
gene9229,PIK3CA,Neurotrophin Signaling Pathway,Neurotrophin Signaling Pathway
gene9230,PIK3CB,Neurotrophin Signaling Pathway,Neurotrophin Signaling Pathway
gene9231,PIK3CD,Neurotrophin Signaling Pathway,Neurotrophin Signaling Pathway
gene9232,GAB1,Neurotrophin Signaling Pathway,Neurotrophin Signaling Pathway
gene9233,FASLG,Neurotrophin Signaling Pathway,Neurotrophin Signaling Pathway
gene9234,SHC2,Neurotrophin Signaling Pathway,Neurotrophin Signaling Pathway
gene9235,ATF4,Neurotrophin Signaling Pathway,Neurotrophin Signaling Pathway
gene9236,IRS1,Neurotrophin Signaling Pathway,Neurotrophin Signaling Pathway
gene9237,ZNF274,Neurotrophin Signaling Pathway,Neurotrophin Signaling Pathway
gene9238,NTRK2,Neurotrophin Signaling Pathway,Neurotrophin Signaling Pathway
gene9239,PIK3CG,Neurotrophin Signaling Pathway,Neurotrophin Signaling Pathway
gene9240,IRS4,Neurotrophin Signaling Pathway,Neurotrophin Signaling Pathway
gene9241,NTRK1,Neurotrophin Signaling Pathway,Neurotrophin Signaling Pathway
gene9242,PIK3R1,Neurotrophin Signaling Pathway,Neurotrophin Signaling Pathway
gene9243,PIK3R2,Neurotrophin Signaling Pathway,Neurotrophin Signaling Pathway
gene9244,CALML6,Neurotrophin Signaling Pathway,Neurotrophin Signaling Pathway
gene9245,NTRK3,Neurotrophin Signaling Pathway,Neurotrophin Signaling Pathway
gene9246,GRM5,Long Term Depression,Long Term Depression
gene9247,PLCB2,Long Term Depression,Long Term Depression
gene9248,RYR1,Long Term Depression,Long Term Depression
gene9249,PLCB1,Long Term Depression,Long Term Depression
gene9250,RAF1,Long Term Depression,Long Term Depression
gene9251,PRKCB,Long Term Depression,Long Term Depression
gene9252,PRKCA,Long Term Depression,Long Term Depression
gene9253,PLCB3,Long Term Depression,Long Term Depression
gene9254,PLCB4,Long Term Depression,Long Term Depression
gene9255,IGF1,Long Term Depression,Long Term Depression
gene9256,CRHR1,Long Term Depression,Long Term Depression
gene9257,GRM1,Long Term Depression,Long Term Depression
gene9258,CRH,Long Term Depression,Long Term Depression
gene9259,IGF1R,Long Term Depression,Long Term Depression
gene9260,PLA2G3,Long Term Depression,Long Term Depression
gene9261,GRID2,Long Term Depression,Long Term Depression
gene9262,PRKCG,Long Term Depression,Long Term Depression
gene9263,JMJD7-PLA2G4B,Long Term Depression,Long Term Depression
gene9264,CACNA1A,Long Term Depression,Long Term Depression
gene9265,PLA2G6,Long Term Depression,Long Term Depression
gene9266,PLA2G2E,Long Term Depression,Long Term Depression
gene9267,PLA2G10,Long Term Depression,Long Term Depression
gene9268,MAP2K2,Long Term Depression,Long Term Depression
gene9269,PLA2G2A,Long Term Depression,Long Term Depression
gene9270,BRAF,Long Term Depression,Long Term Depression
gene9271,PLA2G4A,Long Term Depression,Long Term Depression
gene9272,ITPR3,Long Term Depression,Long Term Depression
gene9273,PLA2G5,Long Term Depression,Long Term Depression
gene9274,PLA2G12B,Long Term Depression,Long Term Depression
gene9275,MAP2K1,Long Term Depression,Long Term Depression
gene9276,NOS1,Long Term Depression,Long Term Depression
gene9277,GRIA3,Long Term Depression,Long Term Depression
gene9278,GRIA2,Long Term Depression,Long Term Depression
gene9279,GRIA1,Long Term Depression,Long Term Depression
gene9280,PLA2G4B,Long Term Depression,Long Term Depression
gene9281,PLA2G2F,Long Term Depression,Long Term Depression
gene9282,NRAS,Long Term Depression,Long Term Depression
gene9283,MAPK3,Long Term Depression,Long Term Depression
gene9284,GUCY1B1,Long Term Depression,Long Term Depression
gene9285,GUCY1A1,Long Term Depression,Long Term Depression
gene9286,PRKG1,Long Term Depression,Long Term Depression
gene9287,PRKG2,Long Term Depression,Long Term Depression
gene9288,MAPK1,Long Term Depression,Long Term Depression
gene9289,PLA2G1B,Long Term Depression,Long Term Depression
gene9290,HRAS,Long Term Depression,Long Term Depression
gene9291,ITPR1,Long Term Depression,Long Term Depression
gene9292,ITPR2,Long Term Depression,Long Term Depression
gene9293,GNA12,Long Term Depression,Long Term Depression
gene9294,GNA13,Long Term Depression,Long Term Depression
gene9295,GNA11,Long Term Depression,Long Term Depression
gene9296,KRAS,Long Term Depression,Long Term Depression
gene9297,GNAI1,Long Term Depression,Long Term Depression
gene9298,GNAI2,Long Term Depression,Long Term Depression
gene9299,GUCY1A2,Long Term Depression,Long Term Depression
gene9300,PPP2CB,Long Term Depression,Long Term Depression
gene9301,ARAF,Long Term Depression,Long Term Depression
gene9302,PPP2CA,Long Term Depression,Long Term Depression
gene9303,PPP2R1A,Long Term Depression,Long Term Depression
gene9304,PPP2R1B,Long Term Depression,Long Term Depression
gene9305,PLA2G4E,Long Term Depression,Long Term Depression
gene9306,GNAQ,Long Term Depression,Long Term Depression
gene9307,GNAS,Long Term Depression,Long Term Depression
gene9308,PPP1R17,Long Term Depression,Long Term Depression
gene9309,GNAI3,Long Term Depression,Long Term Depression
gene9310,GNAO1,Long Term Depression,Long Term Depression
gene9311,GNAZ,Long Term Depression,Long Term Depression
gene9312,PLA2G2C,Long Term Depression,Long Term Depression
gene9313,PLA2G2D,Long Term Depression,Long Term Depression
gene9314,PLA2G12A,Long Term Depression,Long Term Depression
gene9315,LYN,Long Term Depression,Long Term Depression
gene9316,CALM2,Olfactory Transduction,Olfactory Transduction
gene9317,CALM1,Olfactory Transduction,Olfactory Transduction
gene9318,OR11H4,Olfactory Transduction,Olfactory Transduction
gene9319,OR52W1,Olfactory Transduction,Olfactory Transduction
gene9320,OR5AU1,Olfactory Transduction,Olfactory Transduction
gene9321,GRK3,Olfactory Transduction,Olfactory Transduction
gene9322,OR2M2,Olfactory Transduction,Olfactory Transduction
gene9323,OR2M7,Olfactory Transduction,Olfactory Transduction
gene9324,OR2T33,Olfactory Transduction,Olfactory Transduction
gene9325,OR4F5,Olfactory Transduction,Olfactory Transduction
gene9326,CLCA4,Olfactory Transduction,Olfactory Transduction
gene9327,OR52K1,Olfactory Transduction,Olfactory Transduction
gene9328,OR52I1,Olfactory Transduction,Olfactory Transduction
gene9329,OR51D1,Olfactory Transduction,Olfactory Transduction
gene9330,OR2J2,Olfactory Transduction,Olfactory Transduction
gene9331,OR8I2,Olfactory Transduction,Olfactory Transduction
gene9332,OR2D2,Olfactory Transduction,Olfactory Transduction
gene9333,OR2D3,Olfactory Transduction,Olfactory Transduction
gene9334,OR4K13,Olfactory Transduction,Olfactory Transduction
gene9335,OR4K2,Olfactory Transduction,Olfactory Transduction
gene9336,OR2AK2,Olfactory Transduction,Olfactory Transduction
gene9337,OR4N5,Olfactory Transduction,Olfactory Transduction
gene9338,OR2L3,Olfactory Transduction,Olfactory Transduction
gene9339,OR4K17,Olfactory Transduction,Olfactory Transduction
gene9340,OR2L8,Olfactory Transduction,Olfactory Transduction
gene9341,ARRB2,Olfactory Transduction,Olfactory Transduction
gene9342,OR11G2,Olfactory Transduction,Olfactory Transduction
gene9343,OR11L1,Olfactory Transduction,Olfactory Transduction
gene9344,OR5P2,Olfactory Transduction,Olfactory Transduction
gene9345,OR5P3,Olfactory Transduction,Olfactory Transduction
gene9346,OR6C1,Olfactory Transduction,Olfactory Transduction
gene9347,OR6C75,Olfactory Transduction,Olfactory Transduction
gene9348,OR10AG1,Olfactory Transduction,Olfactory Transduction
gene9349,OR6C76,Olfactory Transduction,Olfactory Transduction
gene9350,OR6C70,Olfactory Transduction,Olfactory Transduction
gene9351,OR5J2,Olfactory Transduction,Olfactory Transduction
gene9352,OR52A1,Olfactory Transduction,Olfactory Transduction
gene9353,OR4M2,Olfactory Transduction,Olfactory Transduction
gene9354,OR51S1,Olfactory Transduction,Olfactory Transduction
gene9355,OR4N2,Olfactory Transduction,Olfactory Transduction
gene9356,GUCA1B,Olfactory Transduction,Olfactory Transduction
gene9357,OR52R1,Olfactory Transduction,Olfactory Transduction
gene9358,GUCA1A,Olfactory Transduction,Olfactory Transduction
gene9359,OR51F2,Olfactory Transduction,Olfactory Transduction
gene9360,OR13H1,Olfactory Transduction,Olfactory Transduction
gene9361,OR9K2,Olfactory Transduction,Olfactory Transduction
gene9362,CAMK2A,Olfactory Transduction,Olfactory Transduction
gene9363,CAMK2B,Olfactory Transduction,Olfactory Transduction
gene9364,CAMK2D,Olfactory Transduction,Olfactory Transduction
gene9365,CAMK2G,Olfactory Transduction,Olfactory Transduction
gene9366,OR51B5,Olfactory Transduction,Olfactory Transduction
gene9367,OR10J5,Olfactory Transduction,Olfactory Transduction
gene9368,CALML3,Olfactory Transduction,Olfactory Transduction
gene9369,OR2H1,Olfactory Transduction,Olfactory Transduction
gene9370,CALM3,Olfactory Transduction,Olfactory Transduction
gene9371,OR7G2,Olfactory Transduction,Olfactory Transduction
gene9372,OR7G3,Olfactory Transduction,Olfactory Transduction
gene9373,OR10A2,Olfactory Transduction,Olfactory Transduction
gene9374,OR10V1,Olfactory Transduction,Olfactory Transduction
gene9375,PDC,Olfactory Transduction,Olfactory Transduction
gene9376,OR7A10,Olfactory Transduction,Olfactory Transduction
gene9377,OR13C5,Olfactory Transduction,Olfactory Transduction
gene9378,OR9G4,Olfactory Transduction,Olfactory Transduction
gene9379,OR10H5,Olfactory Transduction,Olfactory Transduction
gene9380,OR4P4,Olfactory Transduction,Olfactory Transduction
gene9381,OR2C1,Olfactory Transduction,Olfactory Transduction
gene9382,OR1F1,Olfactory Transduction,Olfactory Transduction
gene9383,OR1D2,Olfactory Transduction,Olfactory Transduction
gene9384,OR10A4,Olfactory Transduction,Olfactory Transduction
gene9385,OR5B3,Olfactory Transduction,Olfactory Transduction
gene9386,OR7D2,Olfactory Transduction,Olfactory Transduction
gene9387,OR56B4,Olfactory Transduction,Olfactory Transduction
gene9388,OR13F1,Olfactory Transduction,Olfactory Transduction
gene9389,OR13C4,Olfactory Transduction,Olfactory Transduction
gene9390,OR13C3,Olfactory Transduction,Olfactory Transduction
gene9391,OR2T11,Olfactory Transduction,Olfactory Transduction
gene9392,OR13C8,Olfactory Transduction,Olfactory Transduction
gene9393,OR2T4,Olfactory Transduction,Olfactory Transduction
gene9394,OR52B6,Olfactory Transduction,Olfactory Transduction
gene9395,OR3A1,Olfactory Transduction,Olfactory Transduction
gene9396,OR2AT4,Olfactory Transduction,Olfactory Transduction
gene9397,OR3A2,Olfactory Transduction,Olfactory Transduction
gene9398,OR4F15,Olfactory Transduction,Olfactory Transduction
gene9399,OR4F6,Olfactory Transduction,Olfactory Transduction
gene9400,OR1C1,Olfactory Transduction,Olfactory Transduction
gene9401,OR4C15,Olfactory Transduction,Olfactory Transduction
gene9402,OR1A2,Olfactory Transduction,Olfactory Transduction
gene9403,OR4N4,Olfactory Transduction,Olfactory Transduction
gene9404,OR56B1,Olfactory Transduction,Olfactory Transduction
gene9405,OR2A1,Olfactory Transduction,Olfactory Transduction
gene9406,OR5I1,Olfactory Transduction,Olfactory Transduction
gene9407,OR2A12,Olfactory Transduction,Olfactory Transduction
gene9408,OR7D4,Olfactory Transduction,Olfactory Transduction
gene9409,OR9A4,Olfactory Transduction,Olfactory Transduction
gene9410,OR5C1,Olfactory Transduction,Olfactory Transduction
gene9411,OR4K14,Olfactory Transduction,Olfactory Transduction
gene9412,OR1L6,Olfactory Transduction,Olfactory Transduction
gene9413,OR4L1,Olfactory Transduction,Olfactory Transduction
gene9414,OR2M3,Olfactory Transduction,Olfactory Transduction
gene9415,OR2T12,Olfactory Transduction,Olfactory Transduction
gene9416,OR14C36,Olfactory Transduction,Olfactory Transduction
gene9417,OR11H6,Olfactory Transduction,Olfactory Transduction
gene9418,OR2T34,Olfactory Transduction,Olfactory Transduction
gene9419,OR2T10,Olfactory Transduction,Olfactory Transduction
gene9420,OR2T8,Olfactory Transduction,Olfactory Transduction
gene9421,OR2T3,Olfactory Transduction,Olfactory Transduction
gene9422,OR2W3,Olfactory Transduction,Olfactory Transduction
gene9423,OR6V1,Olfactory Transduction,Olfactory Transduction
gene9424,OR6Q1,Olfactory Transduction,Olfactory Transduction
gene9425,OR9I1,Olfactory Transduction,Olfactory Transduction
gene9426,OR13C2,Olfactory Transduction,Olfactory Transduction
gene9427,OR1G1,Olfactory Transduction,Olfactory Transduction
gene9428,OR3A3,Olfactory Transduction,Olfactory Transduction
gene9429,OR1Q1,Olfactory Transduction,Olfactory Transduction
gene9430,OR13A1,Olfactory Transduction,Olfactory Transduction
gene9431,GUCY2D,Olfactory Transduction,Olfactory Transduction
gene9432,OR5H6,Olfactory Transduction,Olfactory Transduction
gene9433,OR6F1,Olfactory Transduction,Olfactory Transduction
gene9434,OR2M5,Olfactory Transduction,Olfactory Transduction
gene9435,OR8D2,Olfactory Transduction,Olfactory Transduction
gene9436,OR4C16,Olfactory Transduction,Olfactory Transduction
gene9437,OR4C11,Olfactory Transduction,Olfactory Transduction
gene9438,GUCA1C,Olfactory Transduction,Olfactory Transduction
gene9439,OR1E1,Olfactory Transduction,Olfactory Transduction
gene9440,OR1E2,Olfactory Transduction,Olfactory Transduction
gene9441,OR1D4,Olfactory Transduction,Olfactory Transduction
gene9442,OR1D5,Olfactory Transduction,Olfactory Transduction
gene9443,OR1A1,Olfactory Transduction,Olfactory Transduction
gene9444,OR5F1,Olfactory Transduction,Olfactory Transduction
gene9445,OR5AP2,Olfactory Transduction,Olfactory Transduction
gene9446,OR10H4,Olfactory Transduction,Olfactory Transduction
gene9447,OR8D1,Olfactory Transduction,Olfactory Transduction
gene9448,OR4C46,Olfactory Transduction,Olfactory Transduction
gene9449,OR4C6,Olfactory Transduction,Olfactory Transduction
gene9450,CLCA2,Olfactory Transduction,Olfactory Transduction
gene9451,OR4S2,Olfactory Transduction,Olfactory Transduction
gene9452,OR6B2,Olfactory Transduction,Olfactory Transduction
gene9453,OR5D18,Olfactory Transduction,Olfactory Transduction
gene9454,OR5L1,Olfactory Transduction,Olfactory Transduction
gene9455,OR5D14,Olfactory Transduction,Olfactory Transduction
gene9456,OR8U1,Olfactory Transduction,Olfactory Transduction
gene9457,OR6C6,Olfactory Transduction,Olfactory Transduction
gene9458,OR4B1,Olfactory Transduction,Olfactory Transduction
gene9459,OR4X2,Olfactory Transduction,Olfactory Transduction
gene9460,OR8D4,Olfactory Transduction,Olfactory Transduction
gene9461,OR4X1,Olfactory Transduction,Olfactory Transduction
gene9462,GNAL,Olfactory Transduction,Olfactory Transduction
gene9463,OR6C65,Olfactory Transduction,Olfactory Transduction
gene9464,OR6C68,Olfactory Transduction,Olfactory Transduction
gene9465,OR8B4,Olfactory Transduction,Olfactory Transduction
gene9466,OR52E2,Olfactory Transduction,Olfactory Transduction
gene9467,OR52J3,Olfactory Transduction,Olfactory Transduction
gene9468,OR5D16,Olfactory Transduction,Olfactory Transduction
gene9469,OR4K1,Olfactory Transduction,Olfactory Transduction
gene9470,OR4D6,Olfactory Transduction,Olfactory Transduction
gene9471,OR5A1,Olfactory Transduction,Olfactory Transduction
gene9472,OR5D13,Olfactory Transduction,Olfactory Transduction
gene9473,OR5A2,Olfactory Transduction,Olfactory Transduction
gene9474,OR2A4,Olfactory Transduction,Olfactory Transduction
gene9475,OR52K2,Olfactory Transduction,Olfactory Transduction
gene9476,OR4D11,Olfactory Transduction,Olfactory Transduction
gene9477,OR52M1,Olfactory Transduction,Olfactory Transduction
gene9478,OR2A5,Olfactory Transduction,Olfactory Transduction
gene9479,OR8K5,Olfactory Transduction,Olfactory Transduction
gene9480,OR6B3,Olfactory Transduction,Olfactory Transduction
gene9481,OR51A7,Olfactory Transduction,Olfactory Transduction
gene9482,OR51T1,Olfactory Transduction,Olfactory Transduction
gene9483,OR51A4,Olfactory Transduction,Olfactory Transduction
gene9484,OR51A2,Olfactory Transduction,Olfactory Transduction
gene9485,OR8A1,Olfactory Transduction,Olfactory Transduction
gene9486,OR51L1,Olfactory Transduction,Olfactory Transduction
gene9487,OR5AS1,Olfactory Transduction,Olfactory Transduction
gene9488,OR1B1,Olfactory Transduction,Olfactory Transduction
gene9489,OR1J1,Olfactory Transduction,Olfactory Transduction
gene9490,OR10G7,Olfactory Transduction,Olfactory Transduction
gene9491,OR10G4,Olfactory Transduction,Olfactory Transduction
gene9492,OR5M1,Olfactory Transduction,Olfactory Transduction
gene9493,OR5M10,Olfactory Transduction,Olfactory Transduction
gene9494,OR6M1,Olfactory Transduction,Olfactory Transduction
gene9495,OR6X1,Olfactory Transduction,Olfactory Transduction
gene9496,OR8G5,Olfactory Transduction,Olfactory Transduction
gene9497,OR12D3,Olfactory Transduction,Olfactory Transduction
gene9498,OR5M9,Olfactory Transduction,Olfactory Transduction
gene9499,OR5B17,Olfactory Transduction,Olfactory Transduction
gene9500,OR1L8,Olfactory Transduction,Olfactory Transduction
gene9501,OR10Q1,Olfactory Transduction,Olfactory Transduction
gene9502,OR1N2,Olfactory Transduction,Olfactory Transduction
gene9503,OR1N1,Olfactory Transduction,Olfactory Transduction
gene9504,OR8J1,Olfactory Transduction,Olfactory Transduction
gene9505,OR51V1,Olfactory Transduction,Olfactory Transduction
gene9506,OR1S2,Olfactory Transduction,Olfactory Transduction
gene9507,OR1S1,Olfactory Transduction,Olfactory Transduction
gene9508,OR9Q1,Olfactory Transduction,Olfactory Transduction
gene9509,OR8U3,Olfactory Transduction,Olfactory Transduction
gene9510,OR9Q2,Olfactory Transduction,Olfactory Transduction
gene9511,OR8B12,Olfactory Transduction,Olfactory Transduction
gene9512,OR8K3,Olfactory Transduction,Olfactory Transduction
gene9513,OR8K1,Olfactory Transduction,Olfactory Transduction
gene9514,OR6T1,Olfactory Transduction,Olfactory Transduction
gene9515,OR10S1,Olfactory Transduction,Olfactory Transduction
gene9516,OR1K1,Olfactory Transduction,Olfactory Transduction
gene9517,OR4D5,Olfactory Transduction,Olfactory Transduction
gene9518,OR2A2,Olfactory Transduction,Olfactory Transduction
gene9519,OR8H2,Olfactory Transduction,Olfactory Transduction
gene9520,OR8H3,Olfactory Transduction,Olfactory Transduction
gene9521,OR10G9,Olfactory Transduction,Olfactory Transduction
gene9522,OR5T1,Olfactory Transduction,Olfactory Transduction
gene9523,OR5T3,Olfactory Transduction,Olfactory Transduction
gene9524,OR5T2,Olfactory Transduction,Olfactory Transduction
gene9525,OR56A4,Olfactory Transduction,Olfactory Transduction
gene9526,OR5B21,Olfactory Transduction,Olfactory Transduction
gene9527,OR56A1,Olfactory Transduction,Olfactory Transduction
gene9528,OR8H1,Olfactory Transduction,Olfactory Transduction
gene9529,OR51F1,Olfactory Transduction,Olfactory Transduction
gene9530,OR10G8,Olfactory Transduction,Olfactory Transduction
gene9531,CALML6,Olfactory Transduction,Olfactory Transduction
gene9532,OR52N1,Olfactory Transduction,Olfactory Transduction
gene9533,OR5M8,Olfactory Transduction,Olfactory Transduction
gene9534,OR5M3,Olfactory Transduction,Olfactory Transduction
gene9535,OR5M11,Olfactory Transduction,Olfactory Transduction
gene9536,OR5K2,Olfactory Transduction,Olfactory Transduction
gene9537,OR51B4,Olfactory Transduction,Olfactory Transduction
gene9538,OR13D1,Olfactory Transduction,Olfactory Transduction
gene9539,OR52A5,Olfactory Transduction,Olfactory Transduction
gene9540,OR51M1,Olfactory Transduction,Olfactory Transduction
gene9541,OR4D9,Olfactory Transduction,Olfactory Transduction
gene9542,OR51B6,Olfactory Transduction,Olfactory Transduction
gene9543,OR4D10,Olfactory Transduction,Olfactory Transduction
gene9544,OR5AN1,Olfactory Transduction,Olfactory Transduction
gene9545,OR4F17,Olfactory Transduction,Olfactory Transduction
gene9546,OR51G2,Olfactory Transduction,Olfactory Transduction
gene9547,OR5AR1,Olfactory Transduction,Olfactory Transduction
gene9548,OR2AE1,Olfactory Transduction,Olfactory Transduction
gene9549,OR51E2,Olfactory Transduction,Olfactory Transduction
gene9550,OR4F16,Olfactory Transduction,Olfactory Transduction
gene9551,OR51Q1,Olfactory Transduction,Olfactory Transduction
gene9552,OR51G1,Olfactory Transduction,Olfactory Transduction
gene9553,OR2Z1,Olfactory Transduction,Olfactory Transduction
gene9554,OR51I1,Olfactory Transduction,Olfactory Transduction
gene9555,OR51I2,Olfactory Transduction,Olfactory Transduction
gene9556,OR52D1,Olfactory Transduction,Olfactory Transduction
gene9557,OR52H1,Olfactory Transduction,Olfactory Transduction
gene9558,OR5V1,Olfactory Transduction,Olfactory Transduction
gene9559,OR2B2,Olfactory Transduction,Olfactory Transduction
gene9560,CLCA1,Olfactory Transduction,Olfactory Transduction
gene9561,OR1I1,Olfactory Transduction,Olfactory Transduction
gene9562,OR52E4,Olfactory Transduction,Olfactory Transduction
gene9563,PRKX,Olfactory Transduction,Olfactory Transduction
gene9564,OR52N2,Olfactory Transduction,Olfactory Transduction
gene9565,OR52E6,Olfactory Transduction,Olfactory Transduction
gene9566,OR52N5,Olfactory Transduction,Olfactory Transduction
gene9567,OR2J3,Olfactory Transduction,Olfactory Transduction
gene9568,OR2B3,Olfactory Transduction,Olfactory Transduction
gene9569,OR52N4,Olfactory Transduction,Olfactory Transduction
gene9570,OR10J3,Olfactory Transduction,Olfactory Transduction
gene9571,OR52E8,Olfactory Transduction,Olfactory Transduction
gene9572,OR9G1,Olfactory Transduction,Olfactory Transduction
gene9573,OR13J1,Olfactory Transduction,Olfactory Transduction
gene9574,OR8J3,Olfactory Transduction,Olfactory Transduction
gene9575,OR5B12,Olfactory Transduction,Olfactory Transduction
gene9576,OR56A3,Olfactory Transduction,Olfactory Transduction
gene9577,OR56A5,Olfactory Transduction,Olfactory Transduction
gene9578,OR51B2,Olfactory Transduction,Olfactory Transduction
gene9579,OR5AK2,Olfactory Transduction,Olfactory Transduction
gene9580,OR52L1,Olfactory Transduction,Olfactory Transduction
gene9581,OR2AG2,Olfactory Transduction,Olfactory Transduction
gene9582,OR52B4,Olfactory Transduction,Olfactory Transduction
gene9583,OR2W1,Olfactory Transduction,Olfactory Transduction
gene9584,OR10T2,Olfactory Transduction,Olfactory Transduction
gene9585,OR2T1,Olfactory Transduction,Olfactory Transduction
gene9586,OR6N2,Olfactory Transduction,Olfactory Transduction
gene9587,OR10X1,Olfactory Transduction,Olfactory Transduction
gene9588,OR6K2,Olfactory Transduction,Olfactory Transduction
gene9589,OR10Z1,Olfactory Transduction,Olfactory Transduction
gene9590,OR5AC2,Olfactory Transduction,Olfactory Transduction
gene9591,OR2T5,Olfactory Transduction,Olfactory Transduction
gene9592,OR14I1,Olfactory Transduction,Olfactory Transduction
gene9593,OR2T2,Olfactory Transduction,Olfactory Transduction
gene9594,OR10A6,Olfactory Transduction,Olfactory Transduction
gene9595,OR1L4,Olfactory Transduction,Olfactory Transduction
gene9596,OR10A5,Olfactory Transduction,Olfactory Transduction
gene9597,OR2AG1,Olfactory Transduction,Olfactory Transduction
gene9598,OR6K6,Olfactory Transduction,Olfactory Transduction
gene9599,OR6N1,Olfactory Transduction,Olfactory Transduction
gene9600,OR10C1,Olfactory Transduction,Olfactory Transduction
gene9601,OR14J1,Olfactory Transduction,Olfactory Transduction
gene9602,OR4A16,Olfactory Transduction,Olfactory Transduction
gene9603,OR2G3,Olfactory Transduction,Olfactory Transduction
gene9604,OR1M1,Olfactory Transduction,Olfactory Transduction
gene9605,OR7G1,Olfactory Transduction,Olfactory Transduction
gene9606,OR2A25,Olfactory Transduction,Olfactory Transduction
gene9607,OR4K5,Olfactory Transduction,Olfactory Transduction
gene9608,OR4A5,Olfactory Transduction,Olfactory Transduction
gene9609,OR5H2,Olfactory Transduction,Olfactory Transduction
gene9610,OR2T27,Olfactory Transduction,Olfactory Transduction
gene9611,OR4C45,Olfactory Transduction,Olfactory Transduction
gene9612,OR2G2,Olfactory Transduction,Olfactory Transduction
gene9613,OR2C3,Olfactory Transduction,Olfactory Transduction
gene9614,OR4A47,Olfactory Transduction,Olfactory Transduction
gene9615,OR13C9,Olfactory Transduction,Olfactory Transduction
gene9616,OR11H1,Olfactory Transduction,Olfactory Transduction
gene9617,OR4A15,Olfactory Transduction,Olfactory Transduction
gene9618,OR7A5,Olfactory Transduction,Olfactory Transduction
gene9619,OR7C2,Olfactory Transduction,Olfactory Transduction
gene9620,OR10R2,Olfactory Transduction,Olfactory Transduction
gene9621,OR7C1,Olfactory Transduction,Olfactory Transduction
gene9622,OR51E1,Olfactory Transduction,Olfactory Transduction
gene9623,OR52I2,Olfactory Transduction,Olfactory Transduction
gene9624,OR2H2,Olfactory Transduction,Olfactory Transduction
gene9625,OR4S1,Olfactory Transduction,Olfactory Transduction
gene9626,OR2T6,Olfactory Transduction,Olfactory Transduction
gene9627,OR4C13,Olfactory Transduction,Olfactory Transduction
gene9628,OR4C12,Olfactory Transduction,Olfactory Transduction
gene9629,OR6C74,Olfactory Transduction,Olfactory Transduction
gene9630,OR6C3,Olfactory Transduction,Olfactory Transduction
gene9631,OR10A7,Olfactory Transduction,Olfactory Transduction
gene9632,OR14A16,Olfactory Transduction,Olfactory Transduction
gene9633,OR10G2,Olfactory Transduction,Olfactory Transduction
gene9634,OR10H3,Olfactory Transduction,Olfactory Transduction
gene9635,OR2T29,Olfactory Transduction,Olfactory Transduction
gene9636,OR10G3,Olfactory Transduction,Olfactory Transduction
gene9637,OR10H2,Olfactory Transduction,Olfactory Transduction
gene9638,OR10H1,Olfactory Transduction,Olfactory Transduction
gene9639,OR4C3,Olfactory Transduction,Olfactory Transduction
gene9640,OR1L1,Olfactory Transduction,Olfactory Transduction
gene9641,OR11A1,Olfactory Transduction,Olfactory Transduction
gene9642,ADCY3,Olfactory Transduction,Olfactory Transduction
gene9643,CALML5,Olfactory Transduction,Olfactory Transduction
gene9644,OR1L3,Olfactory Transduction,Olfactory Transduction
gene9645,PDE1C,Olfactory Transduction,Olfactory Transduction
gene9646,CNGA3,Olfactory Transduction,Olfactory Transduction
gene9647,CNGA4,Olfactory Transduction,Olfactory Transduction
gene9648,OR8S1,Olfactory Transduction,Olfactory Transduction
gene9649,OR52B2,Olfactory Transduction,Olfactory Transduction
gene9650,OR4E2,Olfactory Transduction,Olfactory Transduction
gene9651,OR5L2,Olfactory Transduction,Olfactory Transduction
gene9652,OR5K1,Olfactory Transduction,Olfactory Transduction
gene9653,OR2L13,Olfactory Transduction,Olfactory Transduction
gene9654,OR4D1,Olfactory Transduction,Olfactory Transduction
gene9655,PRKACA,Olfactory Transduction,Olfactory Transduction
gene9656,PRKACB,Olfactory Transduction,Olfactory Transduction
gene9657,PRKACG,Olfactory Transduction,Olfactory Transduction
gene9658,OR1J2,Olfactory Transduction,Olfactory Transduction
gene9659,OR10J1,Olfactory Transduction,Olfactory Transduction
gene9660,OR4F3,Olfactory Transduction,Olfactory Transduction
gene9661,OR2A42,Olfactory Transduction,Olfactory Transduction
gene9662,OR2V2,Olfactory Transduction,Olfactory Transduction
gene9663,OR4F4,Olfactory Transduction,Olfactory Transduction
gene9664,CNGB1,Olfactory Transduction,Olfactory Transduction
gene9665,OR7A17,Olfactory Transduction,Olfactory Transduction
gene9666,OR13G1,Olfactory Transduction,Olfactory Transduction
gene9667,OR2Y1,Olfactory Transduction,Olfactory Transduction
gene9668,OR6S1,Olfactory Transduction,Olfactory Transduction
gene9669,OR9A2,Olfactory Transduction,Olfactory Transduction
gene9670,OR2B6,Olfactory Transduction,Olfactory Transduction
gene9671,OR2F1,Olfactory Transduction,Olfactory Transduction
gene9672,OR4M1,Olfactory Transduction,Olfactory Transduction
gene9673,OR12D2,Olfactory Transduction,Olfactory Transduction
gene9674,OR2B11,Olfactory Transduction,Olfactory Transduction
gene9675,OR8G2P,Olfactory Transduction,Olfactory Transduction
gene9676,OR8B8,Olfactory Transduction,Olfactory Transduction
gene9677,OR8G1,Olfactory Transduction,Olfactory Transduction
gene9678,OR4D2,Olfactory Transduction,Olfactory Transduction
gene9679,OR4Q3,Olfactory Transduction,Olfactory Transduction
gene9680,OR10A3,Olfactory Transduction,Olfactory Transduction
gene9681,PRKG1,Olfactory Transduction,Olfactory Transduction
gene9682,OR1J4,Olfactory Transduction,Olfactory Transduction
gene9683,PRKG2,Olfactory Transduction,Olfactory Transduction
gene9684,OR6A2,Olfactory Transduction,Olfactory Transduction
gene9685,OR2M4,Olfactory Transduction,Olfactory Transduction
gene9686,OR2S2,Olfactory Transduction,Olfactory Transduction
gene9687,OR10P1,Olfactory Transduction,Olfactory Transduction
gene9688,OR10K2,Olfactory Transduction,Olfactory Transduction
gene9689,OR10K1,Olfactory Transduction,Olfactory Transduction
gene9690,OR2A14,Olfactory Transduction,Olfactory Transduction
gene9691,OR2K2,Olfactory Transduction,Olfactory Transduction
gene9692,OR2F2,Olfactory Transduction,Olfactory Transduction
gene9693,OR2L2,Olfactory Transduction,Olfactory Transduction
gene9694,OR6B1,Olfactory Transduction,Olfactory Transduction
gene9695,OR2A7,Olfactory Transduction,Olfactory Transduction
gene9696,OR6C4,Olfactory Transduction,Olfactory Transduction
gene9697,OR6C2,Olfactory Transduction,Olfactory Transduction
gene9698,OR7E24,Olfactory Transduction,Olfactory Transduction
gene9699,OR2G6,Olfactory Transduction,Olfactory Transduction
gene9700,OR6K3,Olfactory Transduction,Olfactory Transduction
gene9701,OR6Y1,Olfactory Transduction,Olfactory Transduction
gene9702,OR10AD1,Olfactory Transduction,Olfactory Transduction
gene9703,OR8U8,Olfactory Transduction,Olfactory Transduction
gene9704,OR4K15,Olfactory Transduction,Olfactory Transduction
gene9705,BRK1,Regulation Of Actin Cytoskeleton,Regulation Of Actin Cytoskeleton
gene9706,FN1,Regulation Of Actin Cytoskeleton,Regulation Of Actin Cytoskeleton
gene9707,ENAH,Regulation Of Actin Cytoskeleton,Regulation Of Actin Cytoskeleton
gene9708,DIAPH1,Regulation Of Actin Cytoskeleton,Regulation Of Actin Cytoskeleton
gene9709,SSH2,Regulation Of Actin Cytoskeleton,Regulation Of Actin Cytoskeleton
gene9710,RRAS2,Regulation Of Actin Cytoskeleton,Regulation Of Actin Cytoskeleton
gene9711,ITGA11,Regulation Of Actin Cytoskeleton,Regulation Of Actin Cytoskeleton
gene9712,ROCK1,Regulation Of Actin Cytoskeleton,Regulation Of Actin Cytoskeleton
gene9713,PTK2,Regulation Of Actin Cytoskeleton,Regulation Of Actin Cytoskeleton
gene9714,MYL7,Regulation Of Actin Cytoskeleton,Regulation Of Actin Cytoskeleton
gene9715,ARHGEF7,Regulation Of Actin Cytoskeleton,Regulation Of Actin Cytoskeleton
gene9716,ARPC4,Regulation Of Actin Cytoskeleton,Regulation Of Actin Cytoskeleton
gene9717,CD14,Regulation Of Actin Cytoskeleton,Regulation Of Actin Cytoskeleton
gene9718,FGD3,Regulation Of Actin Cytoskeleton,Regulation Of Actin Cytoskeleton
gene9719,ARPC5,Regulation Of Actin Cytoskeleton,Regulation Of Actin Cytoskeleton
gene9720,MYL12A,Regulation Of Actin Cytoskeleton,Regulation Of Actin Cytoskeleton
gene9721,NRAS,Regulation Of Actin Cytoskeleton,Regulation Of Actin Cytoskeleton
gene9722,ARPC1B,Regulation Of Actin Cytoskeleton,Regulation Of Actin Cytoskeleton
gene9723,ARPC3,Regulation Of Actin Cytoskeleton,Regulation Of Actin Cytoskeleton
gene9724,TIAM1,Regulation Of Actin Cytoskeleton,Regulation Of Actin Cytoskeleton
gene9725,SCIN,Regulation Of Actin Cytoskeleton,Regulation Of Actin Cytoskeleton
gene9726,PAK6,Regulation Of Actin Cytoskeleton,Regulation Of Actin Cytoskeleton
gene9727,PFN1,Regulation Of Actin Cytoskeleton,Regulation Of Actin Cytoskeleton
gene9728,PFN2,Regulation Of Actin Cytoskeleton,Regulation Of Actin Cytoskeleton
gene9729,PIK3R5,Regulation Of Actin Cytoskeleton,Regulation Of Actin Cytoskeleton
gene9730,IQGAP3,Regulation Of Actin Cytoskeleton,Regulation Of Actin Cytoskeleton
gene9731,KRAS,Regulation Of Actin Cytoskeleton,Regulation Of Actin Cytoskeleton
gene9732,CFL2,Regulation Of Actin Cytoskeleton,Regulation Of Actin Cytoskeleton
gene9733,CFL1,Regulation Of Actin Cytoskeleton,Regulation Of Actin Cytoskeleton
gene9734,MYL2,Regulation Of Actin Cytoskeleton,Regulation Of Actin Cytoskeleton
gene9735,MYLK,Regulation Of Actin Cytoskeleton,Regulation Of Actin Cytoskeleton
gene9736,BDKRB1,Regulation Of Actin Cytoskeleton,Regulation Of Actin Cytoskeleton
gene9737,MYL5,Regulation Of Actin Cytoskeleton,Regulation Of Actin Cytoskeleton
gene9738,PIP5K1C,Regulation Of Actin Cytoskeleton,Regulation Of Actin Cytoskeleton
gene9739,BDKRB2,Regulation Of Actin Cytoskeleton,Regulation Of Actin Cytoskeleton
gene9740,CSK,Regulation Of Actin Cytoskeleton,Regulation Of Actin Cytoskeleton
gene9741,MYL10,Regulation Of Actin Cytoskeleton,Regulation Of Actin Cytoskeleton
gene9742,APC,Regulation Of Actin Cytoskeleton,Regulation Of Actin Cytoskeleton
gene9743,PIP4K2C,Regulation Of Actin Cytoskeleton,Regulation Of Actin Cytoskeleton
gene9744,MYH9,Regulation Of Actin Cytoskeleton,Regulation Of Actin Cytoskeleton
gene9745,ARPC5L,Regulation Of Actin Cytoskeleton,Regulation Of Actin Cytoskeleton
gene9746,MYH10,Regulation Of Actin Cytoskeleton,Regulation Of Actin Cytoskeleton
gene9747,ARHGEF4,Regulation Of Actin Cytoskeleton,Regulation Of Actin Cytoskeleton
gene9748,FGF9,Regulation Of Actin Cytoskeleton,Regulation Of Actin Cytoskeleton
gene9749,FGF8,Regulation Of Actin Cytoskeleton,Regulation Of Actin Cytoskeleton
gene9750,FGF7,Regulation Of Actin Cytoskeleton,Regulation Of Actin Cytoskeleton
gene9751,FGF6,Regulation Of Actin Cytoskeleton,Regulation Of Actin Cytoskeleton
gene9752,FGF5,Regulation Of Actin Cytoskeleton,Regulation Of Actin Cytoskeleton
gene9753,WAS,Regulation Of Actin Cytoskeleton,Regulation Of Actin Cytoskeleton
gene9754,PDGFD,Regulation Of Actin Cytoskeleton,Regulation Of Actin Cytoskeleton
gene9755,FGF3,Regulation Of Actin Cytoskeleton,Regulation Of Actin Cytoskeleton
gene9756,FGF4,Regulation Of Actin Cytoskeleton,Regulation Of Actin Cytoskeleton
gene9757,FGF1,Regulation Of Actin Cytoskeleton,Regulation Of Actin Cytoskeleton
gene9758,FGF2,Regulation Of Actin Cytoskeleton,Regulation Of Actin Cytoskeleton
gene9759,FGD1,Regulation Of Actin Cytoskeleton,Regulation Of Actin Cytoskeleton
gene9760,PPP1R12A,Regulation Of Actin Cytoskeleton,Regulation Of Actin Cytoskeleton
gene9761,FGF21,Regulation Of Actin Cytoskeleton,Regulation Of Actin Cytoskeleton
gene9762,ACTN4,Regulation Of Actin Cytoskeleton,Regulation Of Actin Cytoskeleton
gene9763,ACTN1,Regulation Of Actin Cytoskeleton,Regulation Of Actin Cytoskeleton
gene9764,MAP2K2,Regulation Of Actin Cytoskeleton,Regulation Of Actin Cytoskeleton
gene9765,MAP2K1,Regulation Of Actin Cytoskeleton,Regulation Of Actin Cytoskeleton
gene9766,ARHGEF12,Regulation Of Actin Cytoskeleton,Regulation Of Actin Cytoskeleton
gene9767,FGFR2,Regulation Of Actin Cytoskeleton,Regulation Of Actin Cytoskeleton
gene9768,FGFR4,Regulation Of Actin Cytoskeleton,Regulation Of Actin Cytoskeleton
gene9769,FGFR3,Regulation Of Actin Cytoskeleton,Regulation Of Actin Cytoskeleton
gene9770,FGFR1,Regulation Of Actin Cytoskeleton,Regulation Of Actin Cytoskeleton
gene9771,FGF14,Regulation Of Actin Cytoskeleton,Regulation Of Actin Cytoskeleton
gene9772,FGF17,Regulation Of Actin Cytoskeleton,Regulation Of Actin Cytoskeleton
gene9773,FGF16,Regulation Of Actin Cytoskeleton,Regulation Of Actin Cytoskeleton
gene9774,FGF10,Regulation Of Actin Cytoskeleton,Regulation Of Actin Cytoskeleton
gene9775,FGF11,Regulation Of Actin Cytoskeleton,Regulation Of Actin Cytoskeleton
gene9776,IQGAP1,Regulation Of Actin Cytoskeleton,Regulation Of Actin Cytoskeleton
gene9777,FGF12,Regulation Of Actin Cytoskeleton,Regulation Of Actin Cytoskeleton
gene9778,PPP1CC,Regulation Of Actin Cytoskeleton,Regulation Of Actin Cytoskeleton
gene9779,FGF13,Regulation Of Actin Cytoskeleton,Regulation Of Actin Cytoskeleton
gene9780,PPP1CB,Regulation Of Actin Cytoskeleton,Regulation Of Actin Cytoskeleton
gene9781,ACTG1,Regulation Of Actin Cytoskeleton,Regulation Of Actin Cytoskeleton
gene9782,ITGA10,Regulation Of Actin Cytoskeleton,Regulation Of Actin Cytoskeleton
gene9783,HRAS,Regulation Of Actin Cytoskeleton,Regulation Of Actin Cytoskeleton
gene9784,ITGA8,Regulation Of Actin Cytoskeleton,Regulation Of Actin Cytoskeleton
gene9785,PFN3,Regulation Of Actin Cytoskeleton,Regulation Of Actin Cytoskeleton
gene9786,FGF23,Regulation Of Actin Cytoskeleton,Regulation Of Actin Cytoskeleton
gene9787,LIMK2,Regulation Of Actin Cytoskeleton,Regulation Of Actin Cytoskeleton
gene9788,LIMK1,Regulation Of Actin Cytoskeleton,Regulation Of Actin Cytoskeleton
gene9789,FGF18,Regulation Of Actin Cytoskeleton,Regulation Of Actin Cytoskeleton
gene9790,MYL12B,Regulation Of Actin Cytoskeleton,Regulation Of Actin Cytoskeleton
gene9791,PIP4K2A,Regulation Of Actin Cytoskeleton,Regulation Of Actin Cytoskeleton
gene9792,ACTB,Regulation Of Actin Cytoskeleton,Regulation Of Actin Cytoskeleton
gene9793,ROCK2,Regulation Of Actin Cytoskeleton,Regulation Of Actin Cytoskeleton
gene9794,MOS,Regulation Of Actin Cytoskeleton,Regulation Of Actin Cytoskeleton
gene9795,PIK3R3,Regulation Of Actin Cytoskeleton,Regulation Of Actin Cytoskeleton
gene9796,TMSB4Y,Regulation Of Actin Cytoskeleton,Regulation Of Actin Cytoskeleton
gene9797,GIT1,Regulation Of Actin Cytoskeleton,Regulation Of Actin Cytoskeleton
gene9798,MSN,Regulation Of Actin Cytoskeleton,Regulation Of Actin Cytoskeleton
gene9799,ARPC1A,Regulation Of Actin Cytoskeleton,Regulation Of Actin Cytoskeleton
gene9800,BAIAP2,Regulation Of Actin Cytoskeleton,Regulation Of Actin Cytoskeleton
gene9801,IQGAP2,Regulation Of Actin Cytoskeleton,Regulation Of Actin Cytoskeleton
gene9802,NCKAP1,Regulation Of Actin Cytoskeleton,Regulation Of Actin Cytoskeleton
gene9803,VAV3,Regulation Of Actin Cytoskeleton,Regulation Of Actin Cytoskeleton
gene9804,ABI2,Regulation Of Actin Cytoskeleton,Regulation Of Actin Cytoskeleton
gene9805,F2,Regulation Of Actin Cytoskeleton,Regulation Of Actin Cytoskeleton
gene9806,F2R,Regulation Of Actin Cytoskeleton,Regulation Of Actin Cytoskeleton
gene9807,ARHGEF6,Regulation Of Actin Cytoskeleton,Regulation Of Actin Cytoskeleton
gene9808,ITGA9,Regulation Of Actin Cytoskeleton,Regulation Of Actin Cytoskeleton
gene9809,ITGAL,Regulation Of Actin Cytoskeleton,Regulation Of Actin Cytoskeleton
gene9810,ITGAM,Regulation Of Actin Cytoskeleton,Regulation Of Actin Cytoskeleton
gene9811,ITGAD,Regulation Of Actin Cytoskeleton,Regulation Of Actin Cytoskeleton
gene9812,ITGAE,Regulation Of Actin Cytoskeleton,Regulation Of Actin Cytoskeleton
gene9813,PAK4,Regulation Of Actin Cytoskeleton,Regulation Of Actin Cytoskeleton
gene9814,ITGA4,Regulation Of Actin Cytoskeleton,Regulation Of Actin Cytoskeleton
gene9815,ITGA3,Regulation Of Actin Cytoskeleton,Regulation Of Actin Cytoskeleton
gene9816,ITGA2B,Regulation Of Actin Cytoskeleton,Regulation Of Actin Cytoskeleton
gene9817,APC2,Regulation Of Actin Cytoskeleton,Regulation Of Actin Cytoskeleton
gene9818,ITGA7,Regulation Of Actin Cytoskeleton,Regulation Of Actin Cytoskeleton
gene9819,ITGA5,Regulation Of Actin Cytoskeleton,Regulation Of Actin Cytoskeleton
gene9820,MYH14,Regulation Of Actin Cytoskeleton,Regulation Of Actin Cytoskeleton
gene9821,PDGFRB,Regulation Of Actin Cytoskeleton,Regulation Of Actin Cytoskeleton
gene9822,PIP4K2B,Regulation Of Actin Cytoskeleton,Regulation Of Actin Cytoskeleton
gene9823,WASF2,Regulation Of Actin Cytoskeleton,Regulation Of Actin Cytoskeleton
gene9824,BRAF,Regulation Of Actin Cytoskeleton,Regulation Of Actin Cytoskeleton
gene9825,SLC9A1,Regulation Of Actin Cytoskeleton,Regulation Of Actin Cytoskeleton
gene9826,DIAPH3,Regulation Of Actin Cytoskeleton,Regulation Of Actin Cytoskeleton
gene9827,VAV1,Regulation Of Actin Cytoskeleton,Regulation Of Actin Cytoskeleton
gene9828,WASF1,Regulation Of Actin Cytoskeleton,Regulation Of Actin Cytoskeleton
gene9829,ITGB3,Regulation Of Actin Cytoskeleton,Regulation Of Actin Cytoskeleton
gene9830,PIKFYVE,Regulation Of Actin Cytoskeleton,Regulation Of Actin Cytoskeleton
gene9831,ITGB4,Regulation Of Actin Cytoskeleton,Regulation Of Actin Cytoskeleton
gene9832,ITGB5,Regulation Of Actin Cytoskeleton,Regulation Of Actin Cytoskeleton
gene9833,DOCK1,Regulation Of Actin Cytoskeleton,Regulation Of Actin Cytoskeleton
gene9834,ITGB6,Regulation Of Actin Cytoskeleton,Regulation Of Actin Cytoskeleton
gene9835,PIP5K1A,Regulation Of Actin Cytoskeleton,Regulation Of Actin Cytoskeleton
gene9836,ITGB7,Regulation Of Actin Cytoskeleton,Regulation Of Actin Cytoskeleton
gene9837,PIP5K1B,Regulation Of Actin Cytoskeleton,Regulation Of Actin Cytoskeleton
gene9838,ITGAV,Regulation Of Actin Cytoskeleton,Regulation Of Actin Cytoskeleton
gene9839,ITGB1,Regulation Of Actin Cytoskeleton,Regulation Of Actin Cytoskeleton
gene9840,ITGAX,Regulation Of Actin Cytoskeleton,Regulation Of Actin Cytoskeleton
gene9841,VAV2,Regulation Of Actin Cytoskeleton,Regulation Of Actin Cytoskeleton
gene9842,ITGB2,Regulation Of Actin Cytoskeleton,Regulation Of Actin Cytoskeleton
gene9843,FGF20,Regulation Of Actin Cytoskeleton,Regulation Of Actin Cytoskeleton
gene9844,PFN4,Regulation Of Actin Cytoskeleton,Regulation Of Actin Cytoskeleton
gene9845,GNA12,Regulation Of Actin Cytoskeleton,Regulation Of Actin Cytoskeleton
gene9846,PDGFC,Regulation Of Actin Cytoskeleton,Regulation Of Actin Cytoskeleton
gene9847,VCL,Regulation Of Actin Cytoskeleton,Regulation Of Actin Cytoskeleton
gene9848,GNA13,Regulation Of Actin Cytoskeleton,Regulation Of Actin Cytoskeleton
gene9849,CHRM1,Regulation Of Actin Cytoskeleton,Regulation Of Actin Cytoskeleton
gene9850,CHRM2,Regulation Of Actin Cytoskeleton,Regulation Of Actin Cytoskeleton
gene9851,CYFIP1,Regulation Of Actin Cytoskeleton,Regulation Of Actin Cytoskeleton
gene9852,CHRM4,Regulation Of Actin Cytoskeleton,Regulation Of Actin Cytoskeleton
gene9853,CHRM3,Regulation Of Actin Cytoskeleton,Regulation Of Actin Cytoskeleton
gene9854,ITGB8,Regulation Of Actin Cytoskeleton,Regulation Of Actin Cytoskeleton
gene9855,RDX,Regulation Of Actin Cytoskeleton,Regulation Of Actin Cytoskeleton
gene9856,PXN,Regulation Of Actin Cytoskeleton,Regulation Of Actin Cytoskeleton
gene9857,CYFIP2,Regulation Of Actin Cytoskeleton,Regulation Of Actin Cytoskeleton
gene9858,PAK5,Regulation Of Actin Cytoskeleton,Regulation Of Actin Cytoskeleton
gene9859,PDGFA,Regulation Of Actin Cytoskeleton,Regulation Of Actin Cytoskeleton
gene9860,FGF22,Regulation Of Actin Cytoskeleton,Regulation Of Actin Cytoskeleton
gene9861,PDGFB,Regulation Of Actin Cytoskeleton,Regulation Of Actin Cytoskeleton
gene9862,PDGFRA,Regulation Of Actin Cytoskeleton,Regulation Of Actin Cytoskeleton
gene9863,TMSB4X,Regulation Of Actin Cytoskeleton,Regulation Of Actin Cytoskeleton
gene9864,BCAR1,Regulation Of Actin Cytoskeleton,Regulation Of Actin Cytoskeleton
gene9865,PAK1,Regulation Of Actin Cytoskeleton,Regulation Of Actin Cytoskeleton
gene9866,CRK,Regulation Of Actin Cytoskeleton,Regulation Of Actin Cytoskeleton
gene9867,EZR,Regulation Of Actin Cytoskeleton,Regulation Of Actin Cytoskeleton
gene9868,CRKL,Regulation Of Actin Cytoskeleton,Regulation Of Actin Cytoskeleton
gene9869,CDC42,Regulation Of Actin Cytoskeleton,Regulation Of Actin Cytoskeleton
gene9870,ACTN2,Regulation Of Actin Cytoskeleton,Regulation Of Actin Cytoskeleton
gene9871,ACTN3,Regulation Of Actin Cytoskeleton,Regulation Of Actin Cytoskeleton
gene9872,SOS2,Regulation Of Actin Cytoskeleton,Regulation Of Actin Cytoskeleton
gene9873,PAK3,Regulation Of Actin Cytoskeleton,Regulation Of Actin Cytoskeleton
gene9874,RAF1,Regulation Of Actin Cytoskeleton,Regulation Of Actin Cytoskeleton
gene9875,PAK2,Regulation Of Actin Cytoskeleton,Regulation Of Actin Cytoskeleton
gene9876,MYL9,Regulation Of Actin Cytoskeleton,Regulation Of Actin Cytoskeleton
gene9877,RHOA,Regulation Of Actin Cytoskeleton,Regulation Of Actin Cytoskeleton
gene9878,TMSB4XP8,Regulation Of Actin Cytoskeleton,Regulation Of Actin Cytoskeleton
gene9879,INS,Regulation Of Actin Cytoskeleton,Regulation Of Actin Cytoskeleton
gene9880,MYLPF,Regulation Of Actin Cytoskeleton,Regulation Of Actin Cytoskeleton
gene9881,RAC2,Regulation Of Actin Cytoskeleton,Regulation Of Actin Cytoskeleton
gene9882,WASL,Regulation Of Actin Cytoskeleton,Regulation Of Actin Cytoskeleton
gene9883,CHRM5,Regulation Of Actin Cytoskeleton,Regulation Of Actin Cytoskeleton
gene9884,RAC3,Regulation Of Actin Cytoskeleton,Regulation Of Actin Cytoskeleton
gene9885,MYLK2,Regulation Of Actin Cytoskeleton,Regulation Of Actin Cytoskeleton
gene9886,SSH3,Regulation Of Actin Cytoskeleton,Regulation Of Actin Cytoskeleton
gene9887,PPP1CA,Regulation Of Actin Cytoskeleton,Regulation Of Actin Cytoskeleton
gene9888,MAPK3,Regulation Of Actin Cytoskeleton,Regulation Of Actin Cytoskeleton
gene9889,ARHGAP35,Regulation Of Actin Cytoskeleton,Regulation Of Actin Cytoskeleton
gene9890,INSRR,Regulation Of Actin Cytoskeleton,Regulation Of Actin Cytoskeleton
gene9891,ARPC2,Regulation Of Actin Cytoskeleton,Regulation Of Actin Cytoskeleton
gene9892,FGF19,Regulation Of Actin Cytoskeleton,Regulation Of Actin Cytoskeleton
gene9893,RAC1,Regulation Of Actin Cytoskeleton,Regulation Of Actin Cytoskeleton
gene9894,SOS1,Regulation Of Actin Cytoskeleton,Regulation Of Actin Cytoskeleton
gene9895,MAPK1,Regulation Of Actin Cytoskeleton,Regulation Of Actin Cytoskeleton
gene9896,GSN,Regulation Of Actin Cytoskeleton,Regulation Of Actin Cytoskeleton
gene9897,EGFR,Regulation Of Actin Cytoskeleton,Regulation Of Actin Cytoskeleton
gene9898,EGF,Regulation Of Actin Cytoskeleton,Regulation Of Actin Cytoskeleton
gene9899,SSH1,Regulation Of Actin Cytoskeleton,Regulation Of Actin Cytoskeleton
gene9900,NCKAP1L,Regulation Of Actin Cytoskeleton,Regulation Of Actin Cytoskeleton
gene9901,RRAS,Regulation Of Actin Cytoskeleton,Regulation Of Actin Cytoskeleton
gene9902,ARAF,Regulation Of Actin Cytoskeleton,Regulation Of Actin Cytoskeleton
gene9903,GNG12,Regulation Of Actin Cytoskeleton,Regulation Of Actin Cytoskeleton
gene9904,MRAS,Regulation Of Actin Cytoskeleton,Regulation Of Actin Cytoskeleton
gene9905,ITGA6,Regulation Of Actin Cytoskeleton,Regulation Of Actin Cytoskeleton
gene9906,DIAPH2,Regulation Of Actin Cytoskeleton,Regulation Of Actin Cytoskeleton
gene9907,ITGA2,Regulation Of Actin Cytoskeleton,Regulation Of Actin Cytoskeleton
gene9908,ITGA1,Regulation Of Actin Cytoskeleton,Regulation Of Actin Cytoskeleton
gene9909,TIAM2,Regulation Of Actin Cytoskeleton,Regulation Of Actin Cytoskeleton
gene9910,PIK3CA,Regulation Of Actin Cytoskeleton,Regulation Of Actin Cytoskeleton
gene9911,PIK3CB,Regulation Of Actin Cytoskeleton,Regulation Of Actin Cytoskeleton
gene9912,PIK3CD,Regulation Of Actin Cytoskeleton,Regulation Of Actin Cytoskeleton
gene9913,ARHGEF1,Regulation Of Actin Cytoskeleton,Regulation Of Actin Cytoskeleton
gene9914,MYLK3,Regulation Of Actin Cytoskeleton,Regulation Of Actin Cytoskeleton
gene9915,PIK3CG,Regulation Of Actin Cytoskeleton,Regulation Of Actin Cytoskeleton
gene9916,PIK3R1,Regulation Of Actin Cytoskeleton,Regulation Of Actin Cytoskeleton
gene9917,PIK3R2,Regulation Of Actin Cytoskeleton,Regulation Of Actin Cytoskeleton
gene9918,GCK,Insulin Signaling Pathway,Insulin Signaling Pathway
gene9919,CALM2,Insulin Signaling Pathway,Insulin Signaling Pathway
gene9920,PPARGC1A,Insulin Signaling Pathway,Insulin Signaling Pathway
gene9921,ELK1,Insulin Signaling Pathway,Insulin Signaling Pathway
gene9922,CALM1,Insulin Signaling Pathway,Insulin Signaling Pathway
gene9923,EIF4E,Insulin Signaling Pathway,Insulin Signaling Pathway
gene9924,EIF4EBP1,Insulin Signaling Pathway,Insulin Signaling Pathway
gene9925,PRKAG2,Insulin Signaling Pathway,Insulin Signaling Pathway
gene9926,FBP1,Insulin Signaling Pathway,Insulin Signaling Pathway
gene9927,HK2,Insulin Signaling Pathway,Insulin Signaling Pathway
gene9928,HK1,Insulin Signaling Pathway,Insulin Signaling Pathway
gene9929,RHEB,Insulin Signaling Pathway,Insulin Signaling Pathway
gene9930,BRAF,Insulin Signaling Pathway,Insulin Signaling Pathway
gene9931,PDPK1,Insulin Signaling Pathway,Insulin Signaling Pathway
gene9932,IKBKB,Insulin Signaling Pathway,Insulin Signaling Pathway
gene9933,EXOC7,Insulin Signaling Pathway,Insulin Signaling Pathway
gene9934,AKT1,Insulin Signaling Pathway,Insulin Signaling Pathway
gene9935,SHC4,Insulin Signaling Pathway,Insulin Signaling Pathway
gene9936,AKT2,Insulin Signaling Pathway,Insulin Signaling Pathway
gene9937,NRAS,Insulin Signaling Pathway,Insulin Signaling Pathway
gene9938,AKT3,Insulin Signaling Pathway,Insulin Signaling Pathway
gene9939,PYGB,Insulin Signaling Pathway,Insulin Signaling Pathway
gene9940,PYGM,Insulin Signaling Pathway,Insulin Signaling Pathway
gene9941,ACACB,Insulin Signaling Pathway,Insulin Signaling Pathway
gene9942,INPP5K,Insulin Signaling Pathway,Insulin Signaling Pathway
gene9943,PYGL,Insulin Signaling Pathway,Insulin Signaling Pathway
gene9944,ACACA,Insulin Signaling Pathway,Insulin Signaling Pathway
gene9945,PIK3R5,Insulin Signaling Pathway,Insulin Signaling Pathway
gene9946,PDE3B,Insulin Signaling Pathway,Insulin Signaling Pathway
gene9947,PHKB,Insulin Signaling Pathway,Insulin Signaling Pathway
gene9948,PHKA2,Insulin Signaling Pathway,Insulin Signaling Pathway
gene9949,PHKA1,Insulin Signaling Pathway,Insulin Signaling Pathway
gene9950,FLOT2,Insulin Signaling Pathway,Insulin Signaling Pathway
gene9951,KRAS,Insulin Signaling Pathway,Insulin Signaling Pathway
gene9952,SHC3,Insulin Signaling Pathway,Insulin Signaling Pathway
gene9953,SOCS1,Insulin Signaling Pathway,Insulin Signaling Pathway
gene9954,PRKX,Insulin Signaling Pathway,Insulin Signaling Pathway
gene9955,PRKAB2,Insulin Signaling Pathway,Insulin Signaling Pathway
gene9956,CALML5,Insulin Signaling Pathway,Insulin Signaling Pathway
gene9957,PRKAB1,Insulin Signaling Pathway,Insulin Signaling Pathway
gene9958,PRKAA2,Insulin Signaling Pathway,Insulin Signaling Pathway
gene9959,PRKAA1,Insulin Signaling Pathway,Insulin Signaling Pathway
gene9960,PDE3A,Insulin Signaling Pathway,Insulin Signaling Pathway
gene9961,SOCS3,Insulin Signaling Pathway,Insulin Signaling Pathway
gene9962,FOXO1,Insulin Signaling Pathway,Insulin Signaling Pathway
gene9963,PRKACA,Insulin Signaling Pathway,Insulin Signaling Pathway
gene9964,PRKACB,Insulin Signaling Pathway,Insulin Signaling Pathway
gene9965,G6PC2,Insulin Signaling Pathway,Insulin Signaling Pathway
gene9966,PRKACG,Insulin Signaling Pathway,Insulin Signaling Pathway
gene9967,IRS2,Insulin Signaling Pathway,Insulin Signaling Pathway
gene9968,CBLC,Insulin Signaling Pathway,Insulin Signaling Pathway
gene9969,CALML3,Insulin Signaling Pathway,Insulin Signaling Pathway
gene9970,FLOT1,Insulin Signaling Pathway,Insulin Signaling Pathway
gene9971,CRK,Insulin Signaling Pathway,Insulin Signaling Pathway
gene9972,SH2B2,Insulin Signaling Pathway,Insulin Signaling Pathway
gene9973,CRKL,Insulin Signaling Pathway,Insulin Signaling Pathway
gene9974,RHOQ,Insulin Signaling Pathway,Insulin Signaling Pathway
gene9975,PRKAG1,Insulin Signaling Pathway,Insulin Signaling Pathway
gene9976,PRKAR1A,Insulin Signaling Pathway,Insulin Signaling Pathway
gene9977,PRKAR2A,Insulin Signaling Pathway,Insulin Signaling Pathway
gene9978,PRKAR1B,Insulin Signaling Pathway,Insulin Signaling Pathway
gene9979,CALM3,Insulin Signaling Pathway,Insulin Signaling Pathway
gene9980,PTPN1,Insulin Signaling Pathway,Insulin Signaling Pathway
gene9981,SOS2,Insulin Signaling Pathway,Insulin Signaling Pathway
gene9982,RAF1,Insulin Signaling Pathway,Insulin Signaling Pathway
gene9983,SHC1,Insulin Signaling Pathway,Insulin Signaling Pathway
gene9984,PRKAR2B,Insulin Signaling Pathway,Insulin Signaling Pathway
gene9985,TSC2,Insulin Signaling Pathway,Insulin Signaling Pathway
gene9986,SORBS1,Insulin Signaling Pathway,Insulin Signaling Pathway
gene9987,SLC2A4,Insulin Signaling Pathway,Insulin Signaling Pathway
gene9988,MTOR,Insulin Signaling Pathway,Insulin Signaling Pathway
gene9989,MKNK1,Insulin Signaling Pathway,Insulin Signaling Pathway
gene9990,SOCS2,Insulin Signaling Pathway,Insulin Signaling Pathway
gene9991,FASN,Insulin Signaling Pathway,Insulin Signaling Pathway
gene9992,PHKG1,Insulin Signaling Pathway,Insulin Signaling Pathway
gene9993,BAD,Insulin Signaling Pathway,Insulin Signaling Pathway
gene9994,INS,Insulin Signaling Pathway,Insulin Signaling Pathway
gene9995,PHKG2,Insulin Signaling Pathway,Insulin Signaling Pathway
gene9996,PRKCI,Insulin Signaling Pathway,Insulin Signaling Pathway
gene9997,GYS1,Insulin Signaling Pathway,Insulin Signaling Pathway
gene9998,GYS2,Insulin Signaling Pathway,Insulin Signaling Pathway
gene9999,INPP5D,Insulin Signaling Pathway,Insulin Signaling Pathway
gene10000,MAPK9,Insulin Signaling Pathway,Insulin Signaling Pathway
gene10001,HK3,Insulin Signaling Pathway,Insulin Signaling Pathway
gene10002,MAPK10,Insulin Signaling Pathway,Insulin Signaling Pathway
gene10003,MAP2K2,Insulin Signaling Pathway,Insulin Signaling Pathway
gene10004,PTPRF,Insulin Signaling Pathway,Insulin Signaling Pathway
gene10005,MAP2K1,Insulin Signaling Pathway,Insulin Signaling Pathway
gene10006,PRKAG3,Insulin Signaling Pathway,Insulin Signaling Pathway
gene10007,RPTOR,Insulin Signaling Pathway,Insulin Signaling Pathway
gene10008,PPP1R3C,Insulin Signaling Pathway,Insulin Signaling Pathway
gene10009,RAPGEF1,Insulin Signaling Pathway,Insulin Signaling Pathway
gene10010,PPP1R3A,Insulin Signaling Pathway,Insulin Signaling Pathway
gene10011,RPS6KB1,Insulin Signaling Pathway,Insulin Signaling Pathway
gene10012,RPS6KB2,Insulin Signaling Pathway,Insulin Signaling Pathway
gene10013,PRKCZ,Insulin Signaling Pathway,Insulin Signaling Pathway
gene10014,TSC1,Insulin Signaling Pathway,Insulin Signaling Pathway
gene10015,GRB2,Insulin Signaling Pathway,Insulin Signaling Pathway
gene10016,PPP1CC,Insulin Signaling Pathway,Insulin Signaling Pathway
gene10017,PPP1CA,Insulin Signaling Pathway,Insulin Signaling Pathway
gene10018,PPP1CB,Insulin Signaling Pathway,Insulin Signaling Pathway
gene10019,MAPK3,Insulin Signaling Pathway,Insulin Signaling Pathway
gene10020,PKLR,Insulin Signaling Pathway,Insulin Signaling Pathway
gene10021,INSR,Insulin Signaling Pathway,Insulin Signaling Pathway
gene10022,SOS1,Insulin Signaling Pathway,Insulin Signaling Pathway
gene10023,RPS6,Insulin Signaling Pathway,Insulin Signaling Pathway
gene10024,PPP1R3D,Insulin Signaling Pathway,Insulin Signaling Pathway
gene10025,MAPK1,Insulin Signaling Pathway,Insulin Signaling Pathway
gene10026,HRAS,Insulin Signaling Pathway,Insulin Signaling Pathway
gene10027,MAPK8,Insulin Signaling Pathway,Insulin Signaling Pathway
gene10028,PCK2,Insulin Signaling Pathway,Insulin Signaling Pathway
gene10029,PCK1,Insulin Signaling Pathway,Insulin Signaling Pathway
gene10030,GSK3B,Insulin Signaling Pathway,Insulin Signaling Pathway
gene10031,CBLB,Insulin Signaling Pathway,Insulin Signaling Pathway
gene10032,CBL,Insulin Signaling Pathway,Insulin Signaling Pathway
gene10033,EIF4E1B,Insulin Signaling Pathway,Insulin Signaling Pathway
gene10034,FBP2,Insulin Signaling Pathway,Insulin Signaling Pathway
gene10035,LIPE,Insulin Signaling Pathway,Insulin Signaling Pathway
gene10036,MKNK2,Insulin Signaling Pathway,Insulin Signaling Pathway
gene10037,EIF4E2,Insulin Signaling Pathway,Insulin Signaling Pathway
gene10038,ARAF,Insulin Signaling Pathway,Insulin Signaling Pathway
gene10039,TRIP10,Insulin Signaling Pathway,Insulin Signaling Pathway
gene10040,PPP1R3B,Insulin Signaling Pathway,Insulin Signaling Pathway
gene10041,PIK3R3,Insulin Signaling Pathway,Insulin Signaling Pathway
gene10042,SOCS4,Insulin Signaling Pathway,Insulin Signaling Pathway
gene10043,PIK3CA,Insulin Signaling Pathway,Insulin Signaling Pathway
gene10044,PIK3CB,Insulin Signaling Pathway,Insulin Signaling Pathway
gene10045,PIK3CD,Insulin Signaling Pathway,Insulin Signaling Pathway
gene10046,SHC2,Insulin Signaling Pathway,Insulin Signaling Pathway
gene10047,G6PC1,Insulin Signaling Pathway,Insulin Signaling Pathway
gene10048,SREBF1,Insulin Signaling Pathway,Insulin Signaling Pathway
gene10049,IRS1,Insulin Signaling Pathway,Insulin Signaling Pathway
gene10050,PIK3CG,Insulin Signaling Pathway,Insulin Signaling Pathway
gene10051,IRS4,Insulin Signaling Pathway,Insulin Signaling Pathway
gene10052,PIK3R1,Insulin Signaling Pathway,Insulin Signaling Pathway
gene10053,PIK3R2,Insulin Signaling Pathway,Insulin Signaling Pathway
gene10054,CALML6,Insulin Signaling Pathway,Insulin Signaling Pathway
gene10055,JUN,Gnrh Signaling Pathway,Gnrh Signaling Pathway
gene10056,CALM2,Gnrh Signaling Pathway,Gnrh Signaling Pathway
gene10057,ELK1,Gnrh Signaling Pathway,Gnrh Signaling Pathway
gene10058,CALM1,Gnrh Signaling Pathway,Gnrh Signaling Pathway
gene10059,MAP2K4,Gnrh Signaling Pathway,Gnrh Signaling Pathway
gene10060,JMJD7-PLA2G4B,Gnrh Signaling Pathway,Gnrh Signaling Pathway
gene10061,MMP2,Gnrh Signaling Pathway,Gnrh Signaling Pathway
gene10062,PLA2G2E,Gnrh Signaling Pathway,Gnrh Signaling Pathway
gene10063,PLA2G6,Gnrh Signaling Pathway,Gnrh Signaling Pathway
gene10064,PLA2G10,Gnrh Signaling Pathway,Gnrh Signaling Pathway
gene10065,MAP3K1,Gnrh Signaling Pathway,Gnrh Signaling Pathway
gene10066,MAP3K3,Gnrh Signaling Pathway,Gnrh Signaling Pathway
gene10067,ITPR3,Gnrh Signaling Pathway,Gnrh Signaling Pathway
gene10068,MAP3K4,Gnrh Signaling Pathway,Gnrh Signaling Pathway
gene10069,PLA2G4B,Gnrh Signaling Pathway,Gnrh Signaling Pathway
gene10070,CGA,Gnrh Signaling Pathway,Gnrh Signaling Pathway
gene10071,PLA2G2F,Gnrh Signaling Pathway,Gnrh Signaling Pathway
gene10072,NRAS,Gnrh Signaling Pathway,Gnrh Signaling Pathway
gene10073,MAPK14,Gnrh Signaling Pathway,Gnrh Signaling Pathway
gene10074,MAPK12,Gnrh Signaling Pathway,Gnrh Signaling Pathway
gene10075,KRAS,Gnrh Signaling Pathway,Gnrh Signaling Pathway
gene10076,GNA11,Gnrh Signaling Pathway,Gnrh Signaling Pathway
gene10077,PRKX,Gnrh Signaling Pathway,Gnrh Signaling Pathway
gene10078,CALML5,Gnrh Signaling Pathway,Gnrh Signaling Pathway
gene10079,ADCY3,Gnrh Signaling Pathway,Gnrh Signaling Pathway
gene10080,ADCY2,Gnrh Signaling Pathway,Gnrh Signaling Pathway
gene10081,ADCY1,Gnrh Signaling Pathway,Gnrh Signaling Pathway
gene10082,PLA2G4E,Gnrh Signaling Pathway,Gnrh Signaling Pathway
gene10083,CAMK2A,Gnrh Signaling Pathway,Gnrh Signaling Pathway
gene10084,CAMK2B,Gnrh Signaling Pathway,Gnrh Signaling Pathway
gene10085,CAMK2D,Gnrh Signaling Pathway,Gnrh Signaling Pathway
gene10086,CAMK2G,Gnrh Signaling Pathway,Gnrh Signaling Pathway
gene10087,PRKACA,Gnrh Signaling Pathway,Gnrh Signaling Pathway
gene10088,GNAQ,Gnrh Signaling Pathway,Gnrh Signaling Pathway
gene10089,PRKACB,Gnrh Signaling Pathway,Gnrh Signaling Pathway
gene10090,PRKACG,Gnrh Signaling Pathway,Gnrh Signaling Pathway
gene10091,GNRHR,Gnrh Signaling Pathway,Gnrh Signaling Pathway
gene10092,GNAS,Gnrh Signaling Pathway,Gnrh Signaling Pathway
gene10093,GNRH2,Gnrh Signaling Pathway,Gnrh Signaling Pathway
gene10094,GNRH1,Gnrh Signaling Pathway,Gnrh Signaling Pathway
gene10095,CALML3,Gnrh Signaling Pathway,Gnrh Signaling Pathway
gene10096,PLA2G2D,Gnrh Signaling Pathway,Gnrh Signaling Pathway
gene10097,PLD1,Gnrh Signaling Pathway,Gnrh Signaling Pathway
gene10098,PLA2G12A,Gnrh Signaling Pathway,Gnrh Signaling Pathway
gene10099,PLD2,Gnrh Signaling Pathway,Gnrh Signaling Pathway
gene10100,HBEGF,Gnrh Signaling Pathway,Gnrh Signaling Pathway
gene10101,CALM3,Gnrh Signaling Pathway,Gnrh Signaling Pathway
gene10102,PTK2B,Gnrh Signaling Pathway,Gnrh Signaling Pathway
gene10103,MAP3K2,Gnrh Signaling Pathway,Gnrh Signaling Pathway
gene10104,CDC42,Gnrh Signaling Pathway,Gnrh Signaling Pathway
gene10105,PLCB2,Gnrh Signaling Pathway,Gnrh Signaling Pathway
gene10106,ADCY8,Gnrh Signaling Pathway,Gnrh Signaling Pathway
gene10107,SOS2,Gnrh Signaling Pathway,Gnrh Signaling Pathway
gene10108,ADCY9,Gnrh Signaling Pathway,Gnrh Signaling Pathway
gene10109,PLCB1,Gnrh Signaling Pathway,Gnrh Signaling Pathway
gene10110,ADCY6,Gnrh Signaling Pathway,Gnrh Signaling Pathway
gene10111,ADCY7,Gnrh Signaling Pathway,Gnrh Signaling Pathway
gene10112,PRKCB,Gnrh Signaling Pathway,Gnrh Signaling Pathway
gene10113,RAF1,Gnrh Signaling Pathway,Gnrh Signaling Pathway
gene10114,PLCB3,Gnrh Signaling Pathway,Gnrh Signaling Pathway
gene10115,PRKCA,Gnrh Signaling Pathway,Gnrh Signaling Pathway
gene10116,ADCY5,Gnrh Signaling Pathway,Gnrh Signaling Pathway
gene10117,PLCB4,Gnrh Signaling Pathway,Gnrh Signaling Pathway
gene10118,PLA2G3,Gnrh Signaling Pathway,Gnrh Signaling Pathway
gene10119,PRKCD,Gnrh Signaling Pathway,Gnrh Signaling Pathway
gene10120,MAPK9,Gnrh Signaling Pathway,Gnrh Signaling Pathway
gene10121,MAPK10,Gnrh Signaling Pathway,Gnrh Signaling Pathway
gene10122,MAPK11,Gnrh Signaling Pathway,Gnrh Signaling Pathway
gene10123,PLA2G2A,Gnrh Signaling Pathway,Gnrh Signaling Pathway
gene10124,MAP2K2,Gnrh Signaling Pathway,Gnrh Signaling Pathway
gene10125,CACNA1D,Gnrh Signaling Pathway,Gnrh Signaling Pathway
gene10126,PLA2G4A,Gnrh Signaling Pathway,Gnrh Signaling Pathway
gene10127,MAP2K3,Gnrh Signaling Pathway,Gnrh Signaling Pathway
gene10128,PLA2G5,Gnrh Signaling Pathway,Gnrh Signaling Pathway
gene10129,MAPK13,Gnrh Signaling Pathway,Gnrh Signaling Pathway
gene10130,PLA2G12B,Gnrh Signaling Pathway,Gnrh Signaling Pathway
gene10131,MAP2K1,Gnrh Signaling Pathway,Gnrh Signaling Pathway
gene10132,CACNA1C,Gnrh Signaling Pathway,Gnrh Signaling Pathway
gene10133,MAP2K7,Gnrh Signaling Pathway,Gnrh Signaling Pathway
gene10134,CACNA1F,Gnrh Signaling Pathway,Gnrh Signaling Pathway
gene10135,MAP2K6,Gnrh Signaling Pathway,Gnrh Signaling Pathway
gene10136,CACNA1S,Gnrh Signaling Pathway,Gnrh Signaling Pathway
gene10137,ADCY4,Gnrh Signaling Pathway,Gnrh Signaling Pathway
gene10138,GRB2,Gnrh Signaling Pathway,Gnrh Signaling Pathway
gene10139,MAPK3,Gnrh Signaling Pathway,Gnrh Signaling Pathway
gene10140,MAPK7,Gnrh Signaling Pathway,Gnrh Signaling Pathway
gene10141,SOS1,Gnrh Signaling Pathway,Gnrh Signaling Pathway
gene10142,PLA2G1B,Gnrh Signaling Pathway,Gnrh Signaling Pathway
gene10143,MAPK1,Gnrh Signaling Pathway,Gnrh Signaling Pathway
gene10144,HRAS,Gnrh Signaling Pathway,Gnrh Signaling Pathway
gene10145,MAPK8,Gnrh Signaling Pathway,Gnrh Signaling Pathway
gene10146,ITPR1,Gnrh Signaling Pathway,Gnrh Signaling Pathway
gene10147,EGFR,Gnrh Signaling Pathway,Gnrh Signaling Pathway
gene10148,ITPR2,Gnrh Signaling Pathway,Gnrh Signaling Pathway
gene10149,MMP14,Gnrh Signaling Pathway,Gnrh Signaling Pathway
gene10150,SRC,Gnrh Signaling Pathway,Gnrh Signaling Pathway
gene10151,FSHB,Gnrh Signaling Pathway,Gnrh Signaling Pathway
gene10152,LHB,Gnrh Signaling Pathway,Gnrh Signaling Pathway
gene10153,PLA2G2C,Gnrh Signaling Pathway,Gnrh Signaling Pathway
gene10154,ATF4,Gnrh Signaling Pathway,Gnrh Signaling Pathway
gene10155,CALML6,Gnrh Signaling Pathway,Gnrh Signaling Pathway
gene10156,CDC16,Progesterone Mediated Oocyte Maturation,Progesterone Mediated Oocyte Maturation
gene10157,ADCY8,Progesterone Mediated Oocyte Maturation,Progesterone Mediated Oocyte Maturation
gene10158,ADCY9,Progesterone Mediated Oocyte Maturation,Progesterone Mediated Oocyte Maturation
gene10159,ADCY6,Progesterone Mediated Oocyte Maturation,Progesterone Mediated Oocyte Maturation
gene10160,RAF1,Progesterone Mediated Oocyte Maturation,Progesterone Mediated Oocyte Maturation
gene10161,ADCY7,Progesterone Mediated Oocyte Maturation,Progesterone Mediated Oocyte Maturation
gene10162,ADCY5,Progesterone Mediated Oocyte Maturation,Progesterone Mediated Oocyte Maturation
gene10163,SPDYA,Progesterone Mediated Oocyte Maturation,Progesterone Mediated Oocyte Maturation
gene10164,IGF1,Progesterone Mediated Oocyte Maturation,Progesterone Mediated Oocyte Maturation
gene10165,RPS6KA6,Progesterone Mediated Oocyte Maturation,Progesterone Mediated Oocyte Maturation
gene10166,CDK1,Progesterone Mediated Oocyte Maturation,Progesterone Mediated Oocyte Maturation
gene10167,ANAPC10,Progesterone Mediated Oocyte Maturation,Progesterone Mediated Oocyte Maturation
gene10168,IGF1R,Progesterone Mediated Oocyte Maturation,Progesterone Mediated Oocyte Maturation
gene10169,ANAPC1,Progesterone Mediated Oocyte Maturation,Progesterone Mediated Oocyte Maturation
gene10170,INS,Progesterone Mediated Oocyte Maturation,Progesterone Mediated Oocyte Maturation
gene10171,ANAPC11,Progesterone Mediated Oocyte Maturation,Progesterone Mediated Oocyte Maturation
gene10172,SPDYC,Progesterone Mediated Oocyte Maturation,Progesterone Mediated Oocyte Maturation
gene10173,MAPK9,Progesterone Mediated Oocyte Maturation,Progesterone Mediated Oocyte Maturation
gene10174,MAPK10,Progesterone Mediated Oocyte Maturation,Progesterone Mediated Oocyte Maturation
gene10175,MAPK11,Progesterone Mediated Oocyte Maturation,Progesterone Mediated Oocyte Maturation
gene10176,BRAF,Progesterone Mediated Oocyte Maturation,Progesterone Mediated Oocyte Maturation
gene10177,MAPK13,Progesterone Mediated Oocyte Maturation,Progesterone Mediated Oocyte Maturation
gene10178,MAP2K1,Progesterone Mediated Oocyte Maturation,Progesterone Mediated Oocyte Maturation
gene10179,ADCY4,Progesterone Mediated Oocyte Maturation,Progesterone Mediated Oocyte Maturation
gene10180,AKT1,Progesterone Mediated Oocyte Maturation,Progesterone Mediated Oocyte Maturation
gene10181,AKT2,Progesterone Mediated Oocyte Maturation,Progesterone Mediated Oocyte Maturation
gene10182,RPS6KA2,Progesterone Mediated Oocyte Maturation,Progesterone Mediated Oocyte Maturation
gene10183,RPS6KA3,Progesterone Mediated Oocyte Maturation,Progesterone Mediated Oocyte Maturation
gene10184,AKT3,Progesterone Mediated Oocyte Maturation,Progesterone Mediated Oocyte Maturation
gene10185,CPEB1,Progesterone Mediated Oocyte Maturation,Progesterone Mediated Oocyte Maturation
gene10186,MAPK3,Progesterone Mediated Oocyte Maturation,Progesterone Mediated Oocyte Maturation
gene10187,ANAPC7,Progesterone Mediated Oocyte Maturation,Progesterone Mediated Oocyte Maturation
gene10188,ANAPC5,Progesterone Mediated Oocyte Maturation,Progesterone Mediated Oocyte Maturation
gene10189,ANAPC2,Progesterone Mediated Oocyte Maturation,Progesterone Mediated Oocyte Maturation
gene10190,ANAPC4,Progesterone Mediated Oocyte Maturation,Progesterone Mediated Oocyte Maturation
gene10191,MAD2L1,Progesterone Mediated Oocyte Maturation,Progesterone Mediated Oocyte Maturation
gene10192,RPS6KA1,Progesterone Mediated Oocyte Maturation,Progesterone Mediated Oocyte Maturation
gene10193,MAPK1,Progesterone Mediated Oocyte Maturation,Progesterone Mediated Oocyte Maturation
gene10194,PIK3R5,Progesterone Mediated Oocyte Maturation,Progesterone Mediated Oocyte Maturation
gene10195,PDE3B,Progesterone Mediated Oocyte Maturation,Progesterone Mediated Oocyte Maturation
gene10196,MAPK8,Progesterone Mediated Oocyte Maturation,Progesterone Mediated Oocyte Maturation
gene10197,CDC23,Progesterone Mediated Oocyte Maturation,Progesterone Mediated Oocyte Maturation
gene10198,MAPK14,Progesterone Mediated Oocyte Maturation,Progesterone Mediated Oocyte Maturation
gene10199,MAPK12,Progesterone Mediated Oocyte Maturation,Progesterone Mediated Oocyte Maturation
gene10200,KRAS,Progesterone Mediated Oocyte Maturation,Progesterone Mediated Oocyte Maturation
gene10201,PRKX,Progesterone Mediated Oocyte Maturation,Progesterone Mediated Oocyte Maturation
gene10202,GNAI1,Progesterone Mediated Oocyte Maturation,Progesterone Mediated Oocyte Maturation
gene10203,CCNA1,Progesterone Mediated Oocyte Maturation,Progesterone Mediated Oocyte Maturation
gene10204,GNAI2,Progesterone Mediated Oocyte Maturation,Progesterone Mediated Oocyte Maturation
gene10205,FZR1,Progesterone Mediated Oocyte Maturation,Progesterone Mediated Oocyte Maturation
gene10206,ADCY3,Progesterone Mediated Oocyte Maturation,Progesterone Mediated Oocyte Maturation
gene10207,HSP90AA1,Progesterone Mediated Oocyte Maturation,Progesterone Mediated Oocyte Maturation
gene10208,ARAF,Progesterone Mediated Oocyte Maturation,Progesterone Mediated Oocyte Maturation
gene10209,ADCY2,Progesterone Mediated Oocyte Maturation,Progesterone Mediated Oocyte Maturation
gene10210,PLK1,Progesterone Mediated Oocyte Maturation,Progesterone Mediated Oocyte Maturation
gene10211,ADCY1,Progesterone Mediated Oocyte Maturation,Progesterone Mediated Oocyte Maturation
gene10212,PDE3A,Progesterone Mediated Oocyte Maturation,Progesterone Mediated Oocyte Maturation
gene10213,ANAPC13,Progesterone Mediated Oocyte Maturation,Progesterone Mediated Oocyte Maturation
gene10214,MOS,Progesterone Mediated Oocyte Maturation,Progesterone Mediated Oocyte Maturation
gene10215,PIK3R3,Progesterone Mediated Oocyte Maturation,Progesterone Mediated Oocyte Maturation
gene10216,PGR,Progesterone Mediated Oocyte Maturation,Progesterone Mediated Oocyte Maturation
gene10217,CCNA2,Progesterone Mediated Oocyte Maturation,Progesterone Mediated Oocyte Maturation
gene10218,BUB1,Progesterone Mediated Oocyte Maturation,Progesterone Mediated Oocyte Maturation
gene10219,PKMYT1,Progesterone Mediated Oocyte Maturation,Progesterone Mediated Oocyte Maturation
gene10220,PRKACA,Progesterone Mediated Oocyte Maturation,Progesterone Mediated Oocyte Maturation
gene10221,CDK2,Progesterone Mediated Oocyte Maturation,Progesterone Mediated Oocyte Maturation
gene10222,PRKACB,Progesterone Mediated Oocyte Maturation,Progesterone Mediated Oocyte Maturation
gene10223,PRKACG,Progesterone Mediated Oocyte Maturation,Progesterone Mediated Oocyte Maturation
gene10224,CDC26,Progesterone Mediated Oocyte Maturation,Progesterone Mediated Oocyte Maturation
gene10225,GNAI3,Progesterone Mediated Oocyte Maturation,Progesterone Mediated Oocyte Maturation
gene10226,HSP90AB1,Progesterone Mediated Oocyte Maturation,Progesterone Mediated Oocyte Maturation
gene10227,CDC27,Progesterone Mediated Oocyte Maturation,Progesterone Mediated Oocyte Maturation
gene10228,PIK3CA,Progesterone Mediated Oocyte Maturation,Progesterone Mediated Oocyte Maturation
gene10229,PIK3CB,Progesterone Mediated Oocyte Maturation,Progesterone Mediated Oocyte Maturation
gene10230,CDC25B,Progesterone Mediated Oocyte Maturation,Progesterone Mediated Oocyte Maturation
gene10231,CDC25C,Progesterone Mediated Oocyte Maturation,Progesterone Mediated Oocyte Maturation
gene10232,CCNB2,Progesterone Mediated Oocyte Maturation,Progesterone Mediated Oocyte Maturation
gene10233,PIK3CD,Progesterone Mediated Oocyte Maturation,Progesterone Mediated Oocyte Maturation
gene10234,CDC25A,Progesterone Mediated Oocyte Maturation,Progesterone Mediated Oocyte Maturation
gene10235,MAD2L2,Progesterone Mediated Oocyte Maturation,Progesterone Mediated Oocyte Maturation
gene10236,CCNB1,Progesterone Mediated Oocyte Maturation,Progesterone Mediated Oocyte Maturation
gene10237,PIK3CG,Progesterone Mediated Oocyte Maturation,Progesterone Mediated Oocyte Maturation
gene10238,PIK3R1,Progesterone Mediated Oocyte Maturation,Progesterone Mediated Oocyte Maturation
gene10239,CCNB3,Progesterone Mediated Oocyte Maturation,Progesterone Mediated Oocyte Maturation
gene10240,PIK3R2,Progesterone Mediated Oocyte Maturation,Progesterone Mediated Oocyte Maturation
gene10241,CALM2,Melanogenesis,Melanogenesis
gene10242,CALM1,Melanogenesis,Melanogenesis
gene10243,TYR,Melanogenesis,Melanogenesis
gene10244,CREB3L1,Melanogenesis,Melanogenesis
gene10245,FZD1,Melanogenesis,Melanogenesis
gene10246,FZD4,Melanogenesis,Melanogenesis
gene10247,FZD6,Melanogenesis,Melanogenesis
gene10248,FZD7,Melanogenesis,Melanogenesis
gene10249,LEF1,Melanogenesis,Melanogenesis
gene10250,CREBBP,Melanogenesis,Melanogenesis
gene10251,CREB3,Melanogenesis,Melanogenesis
gene10252,FZD8,Melanogenesis,Melanogenesis
gene10253,FZD9,Melanogenesis,Melanogenesis
gene10254,POMC,Melanogenesis,Melanogenesis
gene10255,WNT9B,Melanogenesis,Melanogenesis
gene10256,WNT9A,Melanogenesis,Melanogenesis
gene10257,CREB1,Melanogenesis,Melanogenesis
gene10258,WNT2B,Melanogenesis,Melanogenesis
gene10259,WNT11,Melanogenesis,Melanogenesis
gene10260,EDN1,Melanogenesis,Melanogenesis
gene10261,WNT10B,Melanogenesis,Melanogenesis
gene10262,NRAS,Melanogenesis,Melanogenesis
gene10263,EDNRB,Melanogenesis,Melanogenesis
gene10264,KRAS,Melanogenesis,Melanogenesis
gene10265,PRKX,Melanogenesis,Melanogenesis
gene10266,GNAI1,Melanogenesis,Melanogenesis
gene10267,GNAI2,Melanogenesis,Melanogenesis
gene10268,CALML5,Melanogenesis,Melanogenesis
gene10269,ADCY3,Melanogenesis,Melanogenesis
gene10270,ADCY2,Melanogenesis,Melanogenesis
gene10271,ADCY1,Melanogenesis,Melanogenesis
gene10272,CREB3L3,Melanogenesis,Melanogenesis
gene10273,WNT5B,Melanogenesis,Melanogenesis
gene10274,CAMK2A,Melanogenesis,Melanogenesis
gene10275,CAMK2B,Melanogenesis,Melanogenesis
gene10276,CAMK2D,Melanogenesis,Melanogenesis
gene10277,CAMK2G,Melanogenesis,Melanogenesis
gene10278,PRKACA,Melanogenesis,Melanogenesis
gene10279,GNAQ,Melanogenesis,Melanogenesis
gene10280,PRKACB,Melanogenesis,Melanogenesis
gene10281,PRKACG,Melanogenesis,Melanogenesis
gene10282,GNAS,Melanogenesis,Melanogenesis
gene10283,GNAI3,Melanogenesis,Melanogenesis
gene10284,WNT16,Melanogenesis,Melanogenesis
gene10285,GNAO1,Melanogenesis,Melanogenesis
gene10286,CALML3,Melanogenesis,Melanogenesis
gene10287,DCT,Melanogenesis,Melanogenesis
gene10288,CALM3,Melanogenesis,Melanogenesis
gene10289,PLCB2,Melanogenesis,Melanogenesis
gene10290,ADCY8,Melanogenesis,Melanogenesis
gene10291,ADCY9,Melanogenesis,Melanogenesis
gene10292,PLCB1,Melanogenesis,Melanogenesis
gene10293,ADCY6,Melanogenesis,Melanogenesis
gene10294,ADCY7,Melanogenesis,Melanogenesis
gene10295,PRKCB,Melanogenesis,Melanogenesis
gene10296,RAF1,Melanogenesis,Melanogenesis
gene10297,PLCB3,Melanogenesis,Melanogenesis
gene10298,PRKCA,Melanogenesis,Melanogenesis
gene10299,PLCB4,Melanogenesis,Melanogenesis
gene10300,ADCY5,Melanogenesis,Melanogenesis
gene10301,CREB3L4,Melanogenesis,Melanogenesis
gene10302,ASIP,Melanogenesis,Melanogenesis
gene10303,KITLG,Melanogenesis,Melanogenesis
gene10304,PRKCG,Melanogenesis,Melanogenesis
gene10305,MC1R,Melanogenesis,Melanogenesis
gene10306,WNT3A,Melanogenesis,Melanogenesis
gene10307,DVL3,Melanogenesis,Melanogenesis
gene10308,DVL2,Melanogenesis,Melanogenesis
gene10309,MAP2K2,Melanogenesis,Melanogenesis
gene10310,MAP2K1,Melanogenesis,Melanogenesis
gene10311,KIT,Melanogenesis,Melanogenesis
gene10312,FZD3,Melanogenesis,Melanogenesis
gene10313,DVL1,Melanogenesis,Melanogenesis
gene10314,ADCY4,Melanogenesis,Melanogenesis
gene10315,TYRP1,Melanogenesis,Melanogenesis
gene10316,WNT4,Melanogenesis,Melanogenesis
gene10317,WNT10A,Melanogenesis,Melanogenesis
gene10318,MAPK3,Melanogenesis,Melanogenesis
gene10319,TCF7,Melanogenesis,Melanogenesis
gene10320,MAPK1,Melanogenesis,Melanogenesis
gene10321,TCF7L2,Melanogenesis,Melanogenesis
gene10322,HRAS,Melanogenesis,Melanogenesis
gene10323,WNT1,Melanogenesis,Melanogenesis
gene10324,EP300,Melanogenesis,Melanogenesis
gene10325,GSK3B,Melanogenesis,Melanogenesis
gene10326,WNT7A,Melanogenesis,Melanogenesis
gene10327,WNT7B,Melanogenesis,Melanogenesis
gene10328,WNT8A,Melanogenesis,Melanogenesis
gene10329,WNT8B,Melanogenesis,Melanogenesis
gene10330,WNT2,Melanogenesis,Melanogenesis
gene10331,WNT3,Melanogenesis,Melanogenesis
gene10332,WNT5A,Melanogenesis,Melanogenesis
gene10333,CTNNB1,Melanogenesis,Melanogenesis
gene10334,WNT6,Melanogenesis,Melanogenesis
gene10335,FZD10,Melanogenesis,Melanogenesis
gene10336,CREB3L2,Melanogenesis,Melanogenesis
gene10337,FZD5,Melanogenesis,Melanogenesis
gene10338,TCF7L1,Melanogenesis,Melanogenesis
gene10339,MITF,Melanogenesis,Melanogenesis
gene10340,FZD2,Melanogenesis,Melanogenesis
gene10341,CALML6,Melanogenesis,Melanogenesis
gene10342,STAT3,Adipocytokine Signaling Pathway,Adipocytokine Signaling Pathway
gene10343,CHUK,Adipocytokine Signaling Pathway,Adipocytokine Signaling Pathway
gene10344,PTPN11,Adipocytokine Signaling Pathway,Adipocytokine Signaling Pathway
gene10345,PPARGC1A,Adipocytokine Signaling Pathway,Adipocytokine Signaling Pathway
gene10346,NPY,Adipocytokine Signaling Pathway,Adipocytokine Signaling Pathway
gene10347,TNF,Adipocytokine Signaling Pathway,Adipocytokine Signaling Pathway
gene10348,SLC2A4,Adipocytokine Signaling Pathway,Adipocytokine Signaling Pathway
gene10349,CD36,Adipocytokine Signaling Pathway,Adipocytokine Signaling Pathway
gene10350,SLC2A1,Adipocytokine Signaling Pathway,Adipocytokine Signaling Pathway
gene10351,MTOR,Adipocytokine Signaling Pathway,Adipocytokine Signaling Pathway
gene10352,ADIPOR2,Adipocytokine Signaling Pathway,Adipocytokine Signaling Pathway
gene10353,PRKAG2,Adipocytokine Signaling Pathway,Adipocytokine Signaling Pathway
gene10354,ACSL6,Adipocytokine Signaling Pathway,Adipocytokine Signaling Pathway
gene10355,POMC,Adipocytokine Signaling Pathway,Adipocytokine Signaling Pathway
gene10356,MAPK9,Adipocytokine Signaling Pathway,Adipocytokine Signaling Pathway
gene10357,MAPK10,Adipocytokine Signaling Pathway,Adipocytokine Signaling Pathway
gene10358,PRKCQ,Adipocytokine Signaling Pathway,Adipocytokine Signaling Pathway
gene10359,RXRB,Adipocytokine Signaling Pathway,Adipocytokine Signaling Pathway
gene10360,RXRG,Adipocytokine Signaling Pathway,Adipocytokine Signaling Pathway
gene10361,IKBKB,Adipocytokine Signaling Pathway,Adipocytokine Signaling Pathway
gene10362,PRKAG3,Adipocytokine Signaling Pathway,Adipocytokine Signaling Pathway
gene10363,RXRA,Adipocytokine Signaling Pathway,Adipocytokine Signaling Pathway
gene10364,TNFRSF1B,Adipocytokine Signaling Pathway,Adipocytokine Signaling Pathway
gene10365,ADIPOR1,Adipocytokine Signaling Pathway,Adipocytokine Signaling Pathway
gene10366,AKT1,Adipocytokine Signaling Pathway,Adipocytokine Signaling Pathway
gene10367,AKT2,Adipocytokine Signaling Pathway,Adipocytokine Signaling Pathway
gene10368,TNFRSF1A,Adipocytokine Signaling Pathway,Adipocytokine Signaling Pathway
gene10369,JAK2,Adipocytokine Signaling Pathway,Adipocytokine Signaling Pathway
gene10370,LEPR,Adipocytokine Signaling Pathway,Adipocytokine Signaling Pathway
gene10371,AKT3,Adipocytokine Signaling Pathway,Adipocytokine Signaling Pathway
gene10372,CPT1B,Adipocytokine Signaling Pathway,Adipocytokine Signaling Pathway
gene10373,LEP,Adipocytokine Signaling Pathway,Adipocytokine Signaling Pathway
gene10374,ACACB,Adipocytokine Signaling Pathway,Adipocytokine Signaling Pathway
gene10375,NFKB1,Adipocytokine Signaling Pathway,Adipocytokine Signaling Pathway
gene10376,NFKBIB,Adipocytokine Signaling Pathway,Adipocytokine Signaling Pathway
gene10377,NFKBIA,Adipocytokine Signaling Pathway,Adipocytokine Signaling Pathway
gene10378,NFKBIE,Adipocytokine Signaling Pathway,Adipocytokine Signaling Pathway
gene10379,IKBKG,Adipocytokine Signaling Pathway,Adipocytokine Signaling Pathway
gene10380,MAPK8,Adipocytokine Signaling Pathway,Adipocytokine Signaling Pathway
gene10381,CPT1A,Adipocytokine Signaling Pathway,Adipocytokine Signaling Pathway
gene10382,PCK2,Adipocytokine Signaling Pathway,Adipocytokine Signaling Pathway
gene10383,CPT1C,Adipocytokine Signaling Pathway,Adipocytokine Signaling Pathway
gene10384,PCK1,Adipocytokine Signaling Pathway,Adipocytokine Signaling Pathway
gene10385,RELA,Adipocytokine Signaling Pathway,Adipocytokine Signaling Pathway
gene10386,STK11,Adipocytokine Signaling Pathway,Adipocytokine Signaling Pathway
gene10387,PPARA,Adipocytokine Signaling Pathway,Adipocytokine Signaling Pathway
gene10388,TRAF2,Adipocytokine Signaling Pathway,Adipocytokine Signaling Pathway
gene10389,PRKAB2,Adipocytokine Signaling Pathway,Adipocytokine Signaling Pathway
gene10390,PRKAB1,Adipocytokine Signaling Pathway,Adipocytokine Signaling Pathway
gene10391,PRKAA2,Adipocytokine Signaling Pathway,Adipocytokine Signaling Pathway
gene10392,PRKAA1,Adipocytokine Signaling Pathway,Adipocytokine Signaling Pathway
gene10393,SOCS3,Adipocytokine Signaling Pathway,Adipocytokine Signaling Pathway
gene10394,TRADD,Adipocytokine Signaling Pathway,Adipocytokine Signaling Pathway
gene10395,ACSL5,Adipocytokine Signaling Pathway,Adipocytokine Signaling Pathway
gene10396,ADIPOQ,Adipocytokine Signaling Pathway,Adipocytokine Signaling Pathway
gene10397,G6PC2,Adipocytokine Signaling Pathway,Adipocytokine Signaling Pathway
gene10398,IRS2,Adipocytokine Signaling Pathway,Adipocytokine Signaling Pathway
gene10399,ACSL1,Adipocytokine Signaling Pathway,Adipocytokine Signaling Pathway
gene10400,AGRP,Adipocytokine Signaling Pathway,Adipocytokine Signaling Pathway
gene10401,PRKAG1,Adipocytokine Signaling Pathway,Adipocytokine Signaling Pathway
gene10402,G6PC1,Adipocytokine Signaling Pathway,Adipocytokine Signaling Pathway
gene10403,IRS1,Adipocytokine Signaling Pathway,Adipocytokine Signaling Pathway
gene10404,CAMKK1,Adipocytokine Signaling Pathway,Adipocytokine Signaling Pathway
gene10405,CAMKK2,Adipocytokine Signaling Pathway,Adipocytokine Signaling Pathway
gene10406,IRS4,Adipocytokine Signaling Pathway,Adipocytokine Signaling Pathway
gene10407,ACSL3,Adipocytokine Signaling Pathway,Adipocytokine Signaling Pathway
gene10408,ACSL4,Adipocytokine Signaling Pathway,Adipocytokine Signaling Pathway
gene10409,PIK3R5,Type Ii Diabetes Mellitus,Type Ii Diabetes Mellitus
gene10410,GCK,Type Ii Diabetes Mellitus,Type Ii Diabetes Mellitus
gene10411,MAPK8,Type Ii Diabetes Mellitus,Type Ii Diabetes Mellitus
gene10412,TNF,Type Ii Diabetes Mellitus,Type Ii Diabetes Mellitus
gene10413,MAFA,Type Ii Diabetes Mellitus,Type Ii Diabetes Mellitus
gene10414,SOCS1,Type Ii Diabetes Mellitus,Type Ii Diabetes Mellitus
gene10415,SLC2A4,Type Ii Diabetes Mellitus,Type Ii Diabetes Mellitus
gene10416,SLC2A2,Type Ii Diabetes Mellitus,Type Ii Diabetes Mellitus
gene10417,MTOR,Type Ii Diabetes Mellitus,Type Ii Diabetes Mellitus
gene10418,SOCS2,Type Ii Diabetes Mellitus,Type Ii Diabetes Mellitus
gene10419,SOCS3,Type Ii Diabetes Mellitus,Type Ii Diabetes Mellitus
gene10420,INS,Type Ii Diabetes Mellitus,Type Ii Diabetes Mellitus
gene10421,PRKCD,Type Ii Diabetes Mellitus,Type Ii Diabetes Mellitus
gene10422,PRKCE,Type Ii Diabetes Mellitus,Type Ii Diabetes Mellitus
gene10423,MAPK9,Type Ii Diabetes Mellitus,Type Ii Diabetes Mellitus
gene10424,HK2,Type Ii Diabetes Mellitus,Type Ii Diabetes Mellitus
gene10425,CACNA1A,Type Ii Diabetes Mellitus,Type Ii Diabetes Mellitus
gene10426,MAPK10,Type Ii Diabetes Mellitus,Type Ii Diabetes Mellitus
gene10427,HK3,Type Ii Diabetes Mellitus,Type Ii Diabetes Mellitus
gene10428,HK1,Type Ii Diabetes Mellitus,Type Ii Diabetes Mellitus
gene10429,PIK3R3,Type Ii Diabetes Mellitus,Type Ii Diabetes Mellitus
gene10430,CACNA1D,Type Ii Diabetes Mellitus,Type Ii Diabetes Mellitus
gene10431,CACNA1E,Type Ii Diabetes Mellitus,Type Ii Diabetes Mellitus
gene10432,CACNA1B,Type Ii Diabetes Mellitus,Type Ii Diabetes Mellitus
gene10433,PDX1,Type Ii Diabetes Mellitus,Type Ii Diabetes Mellitus
gene10434,CACNA1C,Type Ii Diabetes Mellitus,Type Ii Diabetes Mellitus
gene10435,ADIPOQ,Type Ii Diabetes Mellitus,Type Ii Diabetes Mellitus
gene10436,IKBKB,Type Ii Diabetes Mellitus,Type Ii Diabetes Mellitus
gene10437,IRS2,Type Ii Diabetes Mellitus,Type Ii Diabetes Mellitus
gene10438,ABCC8,Type Ii Diabetes Mellitus,Type Ii Diabetes Mellitus
gene10439,SOCS4,Type Ii Diabetes Mellitus,Type Ii Diabetes Mellitus
gene10440,PIK3CA,Type Ii Diabetes Mellitus,Type Ii Diabetes Mellitus
gene10441,CACNA1G,Type Ii Diabetes Mellitus,Type Ii Diabetes Mellitus
gene10442,PIK3CB,Type Ii Diabetes Mellitus,Type Ii Diabetes Mellitus
gene10443,PIK3CD,Type Ii Diabetes Mellitus,Type Ii Diabetes Mellitus
gene10444,PRKCZ,Type Ii Diabetes Mellitus,Type Ii Diabetes Mellitus
gene10445,KCNJ11,Type Ii Diabetes Mellitus,Type Ii Diabetes Mellitus
gene10446,MAPK3,Type Ii Diabetes Mellitus,Type Ii Diabetes Mellitus
gene10447,IRS1,Type Ii Diabetes Mellitus,Type Ii Diabetes Mellitus
gene10448,PKLR,Type Ii Diabetes Mellitus,Type Ii Diabetes Mellitus
gene10449,INSR,Type Ii Diabetes Mellitus,Type Ii Diabetes Mellitus
gene10450,PKM,Type Ii Diabetes Mellitus,Type Ii Diabetes Mellitus
gene10451,PIK3CG,Type Ii Diabetes Mellitus,Type Ii Diabetes Mellitus
gene10452,IRS4,Type Ii Diabetes Mellitus,Type Ii Diabetes Mellitus
gene10453,PIK3R1,Type Ii Diabetes Mellitus,Type Ii Diabetes Mellitus
gene10454,PIK3R2,Type Ii Diabetes Mellitus,Type Ii Diabetes Mellitus
gene10455,MAPK1,Type Ii Diabetes Mellitus,Type Ii Diabetes Mellitus
gene10456,HLA-DRB4,Type I Diabetes Mellitus,Type I Diabetes Mellitus
gene10457,HLA-DRB5,Type I Diabetes Mellitus,Type I Diabetes Mellitus
gene10458,LTA,Type I Diabetes Mellitus,Type I Diabetes Mellitus
gene10459,HLA-DOA,Type I Diabetes Mellitus,Type I Diabetes Mellitus
gene10460,HLA-DOB,Type I Diabetes Mellitus,Type I Diabetes Mellitus
gene10461,HLA-DRB3,Type I Diabetes Mellitus,Type I Diabetes Mellitus
gene10462,CD80,Type I Diabetes Mellitus,Type I Diabetes Mellitus
gene10463,CD86,Type I Diabetes Mellitus,Type I Diabetes Mellitus
gene10464,CD28,Type I Diabetes Mellitus,Type I Diabetes Mellitus
gene10465,TNF,Type I Diabetes Mellitus,Type I Diabetes Mellitus
gene10466,ICA1,Type I Diabetes Mellitus,Type I Diabetes Mellitus
gene10467,IFNG,Type I Diabetes Mellitus,Type I Diabetes Mellitus
gene10468,PTPRN2,Type I Diabetes Mellitus,Type I Diabetes Mellitus
gene10469,HLA-C,Type I Diabetes Mellitus,Type I Diabetes Mellitus
gene10470,HLA-B,Type I Diabetes Mellitus,Type I Diabetes Mellitus
gene10471,INS,Type I Diabetes Mellitus,Type I Diabetes Mellitus
gene10472,IL1B,Type I Diabetes Mellitus,Type I Diabetes Mellitus
gene10473,HLA-DMB,Type I Diabetes Mellitus,Type I Diabetes Mellitus
gene10474,PTPRN,Type I Diabetes Mellitus,Type I Diabetes Mellitus
gene10475,HLA-DMA,Type I Diabetes Mellitus,Type I Diabetes Mellitus
gene10476,HLA-F,Type I Diabetes Mellitus,Type I Diabetes Mellitus
gene10477,HLA-E,Type I Diabetes Mellitus,Type I Diabetes Mellitus
gene10478,HLA-A,Type I Diabetes Mellitus,Type I Diabetes Mellitus
gene10479,IL2,Type I Diabetes Mellitus,Type I Diabetes Mellitus
gene10480,HLA-DPA1,Type I Diabetes Mellitus,Type I Diabetes Mellitus
gene10481,IL12B,Type I Diabetes Mellitus,Type I Diabetes Mellitus
gene10482,HLA-DPB1,Type I Diabetes Mellitus,Type I Diabetes Mellitus
gene10483,GAD1,Type I Diabetes Mellitus,Type I Diabetes Mellitus
gene10484,HLA-DQA1,Type I Diabetes Mellitus,Type I Diabetes Mellitus
gene10485,HLA-G,Type I Diabetes Mellitus,Type I Diabetes Mellitus
gene10486,HLA-DQA2,Type I Diabetes Mellitus,Type I Diabetes Mellitus
gene10487,IL12A,Type I Diabetes Mellitus,Type I Diabetes Mellitus
gene10488,CPE,Type I Diabetes Mellitus,Type I Diabetes Mellitus
gene10489,HLA-DQB1,Type I Diabetes Mellitus,Type I Diabetes Mellitus
gene10490,GAD2,Type I Diabetes Mellitus,Type I Diabetes Mellitus
gene10491,IL1A,Type I Diabetes Mellitus,Type I Diabetes Mellitus
gene10492,HSPD1,Type I Diabetes Mellitus,Type I Diabetes Mellitus
gene10493,PRF1,Type I Diabetes Mellitus,Type I Diabetes Mellitus
gene10494,FAS,Type I Diabetes Mellitus,Type I Diabetes Mellitus
gene10495,FASLG,Type I Diabetes Mellitus,Type I Diabetes Mellitus
gene10496,GZMB,Type I Diabetes Mellitus,Type I Diabetes Mellitus
gene10497,HLA-DRB1,Type I Diabetes Mellitus,Type I Diabetes Mellitus
gene10498,HLA-DRA,Type I Diabetes Mellitus,Type I Diabetes Mellitus
gene10499,MNX1,Maturity Onset Diabetes Of The Young,Maturity Onset Diabetes Of The Young
gene10500,NEUROG3,Maturity Onset Diabetes Of The Young,Maturity Onset Diabetes Of The Young
gene10501,GCK,Maturity Onset Diabetes Of The Young,Maturity Onset Diabetes Of The Young
gene10502,HHEX,Maturity Onset Diabetes Of The Young,Maturity Onset Diabetes Of The Young
gene10503,HES1,Maturity Onset Diabetes Of The Young,Maturity Onset Diabetes Of The Young
gene10504,MAFA,Maturity Onset Diabetes Of The Young,Maturity Onset Diabetes Of The Young
gene10505,PAX6,Maturity Onset Diabetes Of The Young,Maturity Onset Diabetes Of The Young
gene10506,SLC2A2,Maturity Onset Diabetes Of The Young,Maturity Onset Diabetes Of The Young
gene10507,BHLHA15,Maturity Onset Diabetes Of The Young,Maturity Onset Diabetes Of The Young
gene10508,HNF1B,Maturity Onset Diabetes Of The Young,Maturity Onset Diabetes Of The Young
gene10509,HNF4G,Maturity Onset Diabetes Of The Young,Maturity Onset Diabetes Of The Young
gene10510,NKX6-1,Maturity Onset Diabetes Of The Young,Maturity Onset Diabetes Of The Young
gene10511,HNF1A,Maturity Onset Diabetes Of The Young,Maturity Onset Diabetes Of The Young
gene10512,FOXA3,Maturity Onset Diabetes Of The Young,Maturity Onset Diabetes Of The Young
gene10513,HNF4A,Maturity Onset Diabetes Of The Young,Maturity Onset Diabetes Of The Young
gene10514,NKX2-2,Maturity Onset Diabetes Of The Young,Maturity Onset Diabetes Of The Young
gene10515,ONECUT1,Maturity Onset Diabetes Of The Young,Maturity Onset Diabetes Of The Young
gene10516,NEUROD1,Maturity Onset Diabetes Of The Young,Maturity Onset Diabetes Of The Young
gene10517,INS,Maturity Onset Diabetes Of The Young,Maturity Onset Diabetes Of The Young
gene10518,FOXA2,Maturity Onset Diabetes Of The Young,Maturity Onset Diabetes Of The Young
gene10519,PAX4,Maturity Onset Diabetes Of The Young,Maturity Onset Diabetes Of The Young
gene10520,PDX1,Maturity Onset Diabetes Of The Young,Maturity Onset Diabetes Of The Young
gene10521,IAPP,Maturity Onset Diabetes Of The Young,Maturity Onset Diabetes Of The Young
gene10522,NR5A2,Maturity Onset Diabetes Of The Young,Maturity Onset Diabetes Of The Young
gene10523,PKLR,Maturity Onset Diabetes Of The Young,Maturity Onset Diabetes Of The Young
gene10524,PIK3R5,Aldosterone Regulated Sodium Reabsorption,Aldosterone Regulated Sodium Reabsorption
gene10525,SFN,Aldosterone Regulated Sodium Reabsorption,Aldosterone Regulated Sodium Reabsorption
gene10526,NR3C2,Aldosterone Regulated Sodium Reabsorption,Aldosterone Regulated Sodium Reabsorption
gene10527,PRKCB,Aldosterone Regulated Sodium Reabsorption,Aldosterone Regulated Sodium Reabsorption
gene10528,PRKCA,Aldosterone Regulated Sodium Reabsorption,Aldosterone Regulated Sodium Reabsorption
gene10529,FXYD4,Aldosterone Regulated Sodium Reabsorption,Aldosterone Regulated Sodium Reabsorption
gene10530,KRAS,Aldosterone Regulated Sodium Reabsorption,Aldosterone Regulated Sodium Reabsorption
gene10531,FXYD2,Aldosterone Regulated Sodium Reabsorption,Aldosterone Regulated Sodium Reabsorption
gene10532,IGF1,Aldosterone Regulated Sodium Reabsorption,Aldosterone Regulated Sodium Reabsorption
gene10533,SCNN1G,Aldosterone Regulated Sodium Reabsorption,Aldosterone Regulated Sodium Reabsorption
gene10534,SCNN1B,Aldosterone Regulated Sodium Reabsorption,Aldosterone Regulated Sodium Reabsorption
gene10535,SCNN1A,Aldosterone Regulated Sodium Reabsorption,Aldosterone Regulated Sodium Reabsorption
gene10536,ATP1B2,Aldosterone Regulated Sodium Reabsorption,Aldosterone Regulated Sodium Reabsorption
gene10537,KCNJ1,Aldosterone Regulated Sodium Reabsorption,Aldosterone Regulated Sodium Reabsorption
gene10538,ATP1B3,Aldosterone Regulated Sodium Reabsorption,Aldosterone Regulated Sodium Reabsorption
gene10539,ATP1A4,Aldosterone Regulated Sodium Reabsorption,Aldosterone Regulated Sodium Reabsorption
gene10540,ATP1B1,Aldosterone Regulated Sodium Reabsorption,Aldosterone Regulated Sodium Reabsorption
gene10541,NEDD4L,Aldosterone Regulated Sodium Reabsorption,Aldosterone Regulated Sodium Reabsorption
gene10542,INS,Aldosterone Regulated Sodium Reabsorption,Aldosterone Regulated Sodium Reabsorption
gene10543,PRKCG,Aldosterone Regulated Sodium Reabsorption,Aldosterone Regulated Sodium Reabsorption
gene10544,PIK3R3,Aldosterone Regulated Sodium Reabsorption,Aldosterone Regulated Sodium Reabsorption
gene10545,HSD11B2,Aldosterone Regulated Sodium Reabsorption,Aldosterone Regulated Sodium Reabsorption
gene10546,HSD11B1,Aldosterone Regulated Sodium Reabsorption,Aldosterone Regulated Sodium Reabsorption
gene10547,SLC9A3R2,Aldosterone Regulated Sodium Reabsorption,Aldosterone Regulated Sodium Reabsorption
gene10548,PDPK1,Aldosterone Regulated Sodium Reabsorption,Aldosterone Regulated Sodium Reabsorption
gene10549,ATP1A1,Aldosterone Regulated Sodium Reabsorption,Aldosterone Regulated Sodium Reabsorption
gene10550,IRS2,Aldosterone Regulated Sodium Reabsorption,Aldosterone Regulated Sodium Reabsorption
gene10551,ATP1A3,Aldosterone Regulated Sodium Reabsorption,Aldosterone Regulated Sodium Reabsorption
gene10552,ATP1A2,Aldosterone Regulated Sodium Reabsorption,Aldosterone Regulated Sodium Reabsorption
gene10553,PIK3CA,Aldosterone Regulated Sodium Reabsorption,Aldosterone Regulated Sodium Reabsorption
gene10554,PIK3CB,Aldosterone Regulated Sodium Reabsorption,Aldosterone Regulated Sodium Reabsorption
gene10555,PIK3CD,Aldosterone Regulated Sodium Reabsorption,Aldosterone Regulated Sodium Reabsorption
gene10556,MAPK3,Aldosterone Regulated Sodium Reabsorption,Aldosterone Regulated Sodium Reabsorption
gene10557,IRS1,Aldosterone Regulated Sodium Reabsorption,Aldosterone Regulated Sodium Reabsorption
gene10558,SGK1,Aldosterone Regulated Sodium Reabsorption,Aldosterone Regulated Sodium Reabsorption
gene10559,ATP1B4,Aldosterone Regulated Sodium Reabsorption,Aldosterone Regulated Sodium Reabsorption
gene10560,INSR,Aldosterone Regulated Sodium Reabsorption,Aldosterone Regulated Sodium Reabsorption
gene10561,PIK3CG,Aldosterone Regulated Sodium Reabsorption,Aldosterone Regulated Sodium Reabsorption
gene10562,IRS4,Aldosterone Regulated Sodium Reabsorption,Aldosterone Regulated Sodium Reabsorption
gene10563,PIK3R1,Aldosterone Regulated Sodium Reabsorption,Aldosterone Regulated Sodium Reabsorption
gene10564,PIK3R2,Aldosterone Regulated Sodium Reabsorption,Aldosterone Regulated Sodium Reabsorption
gene10565,MAPK1,Aldosterone Regulated Sodium Reabsorption,Aldosterone Regulated Sodium Reabsorption
gene10566,ADCY9,Vasopressin Regulated Water Reabsorption,Vasopressin Regulated Water Reabsorption
gene10567,ADCY6,Vasopressin Regulated Water Reabsorption,Vasopressin Regulated Water Reabsorption
gene10568,DYNLL2,Vasopressin Regulated Water Reabsorption,Vasopressin Regulated Water Reabsorption
gene10569,DYNC1LI2,Vasopressin Regulated Water Reabsorption,Vasopressin Regulated Water Reabsorption
gene10570,VAMP2,Vasopressin Regulated Water Reabsorption,Vasopressin Regulated Water Reabsorption
gene10571,DCTN6,Vasopressin Regulated Water Reabsorption,Vasopressin Regulated Water Reabsorption
gene10572,CREB3L4,Vasopressin Regulated Water Reabsorption,Vasopressin Regulated Water Reabsorption
gene10573,AQP4,Vasopressin Regulated Water Reabsorption,Vasopressin Regulated Water Reabsorption
gene10574,PRKX,Vasopressin Regulated Water Reabsorption,Vasopressin Regulated Water Reabsorption
gene10575,RAB11A,Vasopressin Regulated Water Reabsorption,Vasopressin Regulated Water Reabsorption
gene10576,DYNLL1,Vasopressin Regulated Water Reabsorption,Vasopressin Regulated Water Reabsorption
gene10577,DCTN2,Vasopressin Regulated Water Reabsorption,Vasopressin Regulated Water Reabsorption
gene10578,AQP3,Vasopressin Regulated Water Reabsorption,Vasopressin Regulated Water Reabsorption
gene10579,CREB3L1,Vasopressin Regulated Water Reabsorption,Vasopressin Regulated Water Reabsorption
gene10580,ADCY3,Vasopressin Regulated Water Reabsorption,Vasopressin Regulated Water Reabsorption
gene10581,CREB3,Vasopressin Regulated Water Reabsorption,Vasopressin Regulated Water Reabsorption
gene10582,RAB5B,Vasopressin Regulated Water Reabsorption,Vasopressin Regulated Water Reabsorption
gene10583,AVPR2,Vasopressin Regulated Water Reabsorption,Vasopressin Regulated Water Reabsorption
gene10584,RAB5A,Vasopressin Regulated Water Reabsorption,Vasopressin Regulated Water Reabsorption
gene10585,CREB3L3,Vasopressin Regulated Water Reabsorption,Vasopressin Regulated Water Reabsorption
gene10586,NSF,Vasopressin Regulated Water Reabsorption,Vasopressin Regulated Water Reabsorption
gene10587,DCTN5,Vasopressin Regulated Water Reabsorption,Vasopressin Regulated Water Reabsorption
gene10588,AVP,Vasopressin Regulated Water Reabsorption,Vasopressin Regulated Water Reabsorption
gene10589,CREB3L2,Vasopressin Regulated Water Reabsorption,Vasopressin Regulated Water Reabsorption
gene10590,RAB11B,Vasopressin Regulated Water Reabsorption,Vasopressin Regulated Water Reabsorption
gene10591,STX4,Vasopressin Regulated Water Reabsorption,Vasopressin Regulated Water Reabsorption
gene10592,PRKACA,Vasopressin Regulated Water Reabsorption,Vasopressin Regulated Water Reabsorption
gene10593,PRKACB,Vasopressin Regulated Water Reabsorption,Vasopressin Regulated Water Reabsorption
gene10594,PRKACG,Vasopressin Regulated Water Reabsorption,Vasopressin Regulated Water Reabsorption
gene10595,CREB1,Vasopressin Regulated Water Reabsorption,Vasopressin Regulated Water Reabsorption
gene10596,GNAS,Vasopressin Regulated Water Reabsorption,Vasopressin Regulated Water Reabsorption
gene10597,DYNC2H1,Vasopressin Regulated Water Reabsorption,Vasopressin Regulated Water Reabsorption
gene10598,DYNC1H1,Vasopressin Regulated Water Reabsorption,Vasopressin Regulated Water Reabsorption
gene10599,DCTN4,Vasopressin Regulated Water Reabsorption,Vasopressin Regulated Water Reabsorption
gene10600,DYNC1I2,Vasopressin Regulated Water Reabsorption,Vasopressin Regulated Water Reabsorption
gene10601,DCTN1,Vasopressin Regulated Water Reabsorption,Vasopressin Regulated Water Reabsorption
gene10602,DYNC1I1,Vasopressin Regulated Water Reabsorption,Vasopressin Regulated Water Reabsorption
gene10603,CREB5,Vasopressin Regulated Water Reabsorption,Vasopressin Regulated Water Reabsorption
gene10604,AQP2,Vasopressin Regulated Water Reabsorption,Vasopressin Regulated Water Reabsorption
gene10605,DYNC2LI1,Vasopressin Regulated Water Reabsorption,Vasopressin Regulated Water Reabsorption
gene10606,ARHGDIA,Vasopressin Regulated Water Reabsorption,Vasopressin Regulated Water Reabsorption
gene10607,ARHGDIB,Vasopressin Regulated Water Reabsorption,Vasopressin Regulated Water Reabsorption
gene10608,DYNC1LI1,Vasopressin Regulated Water Reabsorption,Vasopressin Regulated Water Reabsorption
gene10609,RAB5C,Vasopressin Regulated Water Reabsorption,Vasopressin Regulated Water Reabsorption
gene10610,UQCR10,Alzheimers Disease,Alzheimers Disease
gene10611,NAE1,Alzheimers Disease,Alzheimers Disease
gene10612,CALM2,Alzheimers Disease,Alzheimers Disease
gene10613,NDUFA5,Alzheimers Disease,Alzheimers Disease
gene10614,NDUFA4,Alzheimers Disease,Alzheimers Disease
gene10615,COX6CP3,Alzheimers Disease,Alzheimers Disease
gene10616,CALM1,Alzheimers Disease,Alzheimers Disease
gene10617,ATP2A1,Alzheimers Disease,Alzheimers Disease
gene10618,PPP3R2,Alzheimers Disease,Alzheimers Disease
gene10619,EIF2AK3,Alzheimers Disease,Alzheimers Disease
gene10620,PPP3CC,Alzheimers Disease,Alzheimers Disease
gene10621,ATP2A3,Alzheimers Disease,Alzheimers Disease
gene10622,PPP3R1,Alzheimers Disease,Alzheimers Disease
gene10623,ATP2A2,Alzheimers Disease,Alzheimers Disease
gene10624,NDUFS7,Alzheimers Disease,Alzheimers Disease
gene10625,MT-CYB,Alzheimers Disease,Alzheimers Disease
gene10626,ADAM17,Alzheimers Disease,Alzheimers Disease
gene10627,BACE2,Alzheimers Disease,Alzheimers Disease
gene10628,ATP5PO,Alzheimers Disease,Alzheimers Disease
gene10629,MT-CO2,Alzheimers Disease,Alzheimers Disease
gene10630,MT-CO1,Alzheimers Disease,Alzheimers Disease
gene10631,COX8C,Alzheimers Disease,Alzheimers Disease
gene10632,MME,Alzheimers Disease,Alzheimers Disease
gene10633,MT-CO3,Alzheimers Disease,Alzheimers Disease
gene10634,COX5B,Alzheimers Disease,Alzheimers Disease
gene10635,ITPR3,Alzheimers Disease,Alzheimers Disease
gene10636,PSENEN,Alzheimers Disease,Alzheimers Disease
gene10637,LRP1,Alzheimers Disease,Alzheimers Disease
gene10638,COX4I1,Alzheimers Disease,Alzheimers Disease
gene10639,APOE,Alzheimers Disease,Alzheimers Disease
gene10640,MT-ATP6,Alzheimers Disease,Alzheimers Disease
gene10641,MT-ATP8,Alzheimers Disease,Alzheimers Disease
gene10642,CHP2,Alzheimers Disease,Alzheimers Disease
gene10643,ATP5PD,Alzheimers Disease,Alzheimers Disease
gene10644,NDUFA2,Alzheimers Disease,Alzheimers Disease
gene10645,NDUFA3,Alzheimers Disease,Alzheimers Disease
gene10646,NDUFA1,Alzheimers Disease,Alzheimers Disease
gene10647,CAPN2,Alzheimers Disease,Alzheimers Disease
gene10648,LPL,Alzheimers Disease,Alzheimers Disease
gene10649,CAPN1,Alzheimers Disease,Alzheimers Disease
gene10650,APAF1,Alzheimers Disease,Alzheimers Disease
gene10651,ATP5MC1P5,Alzheimers Disease,Alzheimers Disease
gene10652,HSD17B10,Alzheimers Disease,Alzheimers Disease
gene10653,APH1A,Alzheimers Disease,Alzheimers Disease
gene10654,UQCRQ,Alzheimers Disease,Alzheimers Disease
gene10655,ATP5F1D,Alzheimers Disease,Alzheimers Disease
gene10656,CALML5,Alzheimers Disease,Alzheimers Disease
gene10657,GAPDH,Alzheimers Disease,Alzheimers Disease
gene10658,ATF6,Alzheimers Disease,Alzheimers Disease
gene10659,COX7A2L,Alzheimers Disease,Alzheimers Disease
gene10660,IDE,Alzheimers Disease,Alzheimers Disease
gene10661,ATP5MC3,Alzheimers Disease,Alzheimers Disease
gene10662,ATP5MC2,Alzheimers Disease,Alzheimers Disease
gene10663,ADAM10,Alzheimers Disease,Alzheimers Disease
gene10664,ATP5MC1,Alzheimers Disease,Alzheimers Disease
gene10665,ATP5PB,Alzheimers Disease,Alzheimers Disease
gene10666,ATP5F1E,Alzheimers Disease,Alzheimers Disease
gene10667,COX5A,Alzheimers Disease,Alzheimers Disease
gene10668,CDK5R1,Alzheimers Disease,Alzheimers Disease
gene10669,ERN1,Alzheimers Disease,Alzheimers Disease
gene10670,GNAQ,Alzheimers Disease,Alzheimers Disease
gene10671,UQCRHL,Alzheimers Disease,Alzheimers Disease
gene10672,ATP5F1A,Alzheimers Disease,Alzheimers Disease
gene10673,BACE1,Alzheimers Disease,Alzheimers Disease
gene10674,CALML3,Alzheimers Disease,Alzheimers Disease
gene10675,APBB1,Alzheimers Disease,Alzheimers Disease
gene10676,ATP5PF,Alzheimers Disease,Alzheimers Disease
gene10677,CYCS,Alzheimers Disease,Alzheimers Disease
gene10678,SDHA,Alzheimers Disease,Alzheimers Disease
gene10679,CALM3,Alzheimers Disease,Alzheimers Disease
gene10680,NDUFA4L2,Alzheimers Disease,Alzheimers Disease
gene10681,NCSTN,Alzheimers Disease,Alzheimers Disease
gene10682,CASP9,Alzheimers Disease,Alzheimers Disease
gene10683,PLCB2,Alzheimers Disease,Alzheimers Disease
gene10684,COX8A,Alzheimers Disease,Alzheimers Disease
gene10685,CASP8,Alzheimers Disease,Alzheimers Disease
gene10686,COX7C,Alzheimers Disease,Alzheimers Disease
gene10687,CASP7,Alzheimers Disease,Alzheimers Disease
gene10688,PLCB1,Alzheimers Disease,Alzheimers Disease
gene10689,PLCB3,Alzheimers Disease,Alzheimers Disease
gene10690,PLCB4,Alzheimers Disease,Alzheimers Disease
gene10691,TNF,Alzheimers Disease,Alzheimers Disease
gene10692,RYR3,Alzheimers Disease,Alzheimers Disease
gene10693,FADD,Alzheimers Disease,Alzheimers Disease
gene10694,SDHD,Alzheimers Disease,Alzheimers Disease
gene10695,SDHB,Alzheimers Disease,Alzheimers Disease
gene10696,SDHC,Alzheimers Disease,Alzheimers Disease
gene10697,COX7B,Alzheimers Disease,Alzheimers Disease
gene10698,BAD,Alzheimers Disease,Alzheimers Disease
gene10699,COX7A1,Alzheimers Disease,Alzheimers Disease
gene10700,COX7A2,Alzheimers Disease,Alzheimers Disease
gene10701,COX6C,Alzheimers Disease,Alzheimers Disease
gene10702,ATP5F1B,Alzheimers Disease,Alzheimers Disease
gene10703,GRIN1,Alzheimers Disease,Alzheimers Disease
gene10704,GRIN2A,Alzheimers Disease,Alzheimers Disease
gene10705,GRIN2B,Alzheimers Disease,Alzheimers Disease
gene10706,COX6B1,Alzheimers Disease,Alzheimers Disease
gene10707,CACNA1D,Alzheimers Disease,Alzheimers Disease
gene10708,BID,Alzheimers Disease,Alzheimers Disease
gene10709,ATP5F1C,Alzheimers Disease,Alzheimers Disease
gene10710,GRIN2C,Alzheimers Disease,Alzheimers Disease
gene10711,GRIN2D,Alzheimers Disease,Alzheimers Disease
gene10712,UQCR10P1,Alzheimers Disease,Alzheimers Disease
gene10713,CACNA1C,Alzheimers Disease,Alzheimers Disease
gene10714,NOS1,Alzheimers Disease,Alzheimers Disease
gene10715,CACNA1F,Alzheimers Disease,Alzheimers Disease
gene10716,CACNA1S,Alzheimers Disease,Alzheimers Disease
gene10717,COX7B2,Alzheimers Disease,Alzheimers Disease
gene10718,CASP3,Alzheimers Disease,Alzheimers Disease
gene10719,TNFRSF1A,Alzheimers Disease,Alzheimers Disease
gene10720,UQCRB,Alzheimers Disease,Alzheimers Disease
gene10721,COX6A2,Alzheimers Disease,Alzheimers Disease
gene10722,MAPK3,Alzheimers Disease,Alzheimers Disease
gene10723,COX6A1,Alzheimers Disease,Alzheimers Disease
gene10724,UQCRH,Alzheimers Disease,Alzheimers Disease
gene10725,UQCRFS1,Alzheimers Disease,Alzheimers Disease
gene10726,UQCRC2,Alzheimers Disease,Alzheimers Disease
gene10727,UQCRC1,Alzheimers Disease,Alzheimers Disease
gene10728,MAPK1,Alzheimers Disease,Alzheimers Disease
gene10729,NDUFB3,Alzheimers Disease,Alzheimers Disease
gene10730,NDUFB1,Alzheimers Disease,Alzheimers Disease
gene10731,NDUFB2,Alzheimers Disease,Alzheimers Disease
gene10732,ITPR1,Alzheimers Disease,Alzheimers Disease
gene10733,NDUFA10,Alzheimers Disease,Alzheimers Disease
gene10734,ITPR2,Alzheimers Disease,Alzheimers Disease
gene10735,NDUFAB1,Alzheimers Disease,Alzheimers Disease
gene10736,PSEN2,Alzheimers Disease,Alzheimers Disease
gene10737,GSK3B,Alzheimers Disease,Alzheimers Disease
gene10738,PSEN1,Alzheimers Disease,Alzheimers Disease
gene10739,NDUFA9,Alzheimers Disease,Alzheimers Disease
gene10740,NDUFA7,Alzheimers Disease,Alzheimers Disease
gene10741,NDUFA8,Alzheimers Disease,Alzheimers Disease
gene10742,UQCR11,Alzheimers Disease,Alzheimers Disease
gene10743,NDUFA6,Alzheimers Disease,Alzheimers Disease
gene10744,NDUFV3,Alzheimers Disease,Alzheimers Disease
gene10745,COX6B2,Alzheimers Disease,Alzheimers Disease
gene10746,COX4I2,Alzheimers Disease,Alzheimers Disease
gene10747,IL1B,Alzheimers Disease,Alzheimers Disease
gene10748,SNCA,Alzheimers Disease,Alzheimers Disease
gene10749,MAPT,Alzheimers Disease,Alzheimers Disease
gene10750,NDUFB10,Alzheimers Disease,Alzheimers Disease
gene10751,NDUFS8,Alzheimers Disease,Alzheimers Disease
gene10752,NDUFC1,Alzheimers Disease,Alzheimers Disease
gene10753,NDUFC2,Alzheimers Disease,Alzheimers Disease
gene10754,NDUFS1,Alzheimers Disease,Alzheimers Disease
gene10755,NDUFV2,Alzheimers Disease,Alzheimers Disease
gene10756,NDUFB6,Alzheimers Disease,Alzheimers Disease
gene10757,NDUFS4,Alzheimers Disease,Alzheimers Disease
gene10758,NDUFB7,Alzheimers Disease,Alzheimers Disease
gene10759,NDUFV1,Alzheimers Disease,Alzheimers Disease
gene10760,NDUFB8,Alzheimers Disease,Alzheimers Disease
gene10761,NDUFS6,Alzheimers Disease,Alzheimers Disease
gene10762,NDUFB9,Alzheimers Disease,Alzheimers Disease
gene10763,NDUFS5,Alzheimers Disease,Alzheimers Disease
gene10764,NDUFS2,Alzheimers Disease,Alzheimers Disease
gene10765,PPP3CB,Alzheimers Disease,Alzheimers Disease
gene10766,NDUFB4,Alzheimers Disease,Alzheimers Disease
gene10767,NDUFS3,Alzheimers Disease,Alzheimers Disease
gene10768,PPP3CA,Alzheimers Disease,Alzheimers Disease
gene10769,APP,Alzheimers Disease,Alzheimers Disease
gene10770,NDUFB5,Alzheimers Disease,Alzheimers Disease
gene10771,CDK5,Alzheimers Disease,Alzheimers Disease
gene10772,FAS,Alzheimers Disease,Alzheimers Disease
gene10773,CYC1,Alzheimers Disease,Alzheimers Disease
gene10774,CHP1,Alzheimers Disease,Alzheimers Disease
gene10775,CALML6,Alzheimers Disease,Alzheimers Disease
gene10776,UQCR10,Parkinsons Disease,Parkinsons Disease
gene10777,NDUFA5,Parkinsons Disease,Parkinsons Disease
gene10778,NDUFA4,Parkinsons Disease,Parkinsons Disease
gene10779,COX6CP3,Parkinsons Disease,Parkinsons Disease
gene10780,UBE2L6,Parkinsons Disease,Parkinsons Disease
gene10781,NDUFS7,Parkinsons Disease,Parkinsons Disease
gene10782,MT-CYB,Parkinsons Disease,Parkinsons Disease
gene10783,MT-CO2,Parkinsons Disease,Parkinsons Disease
gene10784,ATP5PO,Parkinsons Disease,Parkinsons Disease
gene10785,MT-CO1,Parkinsons Disease,Parkinsons Disease
gene10786,COX8C,Parkinsons Disease,Parkinsons Disease
gene10787,MT-CO3,Parkinsons Disease,Parkinsons Disease
gene10788,VDAC2P5,Parkinsons Disease,Parkinsons Disease
gene10789,COX5B,Parkinsons Disease,Parkinsons Disease
gene10790,COX4I1,Parkinsons Disease,Parkinsons Disease
gene10791,MT-ATP6,Parkinsons Disease,Parkinsons Disease
gene10792,UCHL1,Parkinsons Disease,Parkinsons Disease
gene10793,MT-ATP8,Parkinsons Disease,Parkinsons Disease
gene10794,ATP5PD,Parkinsons Disease,Parkinsons Disease
gene10795,NDUFA2,Parkinsons Disease,Parkinsons Disease
gene10796,NDUFA3,Parkinsons Disease,Parkinsons Disease
gene10797,NDUFA1,Parkinsons Disease,Parkinsons Disease
gene10798,SNCAIP,Parkinsons Disease,Parkinsons Disease
gene10799,APAF1,Parkinsons Disease,Parkinsons Disease
gene10800,SEPTIN5,Parkinsons Disease,Parkinsons Disease
gene10801,UBE2G2,Parkinsons Disease,Parkinsons Disease
gene10802,UBE2G1,Parkinsons Disease,Parkinsons Disease
gene10803,ATP5MC1P5,Parkinsons Disease,Parkinsons Disease
gene10804,VDAC1,Parkinsons Disease,Parkinsons Disease
gene10805,VDAC2,Parkinsons Disease,Parkinsons Disease
gene10806,VDAC3,Parkinsons Disease,Parkinsons Disease
gene10807,UBE2J2,Parkinsons Disease,Parkinsons Disease
gene10808,UQCRQ,Parkinsons Disease,Parkinsons Disease
gene10809,ATP5F1D,Parkinsons Disease,Parkinsons Disease
gene10810,UBE2L3,Parkinsons Disease,Parkinsons Disease
gene10811,COX7A2L,Parkinsons Disease,Parkinsons Disease
gene10812,ATP5MC3,Parkinsons Disease,Parkinsons Disease
gene10813,ATP5MC2,Parkinsons Disease,Parkinsons Disease
gene10814,ATP5MC1,Parkinsons Disease,Parkinsons Disease
gene10815,ATP5PB,Parkinsons Disease,Parkinsons Disease
gene10816,ATP5F1E,Parkinsons Disease,Parkinsons Disease
gene10817,COX5A,Parkinsons Disease,Parkinsons Disease
gene10818,UBA7,Parkinsons Disease,Parkinsons Disease
gene10819,UBA1,Parkinsons Disease,Parkinsons Disease
gene10820,SLC25A6,Parkinsons Disease,Parkinsons Disease
gene10821,UQCRHL,Parkinsons Disease,Parkinsons Disease
gene10822,SLC25A5,Parkinsons Disease,Parkinsons Disease
gene10823,ATP5F1A,Parkinsons Disease,Parkinsons Disease
gene10824,SLC25A4,Parkinsons Disease,Parkinsons Disease
gene10825,ATP5PF,Parkinsons Disease,Parkinsons Disease
gene10826,CYCS,Parkinsons Disease,Parkinsons Disease
gene10827,SDHA,Parkinsons Disease,Parkinsons Disease
gene10828,SLC18A1,Parkinsons Disease,Parkinsons Disease
gene10829,SLC18A2,Parkinsons Disease,Parkinsons Disease
gene10830,NDUFA4L2,Parkinsons Disease,Parkinsons Disease
gene10831,TH,Parkinsons Disease,Parkinsons Disease
gene10832,SLC25A31,Parkinsons Disease,Parkinsons Disease
gene10833,CASP9,Parkinsons Disease,Parkinsons Disease
gene10834,COX8A,Parkinsons Disease,Parkinsons Disease
gene10835,COX7C,Parkinsons Disease,Parkinsons Disease
gene10836,PPID,Parkinsons Disease,Parkinsons Disease
gene10837,SDHD,Parkinsons Disease,Parkinsons Disease
gene10838,SDHB,Parkinsons Disease,Parkinsons Disease
gene10839,SDHC,Parkinsons Disease,Parkinsons Disease
gene10840,PINK1,Parkinsons Disease,Parkinsons Disease
gene10841,COX7B,Parkinsons Disease,Parkinsons Disease
gene10842,COX7A1,Parkinsons Disease,Parkinsons Disease
gene10843,COX7A2,Parkinsons Disease,Parkinsons Disease
gene10844,COX6C,Parkinsons Disease,Parkinsons Disease
gene10845,UBE2J1,Parkinsons Disease,Parkinsons Disease
gene10846,ATP5F1B,Parkinsons Disease,Parkinsons Disease
gene10847,COX6B1,Parkinsons Disease,Parkinsons Disease
gene10848,ATP5F1C,Parkinsons Disease,Parkinsons Disease
gene10849,UQCR10P1,Parkinsons Disease,Parkinsons Disease
gene10850,UBB,Parkinsons Disease,Parkinsons Disease
gene10851,COX7B2,Parkinsons Disease,Parkinsons Disease
gene10852,PRKN,Parkinsons Disease,Parkinsons Disease
gene10853,CASP3,Parkinsons Disease,Parkinsons Disease
gene10854,UQCRB,Parkinsons Disease,Parkinsons Disease
gene10855,COX6A2,Parkinsons Disease,Parkinsons Disease
gene10856,COX6A1,Parkinsons Disease,Parkinsons Disease
gene10857,UQCRH,Parkinsons Disease,Parkinsons Disease
gene10858,UQCRFS1,Parkinsons Disease,Parkinsons Disease
gene10859,UQCRC2,Parkinsons Disease,Parkinsons Disease
gene10860,UQCRC1,Parkinsons Disease,Parkinsons Disease
gene10861,NDUFB3,Parkinsons Disease,Parkinsons Disease
gene10862,NDUFB1,Parkinsons Disease,Parkinsons Disease
gene10863,NDUFB2,Parkinsons Disease,Parkinsons Disease
gene10864,NDUFA10,Parkinsons Disease,Parkinsons Disease
gene10865,NDUFAB1,Parkinsons Disease,Parkinsons Disease
gene10866,MT-ND6,Parkinsons Disease,Parkinsons Disease
gene10867,NDUFA9,Parkinsons Disease,Parkinsons Disease
gene10868,MT-ND5,Parkinsons Disease,Parkinsons Disease
gene10869,NDUFA7,Parkinsons Disease,Parkinsons Disease
gene10870,NDUFA8,Parkinsons Disease,Parkinsons Disease
gene10871,UQCR11,Parkinsons Disease,Parkinsons Disease
gene10872,HTRA2,Parkinsons Disease,Parkinsons Disease
gene10873,NDUFA6,Parkinsons Disease,Parkinsons Disease
gene10874,NDUFV3,Parkinsons Disease,Parkinsons Disease
gene10875,MT-ND4,Parkinsons Disease,Parkinsons Disease
gene10876,MT-ND4L,Parkinsons Disease,Parkinsons Disease
gene10877,MT-ND2,Parkinsons Disease,Parkinsons Disease
gene10878,COX6B2,Parkinsons Disease,Parkinsons Disease
gene10879,MT-ND3,Parkinsons Disease,Parkinsons Disease
gene10880,COX4I2,Parkinsons Disease,Parkinsons Disease
gene10881,MT-ND1,Parkinsons Disease,Parkinsons Disease
gene10882,SNCA,Parkinsons Disease,Parkinsons Disease
gene10883,NDUFB10,Parkinsons Disease,Parkinsons Disease
gene10884,NDUFS8,Parkinsons Disease,Parkinsons Disease
gene10885,NDUFC1,Parkinsons Disease,Parkinsons Disease
gene10886,NDUFC2,Parkinsons Disease,Parkinsons Disease
gene10887,NDUFS1,Parkinsons Disease,Parkinsons Disease
gene10888,NDUFV2,Parkinsons Disease,Parkinsons Disease
gene10889,NDUFB6,Parkinsons Disease,Parkinsons Disease
gene10890,NDUFS4,Parkinsons Disease,Parkinsons Disease
gene10891,NDUFB7,Parkinsons Disease,Parkinsons Disease
gene10892,NDUFV1,Parkinsons Disease,Parkinsons Disease
gene10893,NDUFB8,Parkinsons Disease,Parkinsons Disease
gene10894,NDUFS6,Parkinsons Disease,Parkinsons Disease
gene10895,NDUFB9,Parkinsons Disease,Parkinsons Disease
gene10896,NDUFS5,Parkinsons Disease,Parkinsons Disease
gene10897,NDUFS2,Parkinsons Disease,Parkinsons Disease
gene10898,NDUFB4,Parkinsons Disease,Parkinsons Disease
gene10899,NDUFS3,Parkinsons Disease,Parkinsons Disease
gene10900,NDUFB5,Parkinsons Disease,Parkinsons Disease
gene10901,PARK7,Parkinsons Disease,Parkinsons Disease
gene10902,CYC1,Parkinsons Disease,Parkinsons Disease
gene10903,GPR37,Parkinsons Disease,Parkinsons Disease
gene10904,SLC6A3,Parkinsons Disease,Parkinsons Disease
gene10905,LRRK2,Parkinsons Disease,Parkinsons Disease
gene10906,CASP9,Amyotrophic Lateral Sclerosis Als,Amyotrophic Lateral Sclerosis Als
gene10907,TNF,Amyotrophic Lateral Sclerosis Als,Amyotrophic Lateral Sclerosis Als
gene10908,CAT,Amyotrophic Lateral Sclerosis Als,Amyotrophic Lateral Sclerosis Als
gene10909,PPP3R2,Amyotrophic Lateral Sclerosis Als,Amyotrophic Lateral Sclerosis Als
gene10910,PPP3CC,Amyotrophic Lateral Sclerosis Als,Amyotrophic Lateral Sclerosis Als
gene10911,PPP3R1,Amyotrophic Lateral Sclerosis Als,Amyotrophic Lateral Sclerosis Als
gene10912,ALS2,Amyotrophic Lateral Sclerosis Als,Amyotrophic Lateral Sclerosis Als
gene10913,BAD,Amyotrophic Lateral Sclerosis Als,Amyotrophic Lateral Sclerosis Als
gene10914,CCS,Amyotrophic Lateral Sclerosis Als,Amyotrophic Lateral Sclerosis Als
gene10915,MAP3K5,Amyotrophic Lateral Sclerosis Als,Amyotrophic Lateral Sclerosis Als
gene10916,TOMM40L,Amyotrophic Lateral Sclerosis Als,Amyotrophic Lateral Sclerosis Als
gene10917,GRIN1,Amyotrophic Lateral Sclerosis Als,Amyotrophic Lateral Sclerosis Als
gene10918,GRIN2A,Amyotrophic Lateral Sclerosis Als,Amyotrophic Lateral Sclerosis Als
gene10919,MAPK11,Amyotrophic Lateral Sclerosis Als,Amyotrophic Lateral Sclerosis Als
gene10920,GRIN2B,Amyotrophic Lateral Sclerosis Als,Amyotrophic Lateral Sclerosis Als
gene10921,SOD1,Amyotrophic Lateral Sclerosis Als,Amyotrophic Lateral Sclerosis Als
gene10922,GRIN2C,Amyotrophic Lateral Sclerosis Als,Amyotrophic Lateral Sclerosis Als
gene10923,BID,Amyotrophic Lateral Sclerosis Als,Amyotrophic Lateral Sclerosis Als
gene10924,GRIN2D,Amyotrophic Lateral Sclerosis Als,Amyotrophic Lateral Sclerosis Als
gene10925,MAP2K3,Amyotrophic Lateral Sclerosis Als,Amyotrophic Lateral Sclerosis Als
gene10926,MAPK13,Amyotrophic Lateral Sclerosis Als,Amyotrophic Lateral Sclerosis Als
gene10927,NOS1,Amyotrophic Lateral Sclerosis Als,Amyotrophic Lateral Sclerosis Als
gene10928,BAX,Amyotrophic Lateral Sclerosis Als,Amyotrophic Lateral Sclerosis Als
gene10929,NEFM,Amyotrophic Lateral Sclerosis Als,Amyotrophic Lateral Sclerosis Als
gene10930,GRIA2,Amyotrophic Lateral Sclerosis Als,Amyotrophic Lateral Sclerosis Als
gene10931,SLC1A2,Amyotrophic Lateral Sclerosis Als,Amyotrophic Lateral Sclerosis Als
gene10932,NEFH,Amyotrophic Lateral Sclerosis Als,Amyotrophic Lateral Sclerosis Als
gene10933,GRIA1,Amyotrophic Lateral Sclerosis Als,Amyotrophic Lateral Sclerosis Als
gene10934,MAP2K6,Amyotrophic Lateral Sclerosis Als,Amyotrophic Lateral Sclerosis Als
gene10935,TNFRSF1B,Amyotrophic Lateral Sclerosis Als,Amyotrophic Lateral Sclerosis Als
gene10936,CASP1,Amyotrophic Lateral Sclerosis Als,Amyotrophic Lateral Sclerosis Als
gene10937,CASP3,Amyotrophic Lateral Sclerosis Als,Amyotrophic Lateral Sclerosis Als
gene10938,NEFL,Amyotrophic Lateral Sclerosis Als,Amyotrophic Lateral Sclerosis Als
gene10939,TNFRSF1A,Amyotrophic Lateral Sclerosis Als,Amyotrophic Lateral Sclerosis Als
gene10940,DAXX,Amyotrophic Lateral Sclerosis Als,Amyotrophic Lateral Sclerosis Als
gene10941,CHP2,Amyotrophic Lateral Sclerosis Als,Amyotrophic Lateral Sclerosis Als
gene10942,RAC1,Amyotrophic Lateral Sclerosis Als,Amyotrophic Lateral Sclerosis Als
gene10943,MAPK14,Amyotrophic Lateral Sclerosis Als,Amyotrophic Lateral Sclerosis Als
gene10944,MAPK12,Amyotrophic Lateral Sclerosis Als,Amyotrophic Lateral Sclerosis Als
gene10945,APAF1,Amyotrophic Lateral Sclerosis Als,Amyotrophic Lateral Sclerosis Als
gene10946,GPX1,Amyotrophic Lateral Sclerosis Als,Amyotrophic Lateral Sclerosis Als
gene10947,RAB5A,Amyotrophic Lateral Sclerosis Als,Amyotrophic Lateral Sclerosis Als
gene10948,BCL2,Amyotrophic Lateral Sclerosis Als,Amyotrophic Lateral Sclerosis Als
gene10949,BCL2L1,Amyotrophic Lateral Sclerosis Als,Amyotrophic Lateral Sclerosis Als
gene10950,PRPH2,Amyotrophic Lateral Sclerosis Als,Amyotrophic Lateral Sclerosis Als
gene10951,PPP3CB,Amyotrophic Lateral Sclerosis Als,Amyotrophic Lateral Sclerosis Als
gene10952,TP53,Amyotrophic Lateral Sclerosis Als,Amyotrophic Lateral Sclerosis Als
gene10953,PPP3CA,Amyotrophic Lateral Sclerosis Als,Amyotrophic Lateral Sclerosis Als
gene10954,PRPH,Amyotrophic Lateral Sclerosis Als,Amyotrophic Lateral Sclerosis Als
gene10955,DERL1,Amyotrophic Lateral Sclerosis Als,Amyotrophic Lateral Sclerosis Als
gene10956,CYCS,Amyotrophic Lateral Sclerosis Als,Amyotrophic Lateral Sclerosis Als
gene10957,TOMM40,Amyotrophic Lateral Sclerosis Als,Amyotrophic Lateral Sclerosis Als
gene10958,CHP1,Amyotrophic Lateral Sclerosis Als,Amyotrophic Lateral Sclerosis Als
gene10959,POLR2G,Huntingtons Disease,Huntingtons Disease
gene10960,POLR2H,Huntingtons Disease,Huntingtons Disease
gene10961,POLR2E,Huntingtons Disease,Huntingtons Disease
gene10962,UQCR10,Huntingtons Disease,Huntingtons Disease
gene10963,POLR2F,Huntingtons Disease,Huntingtons Disease
gene10964,NDUFA5,Huntingtons Disease,Huntingtons Disease
gene10965,PPARGC1A,Huntingtons Disease,Huntingtons Disease
gene10966,NDUFA4,Huntingtons Disease,Huntingtons Disease
gene10967,POLR2I,Huntingtons Disease,Huntingtons Disease
gene10968,COX6CP3,Huntingtons Disease,Huntingtons Disease
gene10969,POLR2J,Huntingtons Disease,Huntingtons Disease
gene10970,TAF4,Huntingtons Disease,Huntingtons Disease
gene10971,NRF1,Huntingtons Disease,Huntingtons Disease
gene10972,DCTN2,Huntingtons Disease,Huntingtons Disease
gene10973,CREB3L1,Huntingtons Disease,Huntingtons Disease
gene10974,NDUFS7,Huntingtons Disease,Huntingtons Disease
gene10975,MT-CYB,Huntingtons Disease,Huntingtons Disease
gene10976,CREBBP,Huntingtons Disease,Huntingtons Disease
gene10977,CREB3,Huntingtons Disease,Huntingtons Disease
gene10978,POLR2K,Huntingtons Disease,Huntingtons Disease
gene10979,ATP5PO,Huntingtons Disease,Huntingtons Disease
gene10980,MT-CO2,Huntingtons Disease,Huntingtons Disease
gene10981,MT-CO1,Huntingtons Disease,Huntingtons Disease
gene10982,UCP1,Huntingtons Disease,Huntingtons Disease
gene10983,CLTCL1,Huntingtons Disease,Huntingtons Disease
gene10984,COX8C,Huntingtons Disease,Huntingtons Disease
gene10985,DNALI1,Huntingtons Disease,Huntingtons Disease
gene10986,POLR2L,Huntingtons Disease,Huntingtons Disease
gene10987,MT-CO3,Huntingtons Disease,Huntingtons Disease
gene10988,VDAC2P5,Huntingtons Disease,Huntingtons Disease
gene10989,COX5B,Huntingtons Disease,Huntingtons Disease
gene10990,COX4I1,Huntingtons Disease,Huntingtons Disease
gene10991,CREB1,Huntingtons Disease,Huntingtons Disease
gene10992,HIP1,Huntingtons Disease,Huntingtons Disease
gene10993,AP2A2,Huntingtons Disease,Huntingtons Disease
gene10994,MT-ATP6,Huntingtons Disease,Huntingtons Disease
gene10995,AP2B1,Huntingtons Disease,Huntingtons Disease
gene10996,DCTN4,Huntingtons Disease,Huntingtons Disease
gene10997,MT-ATP8,Huntingtons Disease,Huntingtons Disease
gene10998,TAF4B,Huntingtons Disease,Huntingtons Disease
gene10999,ATP5PD,Huntingtons Disease,Huntingtons Disease
gene11000,AP2A1,Huntingtons Disease,Huntingtons Disease
gene11001,NDUFA2,Huntingtons Disease,Huntingtons Disease
gene11002,NDUFA3,Huntingtons Disease,Huntingtons Disease
gene11003,NDUFA1,Huntingtons Disease,Huntingtons Disease
gene11004,DNAI1,Huntingtons Disease,Huntingtons Disease
gene11005,APAF1,Huntingtons Disease,Huntingtons Disease
gene11006,ATP5MC1P5,Huntingtons Disease,Huntingtons Disease
gene11007,VDAC1,Huntingtons Disease,Huntingtons Disease
gene11008,VDAC2,Huntingtons Disease,Huntingtons Disease
gene11009,VDAC3,Huntingtons Disease,Huntingtons Disease
gene11010,UQCRQ,Huntingtons Disease,Huntingtons Disease
gene11011,ATP5F1D,Huntingtons Disease,Huntingtons Disease
gene11012,DNAH1,Huntingtons Disease,Huntingtons Disease
gene11013,BBC3,Huntingtons Disease,Huntingtons Disease
gene11014,BDNF,Huntingtons Disease,Huntingtons Disease
gene11015,COX7A2L,Huntingtons Disease,Huntingtons Disease
gene11016,ATP5MC3,Huntingtons Disease,Huntingtons Disease
gene11017,ATP5MC2,Huntingtons Disease,Huntingtons Disease
gene11018,CREB3L3,Huntingtons Disease,Huntingtons Disease
gene11019,ATP5MC1,Huntingtons Disease,Huntingtons Disease
gene11020,ATP5PB,Huntingtons Disease,Huntingtons Disease
gene11021,ATP5F1E,Huntingtons Disease,Huntingtons Disease
gene11022,COX5A,Huntingtons Disease,Huntingtons Disease
gene11023,GNAQ,Huntingtons Disease,Huntingtons Disease
gene11024,DNAH2,Huntingtons Disease,Huntingtons Disease
gene11025,SLC25A6,Huntingtons Disease,Huntingtons Disease
gene11026,SP1,Huntingtons Disease,Huntingtons Disease
gene11027,UQCRHL,Huntingtons Disease,Huntingtons Disease
gene11028,ATP5F1A,Huntingtons Disease,Huntingtons Disease
gene11029,SLC25A5,Huntingtons Disease,Huntingtons Disease
gene11030,SLC25A4,Huntingtons Disease,Huntingtons Disease
gene11031,ATP5PF,Huntingtons Disease,Huntingtons Disease
gene11032,RCOR1,Huntingtons Disease,Huntingtons Disease
gene11033,CYCS,Huntingtons Disease,Huntingtons Disease
gene11034,TGM2,Huntingtons Disease,Huntingtons Disease
gene11035,SDHA,Huntingtons Disease,Huntingtons Disease
gene11036,DCTN1,Huntingtons Disease,Huntingtons Disease
gene11037,POLR2B,Huntingtons Disease,Huntingtons Disease
gene11038,DNAL1,Huntingtons Disease,Huntingtons Disease
gene11039,POLR2A,Huntingtons Disease,Huntingtons Disease
gene11040,NDUFA4L2,Huntingtons Disease,Huntingtons Disease
gene11041,POLR2D,Huntingtons Disease,Huntingtons Disease
gene11042,POLR2C,Huntingtons Disease,Huntingtons Disease
gene11043,DNAL4,Huntingtons Disease,Huntingtons Disease
gene11044,SLC25A31,Huntingtons Disease,Huntingtons Disease
gene11045,CASP9,Huntingtons Disease,Huntingtons Disease
gene11046,PLCB2,Huntingtons Disease,Huntingtons Disease
gene11047,COX8A,Huntingtons Disease,Huntingtons Disease
gene11048,GRM5,Huntingtons Disease,Huntingtons Disease
gene11049,CASP8,Huntingtons Disease,Huntingtons Disease
gene11050,COX7C,Huntingtons Disease,Huntingtons Disease
gene11051,PLCB1,Huntingtons Disease,Huntingtons Disease
gene11052,PLCB3,Huntingtons Disease,Huntingtons Disease
gene11053,PLCB4,Huntingtons Disease,Huntingtons Disease
gene11054,DNAI2,Huntingtons Disease,Huntingtons Disease
gene11055,IFT57,Huntingtons Disease,Huntingtons Disease
gene11056,CREB3L4,Huntingtons Disease,Huntingtons Disease
gene11057,PPID,Huntingtons Disease,Huntingtons Disease
gene11058,SDHD,Huntingtons Disease,Huntingtons Disease
gene11059,SDHB,Huntingtons Disease,Huntingtons Disease
gene11060,SDHC,Huntingtons Disease,Huntingtons Disease
gene11061,TFAM,Huntingtons Disease,Huntingtons Disease
gene11062,HAP1,Huntingtons Disease,Huntingtons Disease
gene11063,COX7B,Huntingtons Disease,Huntingtons Disease
gene11064,COX7A1,Huntingtons Disease,Huntingtons Disease
gene11065,COX7A2,Huntingtons Disease,Huntingtons Disease
gene11066,COX6C,Huntingtons Disease,Huntingtons Disease
gene11067,POLR2J2,Huntingtons Disease,Huntingtons Disease
gene11068,ATP5F1B,Huntingtons Disease,Huntingtons Disease
gene11069,GRIN1,Huntingtons Disease,Huntingtons Disease
gene11070,SOD1,Huntingtons Disease,Huntingtons Disease
gene11071,GRIN2B,Huntingtons Disease,Huntingtons Disease
gene11072,COX6B1,Huntingtons Disease,Huntingtons Disease
gene11073,SOD2,Huntingtons Disease,Huntingtons Disease
gene11074,ATP5F1C,Huntingtons Disease,Huntingtons Disease
gene11075,UQCR10P1,Huntingtons Disease,Huntingtons Disease
gene11076,BAX,Huntingtons Disease,Huntingtons Disease
gene11077,COX7B2,Huntingtons Disease,Huntingtons Disease
gene11078,CASP3,Huntingtons Disease,Huntingtons Disease
gene11079,REST,Huntingtons Disease,Huntingtons Disease
gene11080,UQCRB,Huntingtons Disease,Huntingtons Disease
gene11081,POLR2J3,Huntingtons Disease,Huntingtons Disease
gene11082,COX6A2,Huntingtons Disease,Huntingtons Disease
gene11083,CREB5,Huntingtons Disease,Huntingtons Disease
gene11084,COX6A1,Huntingtons Disease,Huntingtons Disease
gene11085,UQCRH,Huntingtons Disease,Huntingtons Disease
gene11086,UQCRFS1,Huntingtons Disease,Huntingtons Disease
gene11087,UQCRC2,Huntingtons Disease,Huntingtons Disease
gene11088,UQCRC1,Huntingtons Disease,Huntingtons Disease
gene11089,SIN3A,Huntingtons Disease,Huntingtons Disease
gene11090,NDUFB3,Huntingtons Disease,Huntingtons Disease
gene11091,NDUFB1,Huntingtons Disease,Huntingtons Disease
gene11092,DLG4,Huntingtons Disease,Huntingtons Disease
gene11093,TBPL2,Huntingtons Disease,Huntingtons Disease
gene11094,NDUFB2,Huntingtons Disease,Huntingtons Disease
gene11095,EP300,Huntingtons Disease,Huntingtons Disease
gene11096,ITPR1,Huntingtons Disease,Huntingtons Disease
gene11097,NDUFA10,Huntingtons Disease,Huntingtons Disease
gene11098,NDUFAB1,Huntingtons Disease,Huntingtons Disease
gene11099,NDUFA9,Huntingtons Disease,Huntingtons Disease
gene11100,NDUFA7,Huntingtons Disease,Huntingtons Disease
gene11101,NDUFA8,Huntingtons Disease,Huntingtons Disease
gene11102,DNAH3,Huntingtons Disease,Huntingtons Disease
gene11103,UQCR11,Huntingtons Disease,Huntingtons Disease
gene11104,NDUFA6,Huntingtons Disease,Huntingtons Disease
gene11105,NDUFV3,Huntingtons Disease,Huntingtons Disease
gene11106,COX6B2,Huntingtons Disease,Huntingtons Disease
gene11107,COX4I2,Huntingtons Disease,Huntingtons Disease
gene11108,GPX1,Huntingtons Disease,Huntingtons Disease
gene11109,TBP,Huntingtons Disease,Huntingtons Disease
gene11110,AP2S1,Huntingtons Disease,Huntingtons Disease
gene11111,AP2M1,Huntingtons Disease,Huntingtons Disease
gene11112,CREB3L2,Huntingtons Disease,Huntingtons Disease
gene11113,NDUFS8,Huntingtons Disease,Huntingtons Disease
gene11114,NDUFB10,Huntingtons Disease,Huntingtons Disease
gene11115,NDUFC1,Huntingtons Disease,Huntingtons Disease
gene11116,NDUFC2,Huntingtons Disease,Huntingtons Disease
gene11117,NDUFV2,Huntingtons Disease,Huntingtons Disease
gene11118,NDUFS1,Huntingtons Disease,Huntingtons Disease
gene11119,NDUFS4,Huntingtons Disease,Huntingtons Disease
gene11120,NDUFB6,Huntingtons Disease,Huntingtons Disease
gene11121,NDUFV1,Huntingtons Disease,Huntingtons Disease
gene11122,NDUFB7,Huntingtons Disease,Huntingtons Disease
gene11123,NDUFS6,Huntingtons Disease,Huntingtons Disease
gene11124,NDUFB8,Huntingtons Disease,Huntingtons Disease
gene11125,NDUFS5,Huntingtons Disease,Huntingtons Disease
gene11126,NDUFB9,Huntingtons Disease,Huntingtons Disease
gene11127,PPARG,Huntingtons Disease,Huntingtons Disease
gene11128,NDUFS2,Huntingtons Disease,Huntingtons Disease
gene11129,TP53,Huntingtons Disease,Huntingtons Disease
gene11130,NDUFB4,Huntingtons Disease,Huntingtons Disease
gene11131,NDUFS3,Huntingtons Disease,Huntingtons Disease
gene11132,NDUFB5,Huntingtons Disease,Huntingtons Disease
gene11133,CYC1,Huntingtons Disease,Huntingtons Disease
gene11134,CLTA,Huntingtons Disease,Huntingtons Disease
gene11135,CLTB,Huntingtons Disease,Huntingtons Disease
gene11136,CLTC,Huntingtons Disease,Huntingtons Disease
gene11137,HDAC1,Huntingtons Disease,Huntingtons Disease
gene11138,HDAC2,Huntingtons Disease,Huntingtons Disease
gene11139,TBPL1,Huntingtons Disease,Huntingtons Disease
gene11140,HTT,Huntingtons Disease,Huntingtons Disease
gene11141,NCAM2,Prion Diseases,Prion Diseases
gene11142,EGR1,Prion Diseases,Prion Diseases
gene11143,NCAM1,Prion Diseases,Prion Diseases
gene11144,ELK1,Prion Diseases,Prion Diseases
gene11145,NOTCH1,Prion Diseases,Prion Diseases
gene11146,PRKX,Prion Diseases,Prion Diseases
gene11147,C6,Prion Diseases,Prion Diseases
gene11148,CCL5,Prion Diseases,Prion Diseases
gene11149,C5,Prion Diseases,Prion Diseases
gene11150,IL1B,Prion Diseases,Prion Diseases
gene11151,SOD1,Prion Diseases,Prion Diseases
gene11152,STIP1,Prion Diseases,Prion Diseases
gene11153,MAP2K2,Prion Diseases,Prion Diseases
gene11154,HSPA1A,Prion Diseases,Prion Diseases
gene11155,MAP2K1,Prion Diseases,Prion Diseases
gene11156,BAX,Prion Diseases,Prion Diseases
gene11157,PRKACA,Prion Diseases,Prion Diseases
gene11158,PRKACB,Prion Diseases,Prion Diseases
gene11159,PRKACG,Prion Diseases,Prion Diseases
gene11160,IL1A,Prion Diseases,Prion Diseases
gene11161,HSPA5,Prion Diseases,Prion Diseases
gene11162,PRNP,Prion Diseases,Prion Diseases
gene11163,C9,Prion Diseases,Prion Diseases
gene11164,C1QB,Prion Diseases,Prion Diseases
gene11165,C1QA,Prion Diseases,Prion Diseases
gene11166,LAMC1,Prion Diseases,Prion Diseases
gene11167,C1QC,Prion Diseases,Prion Diseases
gene11168,MAPK3,Prion Diseases,Prion Diseases
gene11169,FYN,Prion Diseases,Prion Diseases
gene11170,C8A,Prion Diseases,Prion Diseases
gene11171,C7,Prion Diseases,Prion Diseases
gene11172,IL6,Prion Diseases,Prion Diseases
gene11173,C8G,Prion Diseases,Prion Diseases
gene11174,C8B,Prion Diseases,Prion Diseases
gene11175,MAPK1,Prion Diseases,Prion Diseases
gene11176,ATP6V1G1,Vibrio Cholerae Infection,Vibrio Cholerae Infection
gene11177,PDIA4,Vibrio Cholerae Infection,Vibrio Cholerae Infection
gene11178,ADCY9,Vibrio Cholerae Infection,Vibrio Cholerae Infection
gene11179,PRKCB,Vibrio Cholerae Infection,Vibrio Cholerae Infection
gene11180,SLC12A2,Vibrio Cholerae Infection,Vibrio Cholerae Infection
gene11181,SEC61B,Vibrio Cholerae Infection,Vibrio Cholerae Infection
gene11182,PRKCA,Vibrio Cholerae Infection,Vibrio Cholerae Infection
gene11183,TJP2,Vibrio Cholerae Infection,Vibrio Cholerae Infection
gene11184,KDELR3,Vibrio Cholerae Infection,Vibrio Cholerae Infection
gene11185,ATP6V0A1,Vibrio Cholerae Infection,Vibrio Cholerae Infection
gene11186,ATP6V1G2,Vibrio Cholerae Infection,Vibrio Cholerae Infection
gene11187,KDELR2,Vibrio Cholerae Infection,Vibrio Cholerae Infection
gene11188,ATP6V0B,Vibrio Cholerae Infection,Vibrio Cholerae Infection
gene11189,ATP6V1G3,Vibrio Cholerae Infection,Vibrio Cholerae Infection
gene11190,ATP6AP1,Vibrio Cholerae Infection,Vibrio Cholerae Infection
gene11191,PRKCG,Vibrio Cholerae Infection,Vibrio Cholerae Infection
gene11192,CFTR,Vibrio Cholerae Infection,Vibrio Cholerae Infection
gene11193,ATP6V1F,Vibrio Cholerae Infection,Vibrio Cholerae Infection
gene11194,ERO1A,Vibrio Cholerae Infection,Vibrio Cholerae Infection
gene11195,ATP6V0A4,Vibrio Cholerae Infection,Vibrio Cholerae Infection
gene11196,ATP6V0A2,Vibrio Cholerae Infection,Vibrio Cholerae Infection
gene11197,ATP6V0D1,Vibrio Cholerae Infection,Vibrio Cholerae Infection
gene11198,KCNQ1,Vibrio Cholerae Infection,Vibrio Cholerae Infection
gene11199,ARF1,Vibrio Cholerae Infection,Vibrio Cholerae Infection
gene11200,ACTG1,Vibrio Cholerae Infection,Vibrio Cholerae Infection
gene11201,ATP6V0E2,Vibrio Cholerae Infection,Vibrio Cholerae Infection
gene11202,SEC61G,Vibrio Cholerae Infection,Vibrio Cholerae Infection
gene11203,ATP6V1H,Vibrio Cholerae Infection,Vibrio Cholerae Infection
gene11204,PRKX,Vibrio Cholerae Infection,Vibrio Cholerae Infection
gene11205,ATP6V1E2,Vibrio Cholerae Infection,Vibrio Cholerae Infection
gene11206,MUC2,Vibrio Cholerae Infection,Vibrio Cholerae Infection
gene11207,KDELR1,Vibrio Cholerae Infection,Vibrio Cholerae Infection
gene11208,ADCY3,Vibrio Cholerae Infection,Vibrio Cholerae Infection
gene11209,ATP6V0D2,Vibrio Cholerae Infection,Vibrio Cholerae Infection
gene11210,ATP6V0E1,Vibrio Cholerae Infection,Vibrio Cholerae Infection
gene11211,ATP6V1C2,Vibrio Cholerae Infection,Vibrio Cholerae Infection
gene11212,ACTB,Vibrio Cholerae Infection,Vibrio Cholerae Infection
gene11213,TJP1,Vibrio Cholerae Infection,Vibrio Cholerae Infection
gene11214,TCIRG1,Vibrio Cholerae Infection,Vibrio Cholerae Infection
gene11215,PRKACA,Vibrio Cholerae Infection,Vibrio Cholerae Infection
gene11216,PRKACB,Vibrio Cholerae Infection,Vibrio Cholerae Infection
gene11217,PRKACG,Vibrio Cholerae Infection,Vibrio Cholerae Infection
gene11218,GNAS,Vibrio Cholerae Infection,Vibrio Cholerae Infection
gene11219,ATP6V1D,Vibrio Cholerae Infection,Vibrio Cholerae Infection
gene11220,SEC61A2,Vibrio Cholerae Infection,Vibrio Cholerae Infection
gene11221,ATP6V1A,Vibrio Cholerae Infection,Vibrio Cholerae Infection
gene11222,PLCG1,Vibrio Cholerae Infection,Vibrio Cholerae Infection
gene11223,PLCG2,Vibrio Cholerae Infection,Vibrio Cholerae Infection
gene11224,ATP6V1E1,Vibrio Cholerae Infection,Vibrio Cholerae Infection
gene11225,ATP6V1B2,Vibrio Cholerae Infection,Vibrio Cholerae Infection
gene11226,ATP6V1B1,Vibrio Cholerae Infection,Vibrio Cholerae Infection
gene11227,SEC61A1,Vibrio Cholerae Infection,Vibrio Cholerae Infection
gene11228,ATP6V1C1,Vibrio Cholerae Infection,Vibrio Cholerae Infection
gene11229,ATP6V0C,Vibrio Cholerae Infection,Vibrio Cholerae Infection
gene11230,JUN,Epithelial Cell Signaling In Helicobacter Pylori Infection,Epithelial Cell Signaling In Helicobacter Pylori Infection
gene11231,JAM3,Epithelial Cell Signaling In Helicobacter Pylori Infection,Epithelial Cell Signaling In Helicobacter Pylori Infection
gene11232,ATP6V1G1,Epithelial Cell Signaling In Helicobacter Pylori Infection,Epithelial Cell Signaling In Helicobacter Pylori Infection
gene11233,CHUK,Epithelial Cell Signaling In Helicobacter Pylori Infection,Epithelial Cell Signaling In Helicobacter Pylori Infection
gene11234,PTPN11,Epithelial Cell Signaling In Helicobacter Pylori Infection,Epithelial Cell Signaling In Helicobacter Pylori Infection
gene11235,CXCL1,Epithelial Cell Signaling In Helicobacter Pylori Infection,Epithelial Cell Signaling In Helicobacter Pylori Infection
gene11236,MAP2K4,Epithelial Cell Signaling In Helicobacter Pylori Infection,Epithelial Cell Signaling In Helicobacter Pylori Infection
gene11237,CCL5,Epithelial Cell Signaling In Helicobacter Pylori Infection,Epithelial Cell Signaling In Helicobacter Pylori Infection
gene11238,NOD1,Epithelial Cell Signaling In Helicobacter Pylori Infection,Epithelial Cell Signaling In Helicobacter Pylori Infection
gene11239,ADAM17,Epithelial Cell Signaling In Helicobacter Pylori Infection,Epithelial Cell Signaling In Helicobacter Pylori Infection
gene11240,ATP6V0A1,Epithelial Cell Signaling In Helicobacter Pylori Infection,Epithelial Cell Signaling In Helicobacter Pylori Infection
gene11241,ATP6V1G2,Epithelial Cell Signaling In Helicobacter Pylori Infection,Epithelial Cell Signaling In Helicobacter Pylori Infection
gene11242,ATP6V0B,Epithelial Cell Signaling In Helicobacter Pylori Infection,Epithelial Cell Signaling In Helicobacter Pylori Infection
gene11243,ATP6V1G3,Epithelial Cell Signaling In Helicobacter Pylori Infection,Epithelial Cell Signaling In Helicobacter Pylori Infection
gene11244,CXCR2,Epithelial Cell Signaling In Helicobacter Pylori Infection,Epithelial Cell Signaling In Helicobacter Pylori Infection
gene11245,ATP6AP1,Epithelial Cell Signaling In Helicobacter Pylori Infection,Epithelial Cell Signaling In Helicobacter Pylori Infection
gene11246,CXCR1,Epithelial Cell Signaling In Helicobacter Pylori Infection,Epithelial Cell Signaling In Helicobacter Pylori Infection
gene11247,CXCL8,Epithelial Cell Signaling In Helicobacter Pylori Infection,Epithelial Cell Signaling In Helicobacter Pylori Infection
gene11248,F11R,Epithelial Cell Signaling In Helicobacter Pylori Infection,Epithelial Cell Signaling In Helicobacter Pylori Infection
gene11249,MAPK9,Epithelial Cell Signaling In Helicobacter Pylori Infection,Epithelial Cell Signaling In Helicobacter Pylori Infection
gene11250,MAPK10,Epithelial Cell Signaling In Helicobacter Pylori Infection,Epithelial Cell Signaling In Helicobacter Pylori Infection
gene11251,MAPK11,Epithelial Cell Signaling In Helicobacter Pylori Infection,Epithelial Cell Signaling In Helicobacter Pylori Infection
gene11252,MAPK13,Epithelial Cell Signaling In Helicobacter Pylori Infection,Epithelial Cell Signaling In Helicobacter Pylori Infection
gene11253,IKBKB,Epithelial Cell Signaling In Helicobacter Pylori Infection,Epithelial Cell Signaling In Helicobacter Pylori Infection
gene11254,ATP6V1F,Epithelial Cell Signaling In Helicobacter Pylori Infection,Epithelial Cell Signaling In Helicobacter Pylori Infection
gene11255,ATP6V0A4,Epithelial Cell Signaling In Helicobacter Pylori Infection,Epithelial Cell Signaling In Helicobacter Pylori Infection
gene11256,CASP3,Epithelial Cell Signaling In Helicobacter Pylori Infection,Epithelial Cell Signaling In Helicobacter Pylori Infection
gene11257,ATP6V0A2,Epithelial Cell Signaling In Helicobacter Pylori Infection,Epithelial Cell Signaling In Helicobacter Pylori Infection
gene11258,ATP6V0D1,Epithelial Cell Signaling In Helicobacter Pylori Infection,Epithelial Cell Signaling In Helicobacter Pylori Infection
gene11259,NFKB1,Epithelial Cell Signaling In Helicobacter Pylori Infection,Epithelial Cell Signaling In Helicobacter Pylori Infection
gene11260,RAC1,Epithelial Cell Signaling In Helicobacter Pylori Infection,Epithelial Cell Signaling In Helicobacter Pylori Infection
gene11261,NFKBIA,Epithelial Cell Signaling In Helicobacter Pylori Infection,Epithelial Cell Signaling In Helicobacter Pylori Infection
gene11262,JAM2,Epithelial Cell Signaling In Helicobacter Pylori Infection,Epithelial Cell Signaling In Helicobacter Pylori Infection
gene11263,IKBKG,Epithelial Cell Signaling In Helicobacter Pylori Infection,Epithelial Cell Signaling In Helicobacter Pylori Infection
gene11264,MAPK8,Epithelial Cell Signaling In Helicobacter Pylori Infection,Epithelial Cell Signaling In Helicobacter Pylori Infection
gene11265,MAPK14,Epithelial Cell Signaling In Helicobacter Pylori Infection,Epithelial Cell Signaling In Helicobacter Pylori Infection
gene11266,MAPK12,Epithelial Cell Signaling In Helicobacter Pylori Infection,Epithelial Cell Signaling In Helicobacter Pylori Infection
gene11267,EGFR,Epithelial Cell Signaling In Helicobacter Pylori Infection,Epithelial Cell Signaling In Helicobacter Pylori Infection
gene11268,RELA,Epithelial Cell Signaling In Helicobacter Pylori Infection,Epithelial Cell Signaling In Helicobacter Pylori Infection
gene11269,ATP6V0E2,Epithelial Cell Signaling In Helicobacter Pylori Infection,Epithelial Cell Signaling In Helicobacter Pylori Infection
gene11270,ATP6V1H,Epithelial Cell Signaling In Helicobacter Pylori Infection,Epithelial Cell Signaling In Helicobacter Pylori Infection
gene11271,ATP6V1E2,Epithelial Cell Signaling In Helicobacter Pylori Infection,Epithelial Cell Signaling In Helicobacter Pylori Infection
gene11272,PTPRZ1,Epithelial Cell Signaling In Helicobacter Pylori Infection,Epithelial Cell Signaling In Helicobacter Pylori Infection
gene11273,ATP6V0D2,Epithelial Cell Signaling In Helicobacter Pylori Infection,Epithelial Cell Signaling In Helicobacter Pylori Infection
gene11274,MAP3K14,Epithelial Cell Signaling In Helicobacter Pylori Infection,Epithelial Cell Signaling In Helicobacter Pylori Infection
gene11275,ATP6V0E1,Epithelial Cell Signaling In Helicobacter Pylori Infection,Epithelial Cell Signaling In Helicobacter Pylori Infection
gene11276,ATP6V1C2,Epithelial Cell Signaling In Helicobacter Pylori Infection,Epithelial Cell Signaling In Helicobacter Pylori Infection
gene11277,ADAM10,Epithelial Cell Signaling In Helicobacter Pylori Infection,Epithelial Cell Signaling In Helicobacter Pylori Infection
gene11278,TJP1,Epithelial Cell Signaling In Helicobacter Pylori Infection,Epithelial Cell Signaling In Helicobacter Pylori Infection
gene11279,MET,Epithelial Cell Signaling In Helicobacter Pylori Infection,Epithelial Cell Signaling In Helicobacter Pylori Infection
gene11280,CSK,Epithelial Cell Signaling In Helicobacter Pylori Infection,Epithelial Cell Signaling In Helicobacter Pylori Infection
gene11281,SRC,Epithelial Cell Signaling In Helicobacter Pylori Infection,Epithelial Cell Signaling In Helicobacter Pylori Infection
gene11282,TCIRG1,Epithelial Cell Signaling In Helicobacter Pylori Infection,Epithelial Cell Signaling In Helicobacter Pylori Infection
gene11283,IGSF5,Epithelial Cell Signaling In Helicobacter Pylori Infection,Epithelial Cell Signaling In Helicobacter Pylori Infection
gene11284,PAK1,Epithelial Cell Signaling In Helicobacter Pylori Infection,Epithelial Cell Signaling In Helicobacter Pylori Infection
gene11285,GIT1,Epithelial Cell Signaling In Helicobacter Pylori Infection,Epithelial Cell Signaling In Helicobacter Pylori Infection
gene11286,ATP6V1D,Epithelial Cell Signaling In Helicobacter Pylori Infection,Epithelial Cell Signaling In Helicobacter Pylori Infection
gene11287,ATP6V1A,Epithelial Cell Signaling In Helicobacter Pylori Infection,Epithelial Cell Signaling In Helicobacter Pylori Infection
gene11288,PLCG1,Epithelial Cell Signaling In Helicobacter Pylori Infection,Epithelial Cell Signaling In Helicobacter Pylori Infection
gene11289,PLCG2,Epithelial Cell Signaling In Helicobacter Pylori Infection,Epithelial Cell Signaling In Helicobacter Pylori Infection
gene11290,HBEGF,Epithelial Cell Signaling In Helicobacter Pylori Infection,Epithelial Cell Signaling In Helicobacter Pylori Infection
gene11291,ATP6V1E1,Epithelial Cell Signaling In Helicobacter Pylori Infection,Epithelial Cell Signaling In Helicobacter Pylori Infection
gene11292,ATP6V1B2,Epithelial Cell Signaling In Helicobacter Pylori Infection,Epithelial Cell Signaling In Helicobacter Pylori Infection
gene11293,LYN,Epithelial Cell Signaling In Helicobacter Pylori Infection,Epithelial Cell Signaling In Helicobacter Pylori Infection
gene11294,ATP6V1B1,Epithelial Cell Signaling In Helicobacter Pylori Infection,Epithelial Cell Signaling In Helicobacter Pylori Infection
gene11295,CDC42,Epithelial Cell Signaling In Helicobacter Pylori Infection,Epithelial Cell Signaling In Helicobacter Pylori Infection
gene11296,ATP6V1C1,Epithelial Cell Signaling In Helicobacter Pylori Infection,Epithelial Cell Signaling In Helicobacter Pylori Infection
gene11297,ATP6V0C,Epithelial Cell Signaling In Helicobacter Pylori Infection,Epithelial Cell Signaling In Helicobacter Pylori Infection
gene11298,JUN,Leishmania Infection,Leishmania Infection
gene11299,HLA-DOA,Leishmania Infection,Leishmania Infection
gene11300,HLA-DOB,Leishmania Infection,Leishmania Infection
gene11301,PRKCB,Leishmania Infection,Leishmania Infection
gene11302,STAT1,Leishmania Infection,Leishmania Infection
gene11303,ELK1,Leishmania Infection,Leishmania Infection
gene11304,TNF,Leishmania Infection,Leishmania Infection
gene11305,ITGAM,Leishmania Infection,Leishmania Infection
gene11306,ITGA4,Leishmania Infection,Leishmania Infection
gene11307,MYD88,Leishmania Infection,Leishmania Infection
gene11308,FCGR2C,Leishmania Infection,Leishmania Infection
gene11309,FCGR1A,Leishmania Infection,Leishmania Infection
gene11310,HLA-DMB,Leishmania Infection,Leishmania Infection
gene11311,HLA-DMA,Leishmania Infection,Leishmania Infection
gene11312,PTPN6,Leishmania Infection,Leishmania Infection
gene11313,IRAK4,Leishmania Infection,Leishmania Infection
gene11314,IL12B,Leishmania Infection,Leishmania Infection
gene11315,MAPK11,Leishmania Infection,Leishmania Infection
gene11316,NCF4,Leishmania Infection,Leishmania Infection
gene11317,NCF2,Leishmania Infection,Leishmania Infection
gene11318,PTGS2,Leishmania Infection,Leishmania Infection
gene11319,MAPK13,Leishmania Infection,Leishmania Infection
gene11320,IL12A,Leishmania Infection,Leishmania Infection
gene11321,NOS2,Leishmania Infection,Leishmania Infection
gene11322,MAP3K7,Leishmania Infection,Leishmania Infection
gene11323,IL1A,Leishmania Infection,Leishmania Infection
gene11324,JAK1,Leishmania Infection,Leishmania Infection
gene11325,JAK2,Leishmania Infection,Leishmania Infection
gene11326,ITGB1,Leishmania Infection,Leishmania Infection
gene11327,ITGB2,Leishmania Infection,Leishmania Infection
gene11328,CR1,Leishmania Infection,Leishmania Infection
gene11329,MAPK3,Leishmania Infection,Leishmania Infection
gene11330,FCGR3B,Leishmania Infection,Leishmania Infection
gene11331,NFKB1,Leishmania Infection,Leishmania Infection
gene11332,FCGR2A,Leishmania Infection,Leishmania Infection
gene11333,IL10,Leishmania Infection,Leishmania Infection
gene11334,NFKBIB,Leishmania Infection,Leishmania Infection
gene11335,NFKBIA,Leishmania Infection,Leishmania Infection
gene11336,FCGR3A,Leishmania Infection,Leishmania Infection
gene11337,MARCKSL1,Leishmania Infection,Leishmania Infection
gene11338,MAPK1,Leishmania Infection,Leishmania Infection
gene11339,HLA-DRB4,Leishmania Infection,Leishmania Infection
gene11340,HLA-DRB5,Leishmania Infection,Leishmania Infection
gene11341,HLA-DRB3,Leishmania Infection,Leishmania Infection
gene11342,MAPK14,Leishmania Infection,Leishmania Infection
gene11343,MAPK12,Leishmania Infection,Leishmania Infection
gene11344,RELA,Leishmania Infection,Leishmania Infection
gene11345,IFNGR2,Leishmania Infection,Leishmania Infection
gene11346,TRAF6,Leishmania Infection,Leishmania Infection
gene11347,TGFB2,Leishmania Infection,Leishmania Infection
gene11348,TGFB1,Leishmania Infection,Leishmania Infection
gene11349,IFNG,Leishmania Infection,Leishmania Infection
gene11350,IFNGR1,Leishmania Infection,Leishmania Infection
gene11351,TAB2,Leishmania Infection,Leishmania Infection
gene11352,IL1B,Leishmania Infection,Leishmania Infection
gene11353,IRAK1,Leishmania Infection,Leishmania Infection
gene11354,TGFB3,Leishmania Infection,Leishmania Infection
gene11355,HLA-DPA1,Leishmania Infection,Leishmania Infection
gene11356,HLA-DPB1,Leishmania Infection,Leishmania Infection
gene11357,HLA-DQA1,Leishmania Infection,Leishmania Infection
gene11358,HLA-DQA2,Leishmania Infection,Leishmania Infection
gene11359,HLA-DQB1,Leishmania Infection,Leishmania Infection
gene11360,C3,Leishmania Infection,Leishmania Infection
gene11361,NCF1,Leishmania Infection,Leishmania Infection
gene11362,TLR4,Leishmania Infection,Leishmania Infection
gene11363,TAB1,Leishmania Infection,Leishmania Infection
gene11364,IL4,Leishmania Infection,Leishmania Infection
gene11365,TLR2,Leishmania Infection,Leishmania Infection
gene11366,FOS,Leishmania Infection,Leishmania Infection
gene11367,CYBA,Leishmania Infection,Leishmania Infection
gene11368,HLA-DRB1,Leishmania Infection,Leishmania Infection
gene11369,HLA-DRA,Leishmania Infection,Leishmania Infection
gene11370,JUN,Pathways In Cancer,Pathways In Cancer
gene11371,STAT3,Pathways In Cancer,Pathways In Cancer
gene11372,TFG,Pathways In Cancer,Pathways In Cancer
gene11373,STAT1,Pathways In Cancer,Pathways In Cancer
gene11374,HGF,Pathways In Cancer,Pathways In Cancer
gene11375,BIRC5,Pathways In Cancer,Pathways In Cancer
gene11376,FN1,Pathways In Cancer,Pathways In Cancer
gene11377,BIRC3,Pathways In Cancer,Pathways In Cancer
gene11378,IGF1,Pathways In Cancer,Pathways In Cancer
gene11379,XIAP,Pathways In Cancer,Pathways In Cancer
gene11380,PML,Pathways In Cancer,Pathways In Cancer
gene11381,JUP,Pathways In Cancer,Pathways In Cancer
gene11382,HHIP,Pathways In Cancer,Pathways In Cancer
gene11383,IGF1R,Pathways In Cancer,Pathways In Cancer
gene11384,FZD1,Pathways In Cancer,Pathways In Cancer
gene11385,FZD4,Pathways In Cancer,Pathways In Cancer
gene11386,GSTP1,Pathways In Cancer,Pathways In Cancer
gene11387,FZD6,Pathways In Cancer,Pathways In Cancer
gene11388,FZD7,Pathways In Cancer,Pathways In Cancer
gene11389,FZD8,Pathways In Cancer,Pathways In Cancer
gene11390,LEF1,Pathways In Cancer,Pathways In Cancer
gene11391,FZD9,Pathways In Cancer,Pathways In Cancer
gene11392,MSH6,Pathways In Cancer,Pathways In Cancer
gene11393,PGF,Pathways In Cancer,Pathways In Cancer
gene11394,CTBP2,Pathways In Cancer,Pathways In Cancer
gene11395,CTBP1,Pathways In Cancer,Pathways In Cancer
gene11396,WNT9B,Pathways In Cancer,Pathways In Cancer
gene11397,PTK2,Pathways In Cancer,Pathways In Cancer
gene11398,WNT9A,Pathways In Cancer,Pathways In Cancer
gene11399,PTGS2,Pathways In Cancer,Pathways In Cancer
gene11400,HIF1A,Pathways In Cancer,Pathways In Cancer
gene11401,FLT3,Pathways In Cancer,Pathways In Cancer
gene11402,FLT3LG,Pathways In Cancer,Pathways In Cancer
gene11403,ABL1,Pathways In Cancer,Pathways In Cancer
gene11404,WNT2B,Pathways In Cancer,Pathways In Cancer
gene11405,JAK1,Pathways In Cancer,Pathways In Cancer
gene11406,WNT11,Pathways In Cancer,Pathways In Cancer
gene11407,AKT1,Pathways In Cancer,Pathways In Cancer
gene11408,WNT10B,Pathways In Cancer,Pathways In Cancer
gene11409,AKT2,Pathways In Cancer,Pathways In Cancer
gene11410,LAMC2,Pathways In Cancer,Pathways In Cancer
gene11411,SMO,Pathways In Cancer,Pathways In Cancer
gene11412,NRAS,Pathways In Cancer,Pathways In Cancer
gene11413,LAMB2,Pathways In Cancer,Pathways In Cancer
gene11414,ARNT,Pathways In Cancer,Pathways In Cancer
gene11415,TPR,Pathways In Cancer,Pathways In Cancer
gene11416,LAMB3,Pathways In Cancer,Pathways In Cancer
gene11417,AXIN1,Pathways In Cancer,Pathways In Cancer
gene11418,LAMC1,Pathways In Cancer,Pathways In Cancer
gene11419,AXIN2,Pathways In Cancer,Pathways In Cancer
gene11420,STAT5B,Pathways In Cancer,Pathways In Cancer
gene11421,STAT5A,Pathways In Cancer,Pathways In Cancer
gene11422,LAMA4,Pathways In Cancer,Pathways In Cancer
gene11423,LAMA5,Pathways In Cancer,Pathways In Cancer
gene11424,NFKB2,Pathways In Cancer,Pathways In Cancer
gene11425,LAMB1,Pathways In Cancer,Pathways In Cancer
gene11426,NFKB1,Pathways In Cancer,Pathways In Cancer
gene11427,CTNNA1,Pathways In Cancer,Pathways In Cancer
gene11428,NFKBIA,Pathways In Cancer,Pathways In Cancer
gene11429,TPM3,Pathways In Cancer,Pathways In Cancer
gene11430,MYC,Pathways In Cancer,Pathways In Cancer
gene11431,PIK3R5,Pathways In Cancer,Pathways In Cancer
gene11432,CSF1R,Pathways In Cancer,Pathways In Cancer
gene11433,SHH,Pathways In Cancer,Pathways In Cancer
gene11434,LAMB4,Pathways In Cancer,Pathways In Cancer
gene11435,CCDC6,Pathways In Cancer,Pathways In Cancer
gene11436,NCOA4,Pathways In Cancer,Pathways In Cancer
gene11437,KRAS,Pathways In Cancer,Pathways In Cancer
gene11438,CSF2RA,Pathways In Cancer,Pathways In Cancer
gene11439,TRAF6,Pathways In Cancer,Pathways In Cancer
gene11440,TGFB2,Pathways In Cancer,Pathways In Cancer
gene11441,TRAF5,Pathways In Cancer,Pathways In Cancer
gene11442,TRAF3,Pathways In Cancer,Pathways In Cancer
gene11443,TGFB1,Pathways In Cancer,Pathways In Cancer
gene11444,TRAF2,Pathways In Cancer,Pathways In Cancer
gene11445,RBX1,Pathways In Cancer,Pathways In Cancer
gene11446,TGFBR2,Pathways In Cancer,Pathways In Cancer
gene11447,TRAF1,Pathways In Cancer,Pathways In Cancer
gene11448,TGFBR1,Pathways In Cancer,Pathways In Cancer
gene11449,HSP90B1,Pathways In Cancer,Pathways In Cancer
gene11450,MET,Pathways In Cancer,Pathways In Cancer
gene11451,TGFB3,Pathways In Cancer,Pathways In Cancer
gene11452,RALB,Pathways In Cancer,Pathways In Cancer
gene11453,RALA,Pathways In Cancer,Pathways In Cancer
gene11454,FOXO1,Pathways In Cancer,Pathways In Cancer
gene11455,CSF3R,Pathways In Cancer,Pathways In Cancer
gene11456,BIRC2,Pathways In Cancer,Pathways In Cancer
gene11457,APC,Pathways In Cancer,Pathways In Cancer
gene11458,SUFU,Pathways In Cancer,Pathways In Cancer
gene11459,PIAS4,Pathways In Cancer,Pathways In Cancer
gene11460,LAMC3,Pathways In Cancer,Pathways In Cancer
gene11461,CBLC,Pathways In Cancer,Pathways In Cancer
gene11462,WNT16,Pathways In Cancer,Pathways In Cancer
gene11463,PLCG1,Pathways In Cancer,Pathways In Cancer
gene11464,PLCG2,Pathways In Cancer,Pathways In Cancer
gene11465,PLD1,Pathways In Cancer,Pathways In Cancer
gene11466,BCR,Pathways In Cancer,Pathways In Cancer
gene11467,PAX8,Pathways In Cancer,Pathways In Cancer
gene11468,CASP9,Pathways In Cancer,Pathways In Cancer
gene11469,MAX,Pathways In Cancer,Pathways In Cancer
gene11470,CASP8,Pathways In Cancer,Pathways In Cancer
gene11471,RARB,Pathways In Cancer,Pathways In Cancer
gene11472,FGF9,Pathways In Cancer,Pathways In Cancer
gene11473,RARA,Pathways In Cancer,Pathways In Cancer
gene11474,FGF8,Pathways In Cancer,Pathways In Cancer
gene11475,FGF7,Pathways In Cancer,Pathways In Cancer
gene11476,FGF6,Pathways In Cancer,Pathways In Cancer
gene11477,FGF5,Pathways In Cancer,Pathways In Cancer
gene11478,MTOR,Pathways In Cancer,Pathways In Cancer
gene11479,FGF3,Pathways In Cancer,Pathways In Cancer
gene11480,FGF4,Pathways In Cancer,Pathways In Cancer
gene11481,KITLG,Pathways In Cancer,Pathways In Cancer
gene11482,FGF1,Pathways In Cancer,Pathways In Cancer
gene11483,PTCH2,Pathways In Cancer,Pathways In Cancer
gene11484,FGF2,Pathways In Cancer,Pathways In Cancer
gene11485,FGF21,Pathways In Cancer,Pathways In Cancer
gene11486,BAD,Pathways In Cancer,Pathways In Cancer
gene11487,MAPK9,Pathways In Cancer,Pathways In Cancer
gene11488,MAPK10,Pathways In Cancer,Pathways In Cancer
gene11489,WNT3A,Pathways In Cancer,Pathways In Cancer
gene11490,MAP2K2,Pathways In Cancer,Pathways In Cancer
gene11491,MECOM,Pathways In Cancer,Pathways In Cancer
gene11492,NOS2,Pathways In Cancer,Pathways In Cancer
gene11493,BAX,Pathways In Cancer,Pathways In Cancer
gene11494,MAP2K1,Pathways In Cancer,Pathways In Cancer
gene11495,FGFR2,Pathways In Cancer,Pathways In Cancer
gene11496,FZD3,Pathways In Cancer,Pathways In Cancer
gene11497,KIT,Pathways In Cancer,Pathways In Cancer
gene11498,RB1,Pathways In Cancer,Pathways In Cancer
gene11499,CASP3,Pathways In Cancer,Pathways In Cancer
gene11500,FGFR3,Pathways In Cancer,Pathways In Cancer
gene11501,PIAS2,Pathways In Cancer,Pathways In Cancer
gene11502,FGFR1,Pathways In Cancer,Pathways In Cancer
gene11503,FGF14,Pathways In Cancer,Pathways In Cancer
gene11504,FGF17,Pathways In Cancer,Pathways In Cancer
gene11505,FGF16,Pathways In Cancer,Pathways In Cancer
gene11506,FGF10,Pathways In Cancer,Pathways In Cancer
gene11507,CUL2,Pathways In Cancer,Pathways In Cancer
gene11508,GRB2,Pathways In Cancer,Pathways In Cancer
gene11509,FGF11,Pathways In Cancer,Pathways In Cancer
gene11510,FGF12,Pathways In Cancer,Pathways In Cancer
gene11511,WNT10A,Pathways In Cancer,Pathways In Cancer
gene11512,FGF13,Pathways In Cancer,Pathways In Cancer
gene11513,WNT4,Pathways In Cancer,Pathways In Cancer
gene11514,SMAD3,Pathways In Cancer,Pathways In Cancer
gene11515,ETS1,Pathways In Cancer,Pathways In Cancer
gene11516,SMAD4,Pathways In Cancer,Pathways In Cancer
gene11517,SMAD2,Pathways In Cancer,Pathways In Cancer
gene11518,RUNX1,Pathways In Cancer,Pathways In Cancer
gene11519,IKBKG,Pathways In Cancer,Pathways In Cancer
gene11520,HRAS,Pathways In Cancer,Pathways In Cancer
gene11521,WNT1,Pathways In Cancer,Pathways In Cancer
gene11522,RUNX1T1,Pathways In Cancer,Pathways In Cancer
gene11523,WNT7A,Pathways In Cancer,Pathways In Cancer
gene11524,CBLB,Pathways In Cancer,Pathways In Cancer
gene11525,WNT7B,Pathways In Cancer,Pathways In Cancer
gene11526,CBL,Pathways In Cancer,Pathways In Cancer
gene11527,WNT8A,Pathways In Cancer,Pathways In Cancer
gene11528,WNT8B,Pathways In Cancer,Pathways In Cancer
gene11529,WNT2,Pathways In Cancer,Pathways In Cancer
gene11530,CTNNA2,Pathways In Cancer,Pathways In Cancer
gene11531,FGF23,Pathways In Cancer,Pathways In Cancer
gene11532,WNT3,Pathways In Cancer,Pathways In Cancer
gene11533,RASSF5,Pathways In Cancer,Pathways In Cancer
gene11534,WNT5A,Pathways In Cancer,Pathways In Cancer
gene11535,WNT6,Pathways In Cancer,Pathways In Cancer
gene11536,CTNNB1,Pathways In Cancer,Pathways In Cancer
gene11537,CCNA1,Pathways In Cancer,Pathways In Cancer
gene11538,FGF18,Pathways In Cancer,Pathways In Cancer
gene11539,STK4,Pathways In Cancer,Pathways In Cancer
gene11540,STK36,Pathways In Cancer,Pathways In Cancer
gene11541,FZD10,Pathways In Cancer,Pathways In Cancer
gene11542,FZD5,Pathways In Cancer,Pathways In Cancer
gene11543,PTEN,Pathways In Cancer,Pathways In Cancer
gene11544,PIK3R3,Pathways In Cancer,Pathways In Cancer
gene11545,TCF7L1,Pathways In Cancer,Pathways In Cancer
gene11546,RALGDS,Pathways In Cancer,Pathways In Cancer
gene11547,PTCH1,Pathways In Cancer,Pathways In Cancer
gene11548,MITF,Pathways In Cancer,Pathways In Cancer
gene11549,CTNNA3,Pathways In Cancer,Pathways In Cancer
gene11550,FOS,Pathways In Cancer,Pathways In Cancer
gene11551,LAMA1,Pathways In Cancer,Pathways In Cancer
gene11552,PIAS3,Pathways In Cancer,Pathways In Cancer
gene11553,NKX3-1,Pathways In Cancer,Pathways In Cancer
gene11554,ITGA3,Pathways In Cancer,Pathways In Cancer
gene11555,APC2,Pathways In Cancer,Pathways In Cancer
gene11556,ITGA2B,Pathways In Cancer,Pathways In Cancer
gene11557,CREBBP,Pathways In Cancer,Pathways In Cancer
gene11558,COL4A6,Pathways In Cancer,Pathways In Cancer
gene11559,PDGFRB,Pathways In Cancer,Pathways In Cancer
gene11560,MMP2,Pathways In Cancer,Pathways In Cancer
gene11561,BRCA2,Pathways In Cancer,Pathways In Cancer
gene11562,COL4A1,Pathways In Cancer,Pathways In Cancer
gene11563,MMP1,Pathways In Cancer,Pathways In Cancer
gene11564,BRAF,Pathways In Cancer,Pathways In Cancer
gene11565,COL4A2,Pathways In Cancer,Pathways In Cancer
gene11566,MMP9,Pathways In Cancer,Pathways In Cancer
gene11567,MLH1,Pathways In Cancer,Pathways In Cancer
gene11568,COL4A4,Pathways In Cancer,Pathways In Cancer
gene11569,SPI1,Pathways In Cancer,Pathways In Cancer
gene11570,IKBKB,Pathways In Cancer,Pathways In Cancer
gene11571,MDM2,Pathways In Cancer,Pathways In Cancer
gene11572,ARNT2,Pathways In Cancer,Pathways In Cancer
gene11573,ITGAV,Pathways In Cancer,Pathways In Cancer
gene11574,ITGB1,Pathways In Cancer,Pathways In Cancer
gene11575,AKT3,Pathways In Cancer,Pathways In Cancer
gene11576,EGLN2,Pathways In Cancer,Pathways In Cancer
gene11577,DAPK3,Pathways In Cancer,Pathways In Cancer
gene11578,EGLN3,Pathways In Cancer,Pathways In Cancer
gene11579,DAPK1,Pathways In Cancer,Pathways In Cancer
gene11580,PIAS1,Pathways In Cancer,Pathways In Cancer
gene11581,FGF20,Pathways In Cancer,Pathways In Cancer
gene11582,RELA,Pathways In Cancer,Pathways In Cancer
gene11583,APPL1,Pathways In Cancer,Pathways In Cancer
gene11584,FH,Pathways In Cancer,Pathways In Cancer
gene11585,VEGFA,Pathways In Cancer,Pathways In Cancer
gene11586,HSP90AA1,Pathways In Cancer,Pathways In Cancer
gene11587,VEGFC,Pathways In Cancer,Pathways In Cancer
gene11588,VEGFB,Pathways In Cancer,Pathways In Cancer
gene11589,WNT5B,Pathways In Cancer,Pathways In Cancer
gene11590,CCND1,Pathways In Cancer,Pathways In Cancer
gene11591,TRAF4,Pathways In Cancer,Pathways In Cancer
gene11592,BCL2,Pathways In Cancer,Pathways In Cancer
gene11593,PDGFA,Pathways In Cancer,Pathways In Cancer
gene11594,FGF22,Pathways In Cancer,Pathways In Cancer
gene11595,PDGFB,Pathways In Cancer,Pathways In Cancer
gene11596,BCL2L1,Pathways In Cancer,Pathways In Cancer
gene11597,PDGFRA,Pathways In Cancer,Pathways In Cancer
gene11598,MSH2,Pathways In Cancer,Pathways In Cancer
gene11599,VHL,Pathways In Cancer,Pathways In Cancer
gene11600,VEGFD,Pathways In Cancer,Pathways In Cancer
gene11601,RALBP1,Pathways In Cancer,Pathways In Cancer
gene11602,HSP90AB1,Pathways In Cancer,Pathways In Cancer
gene11603,MSH3,Pathways In Cancer,Pathways In Cancer
gene11604,CRK,Pathways In Cancer,Pathways In Cancer
gene11605,CYCS,Pathways In Cancer,Pathways In Cancer
gene11606,CRKL,Pathways In Cancer,Pathways In Cancer
gene11607,CCNE1,Pathways In Cancer,Pathways In Cancer
gene11608,DCC,Pathways In Cancer,Pathways In Cancer
gene11609,CDC42,Pathways In Cancer,Pathways In Cancer
gene11610,CDH1,Pathways In Cancer,Pathways In Cancer
gene11611,SOS2,Pathways In Cancer,Pathways In Cancer
gene11612,E2F1,Pathways In Cancer,Pathways In Cancer
gene11613,CHUK,Pathways In Cancer,Pathways In Cancer
gene11614,ZBTB16,Pathways In Cancer,Pathways In Cancer
gene11615,RAF1,Pathways In Cancer,Pathways In Cancer
gene11616,PRKCB,Pathways In Cancer,Pathways In Cancer
gene11617,PRKCA,Pathways In Cancer,Pathways In Cancer
gene11618,SLC2A1,Pathways In Cancer,Pathways In Cancer
gene11619,CEBPA,Pathways In Cancer,Pathways In Cancer
gene11620,FADD,Pathways In Cancer,Pathways In Cancer
gene11621,RHOA,Pathways In Cancer,Pathways In Cancer
gene11622,RAD51,Pathways In Cancer,Pathways In Cancer
gene11623,ELOC,Pathways In Cancer,Pathways In Cancer
gene11624,PRKCG,Pathways In Cancer,Pathways In Cancer
gene11625,ELOB,Pathways In Cancer,Pathways In Cancer
gene11626,CXCL8,Pathways In Cancer,Pathways In Cancer
gene11627,RAC2,Pathways In Cancer,Pathways In Cancer
gene11628,DVL3,Pathways In Cancer,Pathways In Cancer
gene11629,ERBB2,Pathways In Cancer,Pathways In Cancer
gene11630,DVL2,Pathways In Cancer,Pathways In Cancer
gene11631,BID,Pathways In Cancer,Pathways In Cancer
gene11632,TGFA,Pathways In Cancer,Pathways In Cancer
gene11633,RAC3,Pathways In Cancer,Pathways In Cancer
gene11634,RXRB,Pathways In Cancer,Pathways In Cancer
gene11635,RXRG,Pathways In Cancer,Pathways In Cancer
gene11636,RXRA,Pathways In Cancer,Pathways In Cancer
gene11637,RASSF1,Pathways In Cancer,Pathways In Cancer
gene11638,DVL1,Pathways In Cancer,Pathways In Cancer
gene11639,SKP2,Pathways In Cancer,Pathways In Cancer
gene11640,RET,Pathways In Cancer,Pathways In Cancer
gene11641,MAPK3,Pathways In Cancer,Pathways In Cancer
gene11642,TCF7,Pathways In Cancer,Pathways In Cancer
gene11643,DAPK2,Pathways In Cancer,Pathways In Cancer
gene11644,FGF19,Pathways In Cancer,Pathways In Cancer
gene11645,RAC1,Pathways In Cancer,Pathways In Cancer
gene11646,SOS1,Pathways In Cancer,Pathways In Cancer
gene11647,TCF7L2,Pathways In Cancer,Pathways In Cancer
gene11648,MAPK1,Pathways In Cancer,Pathways In Cancer
gene11649,MAPK8,Pathways In Cancer,Pathways In Cancer
gene11650,EGFR,Pathways In Cancer,Pathways In Cancer
gene11651,EP300,Pathways In Cancer,Pathways In Cancer
gene11652,EPAS1,Pathways In Cancer,Pathways In Cancer
gene11653,GSK3B,Pathways In Cancer,Pathways In Cancer
gene11654,CDKN2A,Pathways In Cancer,Pathways In Cancer
gene11655,CDKN1B,Pathways In Cancer,Pathways In Cancer
gene11656,CDKN1A,Pathways In Cancer,Pathways In Cancer
gene11657,EGF,Pathways In Cancer,Pathways In Cancer
gene11658,LAMA3,Pathways In Cancer,Pathways In Cancer
gene11659,LAMA2,Pathways In Cancer,Pathways In Cancer
gene11660,CDKN2B,Pathways In Cancer,Pathways In Cancer
gene11661,ARAF,Pathways In Cancer,Pathways In Cancer
gene11662,AR,Pathways In Cancer,Pathways In Cancer
gene11663,ITGA6,Pathways In Cancer,Pathways In Cancer
gene11664,ITGA2,Pathways In Cancer,Pathways In Cancer
gene11665,GLI1,Pathways In Cancer,Pathways In Cancer
gene11666,EGLN1,Pathways In Cancer,Pathways In Cancer
gene11667,CDK2,Pathways In Cancer,Pathways In Cancer
gene11668,BMP4,Pathways In Cancer,Pathways In Cancer
gene11669,CDK4,Pathways In Cancer,Pathways In Cancer
gene11670,BMP2,Pathways In Cancer,Pathways In Cancer
gene11671,GLI2,Pathways In Cancer,Pathways In Cancer
gene11672,PPARG,Pathways In Cancer,Pathways In Cancer
gene11673,GLI3,Pathways In Cancer,Pathways In Cancer
gene11674,PPARD,Pathways In Cancer,Pathways In Cancer
gene11675,TP53,Pathways In Cancer,Pathways In Cancer
gene11676,E2F3,Pathways In Cancer,Pathways In Cancer
gene11677,E2F2,Pathways In Cancer,Pathways In Cancer
gene11678,PIK3CA,Pathways In Cancer,Pathways In Cancer
gene11679,PIK3CB,Pathways In Cancer,Pathways In Cancer
gene11680,CCNE2,Pathways In Cancer,Pathways In Cancer
gene11681,CDK6,Pathways In Cancer,Pathways In Cancer
gene11682,FAS,Pathways In Cancer,Pathways In Cancer
gene11683,KLK3,Pathways In Cancer,Pathways In Cancer
gene11684,PIK3CD,Pathways In Cancer,Pathways In Cancer
gene11685,FASLG,Pathways In Cancer,Pathways In Cancer
gene11686,FZD2,Pathways In Cancer,Pathways In Cancer
gene11687,HDAC1,Pathways In Cancer,Pathways In Cancer
gene11688,HDAC2,Pathways In Cancer,Pathways In Cancer
gene11689,PIK3CG,Pathways In Cancer,Pathways In Cancer
gene11690,CKS1B,Pathways In Cancer,Pathways In Cancer
gene11691,IL6,Pathways In Cancer,Pathways In Cancer
gene11692,NTRK1,Pathways In Cancer,Pathways In Cancer
gene11693,PIK3R1,Pathways In Cancer,Pathways In Cancer
gene11694,PIK3R2,Pathways In Cancer,Pathways In Cancer
gene11695,JUN,Colorectal Cancer,Colorectal Cancer
gene11696,CASP9,Colorectal Cancer,Colorectal Cancer
gene11697,RAF1,Colorectal Cancer,Colorectal Cancer
gene11698,BIRC5,Colorectal Cancer,Colorectal Cancer
gene11699,APC2,Colorectal Cancer,Colorectal Cancer
gene11700,RHOA,Colorectal Cancer,Colorectal Cancer
gene11701,LEF1,Colorectal Cancer,Colorectal Cancer
gene11702,MSH6,Colorectal Cancer,Colorectal Cancer
gene11703,BAD,Colorectal Cancer,Colorectal Cancer
gene11704,MAPK9,Colorectal Cancer,Colorectal Cancer
gene11705,MAPK10,Colorectal Cancer,Colorectal Cancer
gene11706,RAC2,Colorectal Cancer,Colorectal Cancer
gene11707,RAC3,Colorectal Cancer,Colorectal Cancer
gene11708,BRAF,Colorectal Cancer,Colorectal Cancer
gene11709,MLH1,Colorectal Cancer,Colorectal Cancer
gene11710,MAP2K1,Colorectal Cancer,Colorectal Cancer
gene11711,BAX,Colorectal Cancer,Colorectal Cancer
gene11712,AKT1,Colorectal Cancer,Colorectal Cancer
gene11713,CASP3,Colorectal Cancer,Colorectal Cancer
gene11714,AKT2,Colorectal Cancer,Colorectal Cancer
gene11715,AKT3,Colorectal Cancer,Colorectal Cancer
gene11716,AXIN1,Colorectal Cancer,Colorectal Cancer
gene11717,AXIN2,Colorectal Cancer,Colorectal Cancer
gene11718,SMAD3,Colorectal Cancer,Colorectal Cancer
gene11719,MAPK3,Colorectal Cancer,Colorectal Cancer
gene11720,SMAD4,Colorectal Cancer,Colorectal Cancer
gene11721,TCF7,Colorectal Cancer,Colorectal Cancer
gene11722,RAC1,Colorectal Cancer,Colorectal Cancer
gene11723,MYC,Colorectal Cancer,Colorectal Cancer
gene11724,TCF7L2,Colorectal Cancer,Colorectal Cancer
gene11725,SMAD2,Colorectal Cancer,Colorectal Cancer
gene11726,MAPK1,Colorectal Cancer,Colorectal Cancer
gene11727,PIK3R5,Colorectal Cancer,Colorectal Cancer
gene11728,MAPK8,Colorectal Cancer,Colorectal Cancer
gene11729,APPL1,Colorectal Cancer,Colorectal Cancer
gene11730,GSK3B,Colorectal Cancer,Colorectal Cancer
gene11731,KRAS,Colorectal Cancer,Colorectal Cancer
gene11732,CTNNB1,Colorectal Cancer,Colorectal Cancer
gene11733,TGFB2,Colorectal Cancer,Colorectal Cancer
gene11734,TGFB1,Colorectal Cancer,Colorectal Cancer
gene11735,ARAF,Colorectal Cancer,Colorectal Cancer
gene11736,TGFBR2,Colorectal Cancer,Colorectal Cancer
gene11737,TGFBR1,Colorectal Cancer,Colorectal Cancer
gene11738,TGFB3,Colorectal Cancer,Colorectal Cancer
gene11739,CCND1,Colorectal Cancer,Colorectal Cancer
gene11740,PIK3R3,Colorectal Cancer,Colorectal Cancer
gene11741,BCL2,Colorectal Cancer,Colorectal Cancer
gene11742,TCF7L1,Colorectal Cancer,Colorectal Cancer
gene11743,MSH2,Colorectal Cancer,Colorectal Cancer
gene11744,APC,Colorectal Cancer,Colorectal Cancer
gene11745,RALGDS,Colorectal Cancer,Colorectal Cancer
gene11746,TP53,Colorectal Cancer,Colorectal Cancer
gene11747,MSH3,Colorectal Cancer,Colorectal Cancer
gene11748,PIK3CA,Colorectal Cancer,Colorectal Cancer
gene11749,PIK3CB,Colorectal Cancer,Colorectal Cancer
gene11750,CYCS,Colorectal Cancer,Colorectal Cancer
gene11751,PIK3CD,Colorectal Cancer,Colorectal Cancer
gene11752,FOS,Colorectal Cancer,Colorectal Cancer
gene11753,PIK3CG,Colorectal Cancer,Colorectal Cancer
gene11754,DCC,Colorectal Cancer,Colorectal Cancer
gene11755,PIK3R1,Colorectal Cancer,Colorectal Cancer
gene11756,PIK3R2,Colorectal Cancer,Colorectal Cancer
gene11757,JUN,Renal Cell Carcinoma,Renal Cell Carcinoma
gene11758,SOS2,Renal Cell Carcinoma,Renal Cell Carcinoma
gene11759,PAK3,Renal Cell Carcinoma,Renal Cell Carcinoma
gene11760,PTPN11,Renal Cell Carcinoma,Renal Cell Carcinoma
gene11761,RAF1,Renal Cell Carcinoma,Renal Cell Carcinoma
gene11762,HGF,Renal Cell Carcinoma,Renal Cell Carcinoma
gene11763,PAK2,Renal Cell Carcinoma,Renal Cell Carcinoma
gene11764,SLC2A1,Renal Cell Carcinoma,Renal Cell Carcinoma
gene11765,PAK4,Renal Cell Carcinoma,Renal Cell Carcinoma
gene11766,CREBBP,Renal Cell Carcinoma,Renal Cell Carcinoma
gene11767,ELOC,Renal Cell Carcinoma,Renal Cell Carcinoma
gene11768,ELOB,Renal Cell Carcinoma,Renal Cell Carcinoma
gene11769,PGF,Renal Cell Carcinoma,Renal Cell Carcinoma
gene11770,MAP2K2,Renal Cell Carcinoma,Renal Cell Carcinoma
gene11771,TGFA,Renal Cell Carcinoma,Renal Cell Carcinoma
gene11772,BRAF,Renal Cell Carcinoma,Renal Cell Carcinoma
gene11773,FLCN,Renal Cell Carcinoma,Renal Cell Carcinoma
gene11774,MAP2K1,Renal Cell Carcinoma,Renal Cell Carcinoma
gene11775,HIF1A,Renal Cell Carcinoma,Renal Cell Carcinoma
gene11776,AKT1,Renal Cell Carcinoma,Renal Cell Carcinoma
gene11777,ARNT2,Renal Cell Carcinoma,Renal Cell Carcinoma
gene11778,AKT2,Renal Cell Carcinoma,Renal Cell Carcinoma
gene11779,RAPGEF1,Renal Cell Carcinoma,Renal Cell Carcinoma
gene11780,AKT3,Renal Cell Carcinoma,Renal Cell Carcinoma
gene11781,NRAS,Renal Cell Carcinoma,Renal Cell Carcinoma
gene11782,ARNT,Renal Cell Carcinoma,Renal Cell Carcinoma
gene11783,CUL2,Renal Cell Carcinoma,Renal Cell Carcinoma
gene11784,GRB2,Renal Cell Carcinoma,Renal Cell Carcinoma
gene11785,MAPK3,Renal Cell Carcinoma,Renal Cell Carcinoma
gene11786,ETS1,Renal Cell Carcinoma,Renal Cell Carcinoma
gene11787,EGLN2,Renal Cell Carcinoma,Renal Cell Carcinoma
gene11788,EGLN3,Renal Cell Carcinoma,Renal Cell Carcinoma
gene11789,PAK6,Renal Cell Carcinoma,Renal Cell Carcinoma
gene11790,RAC1,Renal Cell Carcinoma,Renal Cell Carcinoma
gene11791,SOS1,Renal Cell Carcinoma,Renal Cell Carcinoma
gene11792,MAPK1,Renal Cell Carcinoma,Renal Cell Carcinoma
gene11793,PIK3R5,Renal Cell Carcinoma,Renal Cell Carcinoma
gene11794,HRAS,Renal Cell Carcinoma,Renal Cell Carcinoma
gene11795,EP300,Renal Cell Carcinoma,Renal Cell Carcinoma
gene11796,EPAS1,Renal Cell Carcinoma,Renal Cell Carcinoma
gene11797,KRAS,Renal Cell Carcinoma,Renal Cell Carcinoma
gene11798,TGFB2,Renal Cell Carcinoma,Renal Cell Carcinoma
gene11799,TGFB1,Renal Cell Carcinoma,Renal Cell Carcinoma
gene11800,FH,Renal Cell Carcinoma,Renal Cell Carcinoma
gene11801,VEGFA,Renal Cell Carcinoma,Renal Cell Carcinoma
gene11802,ARAF,Renal Cell Carcinoma,Renal Cell Carcinoma
gene11803,VEGFC,Renal Cell Carcinoma,Renal Cell Carcinoma
gene11804,VEGFB,Renal Cell Carcinoma,Renal Cell Carcinoma
gene11805,RBX1,Renal Cell Carcinoma,Renal Cell Carcinoma
gene11806,MET,Renal Cell Carcinoma,Renal Cell Carcinoma
gene11807,TGFB3,Renal Cell Carcinoma,Renal Cell Carcinoma
gene11808,PAK5,Renal Cell Carcinoma,Renal Cell Carcinoma
gene11809,RAP1A,Renal Cell Carcinoma,Renal Cell Carcinoma
gene11810,PIK3R3,Renal Cell Carcinoma,Renal Cell Carcinoma
gene11811,RAP1B,Renal Cell Carcinoma,Renal Cell Carcinoma
gene11812,PDGFB,Renal Cell Carcinoma,Renal Cell Carcinoma
gene11813,EGLN1,Renal Cell Carcinoma,Renal Cell Carcinoma
gene11814,VHL,Renal Cell Carcinoma,Renal Cell Carcinoma
gene11815,PAK1,Renal Cell Carcinoma,Renal Cell Carcinoma
gene11816,VEGFD,Renal Cell Carcinoma,Renal Cell Carcinoma
gene11817,CRK,Renal Cell Carcinoma,Renal Cell Carcinoma
gene11818,PIK3CA,Renal Cell Carcinoma,Renal Cell Carcinoma
gene11819,PIK3CB,Renal Cell Carcinoma,Renal Cell Carcinoma
gene11820,CRKL,Renal Cell Carcinoma,Renal Cell Carcinoma
gene11821,PIK3CD,Renal Cell Carcinoma,Renal Cell Carcinoma
gene11822,GAB1,Renal Cell Carcinoma,Renal Cell Carcinoma
gene11823,PIK3CG,Renal Cell Carcinoma,Renal Cell Carcinoma
gene11824,PIK3R1,Renal Cell Carcinoma,Renal Cell Carcinoma
gene11825,CDC42,Renal Cell Carcinoma,Renal Cell Carcinoma
gene11826,PIK3R2,Renal Cell Carcinoma,Renal Cell Carcinoma
gene11827,CASP9,Pancreatic Cancer,Pancreatic Cancer
gene11828,E2F1,Pancreatic Cancer,Pancreatic Cancer
gene11829,STAT3,Pancreatic Cancer,Pancreatic Cancer
gene11830,CHUK,Pancreatic Cancer,Pancreatic Cancer
gene11831,RAF1,Pancreatic Cancer,Pancreatic Cancer
gene11832,ARHGEF6,Pancreatic Cancer,Pancreatic Cancer
gene11833,STAT1,Pancreatic Cancer,Pancreatic Cancer
gene11834,RAD51,Pancreatic Cancer,Pancreatic Cancer
gene11835,BAD,Pancreatic Cancer,Pancreatic Cancer
gene11836,PGF,Pancreatic Cancer,Pancreatic Cancer
gene11837,MAPK9,Pancreatic Cancer,Pancreatic Cancer
gene11838,MAPK10,Pancreatic Cancer,Pancreatic Cancer
gene11839,ERBB2,Pancreatic Cancer,Pancreatic Cancer
gene11840,RAC2,Pancreatic Cancer,Pancreatic Cancer
gene11841,BRCA2,Pancreatic Cancer,Pancreatic Cancer
gene11842,TGFA,Pancreatic Cancer,Pancreatic Cancer
gene11843,BRAF,Pancreatic Cancer,Pancreatic Cancer
gene11844,RAC3,Pancreatic Cancer,Pancreatic Cancer
gene11845,MAP2K1,Pancreatic Cancer,Pancreatic Cancer
gene11846,IKBKB,Pancreatic Cancer,Pancreatic Cancer
gene11847,RB1,Pancreatic Cancer,Pancreatic Cancer
gene11848,JAK1,Pancreatic Cancer,Pancreatic Cancer
gene11849,AKT1,Pancreatic Cancer,Pancreatic Cancer
gene11850,AKT2,Pancreatic Cancer,Pancreatic Cancer
gene11851,AKT3,Pancreatic Cancer,Pancreatic Cancer
gene11852,SMAD3,Pancreatic Cancer,Pancreatic Cancer
gene11853,MAPK3,Pancreatic Cancer,Pancreatic Cancer
gene11854,SMAD4,Pancreatic Cancer,Pancreatic Cancer
gene11855,NFKB1,Pancreatic Cancer,Pancreatic Cancer
gene11856,RAC1,Pancreatic Cancer,Pancreatic Cancer
gene11857,SMAD2,Pancreatic Cancer,Pancreatic Cancer
gene11858,MAPK1,Pancreatic Cancer,Pancreatic Cancer
gene11859,PIK3R5,Pancreatic Cancer,Pancreatic Cancer
gene11860,IKBKG,Pancreatic Cancer,Pancreatic Cancer
gene11861,MAPK8,Pancreatic Cancer,Pancreatic Cancer
gene11862,EGFR,Pancreatic Cancer,Pancreatic Cancer
gene11863,RELA,Pancreatic Cancer,Pancreatic Cancer
gene11864,KRAS,Pancreatic Cancer,Pancreatic Cancer
gene11865,CDKN2A,Pancreatic Cancer,Pancreatic Cancer
gene11866,EGF,Pancreatic Cancer,Pancreatic Cancer
gene11867,TGFB2,Pancreatic Cancer,Pancreatic Cancer
gene11868,TGFB1,Pancreatic Cancer,Pancreatic Cancer
gene11869,VEGFA,Pancreatic Cancer,Pancreatic Cancer
gene11870,ARAF,Pancreatic Cancer,Pancreatic Cancer
gene11871,VEGFC,Pancreatic Cancer,Pancreatic Cancer
gene11872,VEGFB,Pancreatic Cancer,Pancreatic Cancer
gene11873,TGFBR2,Pancreatic Cancer,Pancreatic Cancer
gene11874,TGFBR1,Pancreatic Cancer,Pancreatic Cancer
gene11875,TGFB3,Pancreatic Cancer,Pancreatic Cancer
gene11876,CCND1,Pancreatic Cancer,Pancreatic Cancer
gene11877,PIK3R3,Pancreatic Cancer,Pancreatic Cancer
gene11878,RALB,Pancreatic Cancer,Pancreatic Cancer
gene11879,BCL2L1,Pancreatic Cancer,Pancreatic Cancer
gene11880,RALA,Pancreatic Cancer,Pancreatic Cancer
gene11881,CDK4,Pancreatic Cancer,Pancreatic Cancer
gene11882,VEGFD,Pancreatic Cancer,Pancreatic Cancer
gene11883,RALBP1,Pancreatic Cancer,Pancreatic Cancer
gene11884,RALGDS,Pancreatic Cancer,Pancreatic Cancer
gene11885,TP53,Pancreatic Cancer,Pancreatic Cancer
gene11886,E2F3,Pancreatic Cancer,Pancreatic Cancer
gene11887,E2F2,Pancreatic Cancer,Pancreatic Cancer
gene11888,PIK3CA,Pancreatic Cancer,Pancreatic Cancer
gene11889,PIK3CB,Pancreatic Cancer,Pancreatic Cancer
gene11890,CDK6,Pancreatic Cancer,Pancreatic Cancer
gene11891,PIK3CD,Pancreatic Cancer,Pancreatic Cancer
gene11892,PLD1,Pancreatic Cancer,Pancreatic Cancer
gene11893,PIK3CG,Pancreatic Cancer,Pancreatic Cancer
gene11894,PIK3R1,Pancreatic Cancer,Pancreatic Cancer
gene11895,CDC42,Pancreatic Cancer,Pancreatic Cancer
gene11896,PIK3R2,Pancreatic Cancer,Pancreatic Cancer
gene11897,CASP9,Endometrial Cancer,Endometrial Cancer
gene11898,SOS2,Endometrial Cancer,Endometrial Cancer
gene11899,RAF1,Endometrial Cancer,Endometrial Cancer
gene11900,ELK1,Endometrial Cancer,Endometrial Cancer
gene11901,APC2,Endometrial Cancer,Endometrial Cancer
gene11902,LEF1,Endometrial Cancer,Endometrial Cancer
gene11903,BAD,Endometrial Cancer,Endometrial Cancer
gene11904,ERBB2,Endometrial Cancer,Endometrial Cancer
gene11905,MAP2K2,Endometrial Cancer,Endometrial Cancer
gene11906,BRAF,Endometrial Cancer,Endometrial Cancer
gene11907,MLH1,Endometrial Cancer,Endometrial Cancer
gene11908,MAP2K1,Endometrial Cancer,Endometrial Cancer
gene11909,PDPK1,Endometrial Cancer,Endometrial Cancer
gene11910,ILK,Endometrial Cancer,Endometrial Cancer
gene11911,AKT1,Endometrial Cancer,Endometrial Cancer
gene11912,AKT2,Endometrial Cancer,Endometrial Cancer
gene11913,NRAS,Endometrial Cancer,Endometrial Cancer
gene11914,AKT3,Endometrial Cancer,Endometrial Cancer
gene11915,GRB2,Endometrial Cancer,Endometrial Cancer
gene11916,AXIN1,Endometrial Cancer,Endometrial Cancer
gene11917,AXIN2,Endometrial Cancer,Endometrial Cancer
gene11918,MAPK3,Endometrial Cancer,Endometrial Cancer
gene11919,TCF7,Endometrial Cancer,Endometrial Cancer
gene11920,CTNNA1,Endometrial Cancer,Endometrial Cancer
gene11921,MYC,Endometrial Cancer,Endometrial Cancer
gene11922,SOS1,Endometrial Cancer,Endometrial Cancer
gene11923,MAPK1,Endometrial Cancer,Endometrial Cancer
gene11924,TCF7L2,Endometrial Cancer,Endometrial Cancer
gene11925,PIK3R5,Endometrial Cancer,Endometrial Cancer
gene11926,HRAS,Endometrial Cancer,Endometrial Cancer
gene11927,EGFR,Endometrial Cancer,Endometrial Cancer
gene11928,GSK3B,Endometrial Cancer,Endometrial Cancer
gene11929,KRAS,Endometrial Cancer,Endometrial Cancer
gene11930,CTNNA2,Endometrial Cancer,Endometrial Cancer
gene11931,EGF,Endometrial Cancer,Endometrial Cancer
gene11932,CTNNB1,Endometrial Cancer,Endometrial Cancer
gene11933,ARAF,Endometrial Cancer,Endometrial Cancer
gene11934,CCND1,Endometrial Cancer,Endometrial Cancer
gene11935,PTEN,Endometrial Cancer,Endometrial Cancer
gene11936,PIK3R3,Endometrial Cancer,Endometrial Cancer
gene11937,TCF7L1,Endometrial Cancer,Endometrial Cancer
gene11938,FOXO3,Endometrial Cancer,Endometrial Cancer
gene11939,APC,Endometrial Cancer,Endometrial Cancer
gene11940,TP53,Endometrial Cancer,Endometrial Cancer
gene11941,PIK3CA,Endometrial Cancer,Endometrial Cancer
gene11942,PIK3CB,Endometrial Cancer,Endometrial Cancer
gene11943,PIK3CD,Endometrial Cancer,Endometrial Cancer
gene11944,CTNNA3,Endometrial Cancer,Endometrial Cancer
gene11945,PIK3CG,Endometrial Cancer,Endometrial Cancer
gene11946,PIK3R1,Endometrial Cancer,Endometrial Cancer
gene11947,PIK3R2,Endometrial Cancer,Endometrial Cancer
gene11948,CDH1,Endometrial Cancer,Endometrial Cancer
gene11949,SOS2,Glioma,Glioma
gene11950,CALM2,Glioma,Glioma
gene11951,E2F1,Glioma,Glioma
gene11952,PRKCB,Glioma,Glioma
gene11953,RAF1,Glioma,Glioma
gene11954,SHC1,Glioma,Glioma
gene11955,PRKCA,Glioma,Glioma
gene11956,CALM1,Glioma,Glioma
gene11957,IGF1,Glioma,Glioma
gene11958,MTOR,Glioma,Glioma
gene11959,IGF1R,Glioma,Glioma
gene11960,PRKCG,Glioma,Glioma
gene11961,PDGFRB,Glioma,Glioma
gene11962,MAP2K2,Glioma,Glioma
gene11963,TGFA,Glioma,Glioma
gene11964,BRAF,Glioma,Glioma
gene11965,MAP2K1,Glioma,Glioma
gene11966,MDM2,Glioma,Glioma
gene11967,RB1,Glioma,Glioma
gene11968,AKT1,Glioma,Glioma
gene11969,SHC4,Glioma,Glioma
gene11970,AKT2,Glioma,Glioma
gene11971,NRAS,Glioma,Glioma
gene11972,AKT3,Glioma,Glioma
gene11973,GRB2,Glioma,Glioma
gene11974,MAPK3,Glioma,Glioma
gene11975,SOS1,Glioma,Glioma
gene11976,MAPK1,Glioma,Glioma
gene11977,PIK3R5,Glioma,Glioma
gene11978,HRAS,Glioma,Glioma
gene11979,EGFR,Glioma,Glioma
gene11980,KRAS,Glioma,Glioma
gene11981,CDKN2A,Glioma,Glioma
gene11982,SHC3,Glioma,Glioma
gene11983,CDKN1A,Glioma,Glioma
gene11984,EGF,Glioma,Glioma
gene11985,ARAF,Glioma,Glioma
gene11986,CALML5,Glioma,Glioma
gene11987,CCND1,Glioma,Glioma
gene11988,PTEN,Glioma,Glioma
gene11989,PIK3R3,Glioma,Glioma
gene11990,PDGFA,Glioma,Glioma
gene11991,CAMK2A,Glioma,Glioma
gene11992,PDGFB,Glioma,Glioma
gene11993,CAMK2B,Glioma,Glioma
gene11994,PDGFRA,Glioma,Glioma
gene11995,CAMK2D,Glioma,Glioma
gene11996,CAMK2G,Glioma,Glioma
gene11997,CDK4,Glioma,Glioma
gene11998,TP53,Glioma,Glioma
gene11999,E2F3,Glioma,Glioma
gene12000,CALML3,Glioma,Glioma
gene12001,E2F2,Glioma,Glioma
gene12002,PIK3CA,Glioma,Glioma
gene12003,PIK3CB,Glioma,Glioma
gene12004,CDK6,Glioma,Glioma
gene12005,PIK3CD,Glioma,Glioma
gene12006,PLCG1,Glioma,Glioma
gene12007,SHC2,Glioma,Glioma
gene12008,PLCG2,Glioma,Glioma
gene12009,CALM3,Glioma,Glioma
gene12010,PIK3CG,Glioma,Glioma
gene12011,PIK3R1,Glioma,Glioma
gene12012,PIK3R2,Glioma,Glioma
gene12013,CALML6,Glioma,Glioma
gene12014,CASP9,Prostate Cancer,Prostate Cancer
gene12015,SOS2,Prostate Cancer,Prostate Cancer
gene12016,E2F1,Prostate Cancer,Prostate Cancer
gene12017,CHUK,Prostate Cancer,Prostate Cancer
gene12018,RAF1,Prostate Cancer,Prostate Cancer
gene12019,IGF1,Prostate Cancer,Prostate Cancer
gene12020,CREB3L4,Prostate Cancer,Prostate Cancer
gene12021,MTOR,Prostate Cancer,Prostate Cancer
gene12022,CREB3L1,Prostate Cancer,Prostate Cancer
gene12023,PDGFD,Prostate Cancer,Prostate Cancer
gene12024,NKX3-1,Prostate Cancer,Prostate Cancer
gene12025,IGF1R,Prostate Cancer,Prostate Cancer
gene12026,GSTP1,Prostate Cancer,Prostate Cancer
gene12027,CREB3,Prostate Cancer,Prostate Cancer
gene12028,CREBBP,Prostate Cancer,Prostate Cancer
gene12029,LEF1,Prostate Cancer,Prostate Cancer
gene12030,BAD,Prostate Cancer,Prostate Cancer
gene12031,INS,Prostate Cancer,Prostate Cancer
gene12032,PDGFRB,Prostate Cancer,Prostate Cancer
gene12033,ERBB2,Prostate Cancer,Prostate Cancer
gene12034,MAP2K2,Prostate Cancer,Prostate Cancer
gene12035,TGFA,Prostate Cancer,Prostate Cancer
gene12036,BRAF,Prostate Cancer,Prostate Cancer
gene12037,MAP2K1,Prostate Cancer,Prostate Cancer
gene12038,FGFR2,Prostate Cancer,Prostate Cancer
gene12039,PDPK1,Prostate Cancer,Prostate Cancer
gene12040,IKBKB,Prostate Cancer,Prostate Cancer
gene12041,MDM2,Prostate Cancer,Prostate Cancer
gene12042,RB1,Prostate Cancer,Prostate Cancer
gene12043,CREB1,Prostate Cancer,Prostate Cancer
gene12044,AKT1,Prostate Cancer,Prostate Cancer
gene12045,AKT2,Prostate Cancer,Prostate Cancer
gene12046,FGFR1,Prostate Cancer,Prostate Cancer
gene12047,AKT3,Prostate Cancer,Prostate Cancer
gene12048,NRAS,Prostate Cancer,Prostate Cancer
gene12049,GRB2,Prostate Cancer,Prostate Cancer
gene12050,CREB5,Prostate Cancer,Prostate Cancer
gene12051,MAPK3,Prostate Cancer,Prostate Cancer
gene12052,TCF7,Prostate Cancer,Prostate Cancer
gene12053,NFKB1,Prostate Cancer,Prostate Cancer
gene12054,INSRR,Prostate Cancer,Prostate Cancer
gene12055,NFKBIA,Prostate Cancer,Prostate Cancer
gene12056,SOS1,Prostate Cancer,Prostate Cancer
gene12057,TCF7L2,Prostate Cancer,Prostate Cancer
gene12058,MAPK1,Prostate Cancer,Prostate Cancer
gene12059,PIK3R5,Prostate Cancer,Prostate Cancer
gene12060,IKBKG,Prostate Cancer,Prostate Cancer
gene12061,HRAS,Prostate Cancer,Prostate Cancer
gene12062,EP300,Prostate Cancer,Prostate Cancer
gene12063,EGFR,Prostate Cancer,Prostate Cancer
gene12064,RELA,Prostate Cancer,Prostate Cancer
gene12065,PDGFC,Prostate Cancer,Prostate Cancer
gene12066,GSK3B,Prostate Cancer,Prostate Cancer
gene12067,KRAS,Prostate Cancer,Prostate Cancer
gene12068,CDKN1B,Prostate Cancer,Prostate Cancer
gene12069,EGF,Prostate Cancer,Prostate Cancer
gene12070,CDKN1A,Prostate Cancer,Prostate Cancer
gene12071,CTNNB1,Prostate Cancer,Prostate Cancer
gene12072,HSP90AA1,Prostate Cancer,Prostate Cancer
gene12073,ARAF,Prostate Cancer,Prostate Cancer
gene12074,AR,Prostate Cancer,Prostate Cancer
gene12075,CREB3L3,Prostate Cancer,Prostate Cancer
gene12076,HSP90B1,Prostate Cancer,Prostate Cancer
gene12077,SRD5A2,Prostate Cancer,Prostate Cancer
gene12078,CREB3L2,Prostate Cancer,Prostate Cancer
gene12079,CCND1,Prostate Cancer,Prostate Cancer
gene12080,PTEN,Prostate Cancer,Prostate Cancer
gene12081,PIK3R3,Prostate Cancer,Prostate Cancer
gene12082,BCL2,Prostate Cancer,Prostate Cancer
gene12083,PDGFA,Prostate Cancer,Prostate Cancer
gene12084,PDGFB,Prostate Cancer,Prostate Cancer
gene12085,TCF7L1,Prostate Cancer,Prostate Cancer
gene12086,FOXO1,Prostate Cancer,Prostate Cancer
gene12087,PDGFRA,Prostate Cancer,Prostate Cancer
gene12088,CDK2,Prostate Cancer,Prostate Cancer
gene12089,HSP90AB1,Prostate Cancer,Prostate Cancer
gene12090,TP53,Prostate Cancer,Prostate Cancer
gene12091,E2F3,Prostate Cancer,Prostate Cancer
gene12092,E2F2,Prostate Cancer,Prostate Cancer
gene12093,PIK3CA,Prostate Cancer,Prostate Cancer
gene12094,PIK3CB,Prostate Cancer,Prostate Cancer
gene12095,CCNE2,Prostate Cancer,Prostate Cancer
gene12096,PIK3CD,Prostate Cancer,Prostate Cancer
gene12097,KLK3,Prostate Cancer,Prostate Cancer
gene12098,ATF4,Prostate Cancer,Prostate Cancer
gene12099,PIK3CG,Prostate Cancer,Prostate Cancer
gene12100,CCNE1,Prostate Cancer,Prostate Cancer
gene12101,PIK3R1,Prostate Cancer,Prostate Cancer
gene12102,PIK3R2,Prostate Cancer,Prostate Cancer
gene12103,PAX8,Thyroid Cancer,Thyroid Cancer
gene12104,HRAS,Thyroid Cancer,Thyroid Cancer
gene12105,CCDC6,Thyroid Cancer,Thyroid Cancer
gene12106,TFG,Thyroid Cancer,Thyroid Cancer
gene12107,NCOA4,Thyroid Cancer,Thyroid Cancer
gene12108,KRAS,Thyroid Cancer,Thyroid Cancer
gene12109,CTNNB1,Thyroid Cancer,Thyroid Cancer
gene12110,LEF1,Thyroid Cancer,Thyroid Cancer
gene12111,CCND1,Thyroid Cancer,Thyroid Cancer
gene12112,MAP2K2,Thyroid Cancer,Thyroid Cancer
gene12113,TCF7L1,Thyroid Cancer,Thyroid Cancer
gene12114,BRAF,Thyroid Cancer,Thyroid Cancer
gene12115,MAP2K1,Thyroid Cancer,Thyroid Cancer
gene12116,RXRB,Thyroid Cancer,Thyroid Cancer
gene12117,RXRG,Thyroid Cancer,Thyroid Cancer
gene12118,RXRA,Thyroid Cancer,Thyroid Cancer
gene12119,PPARG,Thyroid Cancer,Thyroid Cancer
gene12120,TP53,Thyroid Cancer,Thyroid Cancer
gene12121,RET,Thyroid Cancer,Thyroid Cancer
gene12122,NRAS,Thyroid Cancer,Thyroid Cancer
gene12123,TPR,Thyroid Cancer,Thyroid Cancer
gene12124,MAPK3,Thyroid Cancer,Thyroid Cancer
gene12125,TCF7,Thyroid Cancer,Thyroid Cancer
gene12126,NTRK1,Thyroid Cancer,Thyroid Cancer
gene12127,MYC,Thyroid Cancer,Thyroid Cancer
gene12128,TPM3,Thyroid Cancer,Thyroid Cancer
gene12129,CDH1,Thyroid Cancer,Thyroid Cancer
gene12130,MAPK1,Thyroid Cancer,Thyroid Cancer
gene12131,TCF7L2,Thyroid Cancer,Thyroid Cancer
gene12132,HHIP,Basal Cell Carcinoma,Basal Cell Carcinoma
gene12133,FZD1,Basal Cell Carcinoma,Basal Cell Carcinoma
gene12134,APC2,Basal Cell Carcinoma,Basal Cell Carcinoma
gene12135,FZD4,Basal Cell Carcinoma,Basal Cell Carcinoma
gene12136,FZD6,Basal Cell Carcinoma,Basal Cell Carcinoma
gene12137,PTCH2,Basal Cell Carcinoma,Basal Cell Carcinoma
gene12138,FZD7,Basal Cell Carcinoma,Basal Cell Carcinoma
gene12139,FZD8,Basal Cell Carcinoma,Basal Cell Carcinoma
gene12140,LEF1,Basal Cell Carcinoma,Basal Cell Carcinoma
gene12141,FZD9,Basal Cell Carcinoma,Basal Cell Carcinoma
gene12142,WNT3A,Basal Cell Carcinoma,Basal Cell Carcinoma
gene12143,DVL3,Basal Cell Carcinoma,Basal Cell Carcinoma
gene12144,WNT9B,Basal Cell Carcinoma,Basal Cell Carcinoma
gene12145,DVL2,Basal Cell Carcinoma,Basal Cell Carcinoma
gene12146,WNT9A,Basal Cell Carcinoma,Basal Cell Carcinoma
gene12147,FZD3,Basal Cell Carcinoma,Basal Cell Carcinoma
gene12148,DVL1,Basal Cell Carcinoma,Basal Cell Carcinoma
gene12149,WNT2B,Basal Cell Carcinoma,Basal Cell Carcinoma
gene12150,WNT11,Basal Cell Carcinoma,Basal Cell Carcinoma
gene12151,WNT10B,Basal Cell Carcinoma,Basal Cell Carcinoma
gene12152,SMO,Basal Cell Carcinoma,Basal Cell Carcinoma
gene12153,AXIN1,Basal Cell Carcinoma,Basal Cell Carcinoma
gene12154,WNT4,Basal Cell Carcinoma,Basal Cell Carcinoma
gene12155,WNT10A,Basal Cell Carcinoma,Basal Cell Carcinoma
gene12156,AXIN2,Basal Cell Carcinoma,Basal Cell Carcinoma
gene12157,TCF7,Basal Cell Carcinoma,Basal Cell Carcinoma
gene12158,TCF7L2,Basal Cell Carcinoma,Basal Cell Carcinoma
gene12159,SHH,Basal Cell Carcinoma,Basal Cell Carcinoma
gene12160,WNT1,Basal Cell Carcinoma,Basal Cell Carcinoma
gene12161,GSK3B,Basal Cell Carcinoma,Basal Cell Carcinoma
gene12162,WNT7A,Basal Cell Carcinoma,Basal Cell Carcinoma
gene12163,WNT7B,Basal Cell Carcinoma,Basal Cell Carcinoma
gene12164,WNT8A,Basal Cell Carcinoma,Basal Cell Carcinoma
gene12165,WNT8B,Basal Cell Carcinoma,Basal Cell Carcinoma
gene12166,WNT2,Basal Cell Carcinoma,Basal Cell Carcinoma
gene12167,WNT3,Basal Cell Carcinoma,Basal Cell Carcinoma
gene12168,WNT5A,Basal Cell Carcinoma,Basal Cell Carcinoma
gene12169,CTNNB1,Basal Cell Carcinoma,Basal Cell Carcinoma
gene12170,WNT6,Basal Cell Carcinoma,Basal Cell Carcinoma
gene12171,STK36,Basal Cell Carcinoma,Basal Cell Carcinoma
gene12172,FZD10,Basal Cell Carcinoma,Basal Cell Carcinoma
gene12173,WNT5B,Basal Cell Carcinoma,Basal Cell Carcinoma
gene12174,FZD5,Basal Cell Carcinoma,Basal Cell Carcinoma
gene12175,GLI1,Basal Cell Carcinoma,Basal Cell Carcinoma
gene12176,TCF7L1,Basal Cell Carcinoma,Basal Cell Carcinoma
gene12177,BMP4,Basal Cell Carcinoma,Basal Cell Carcinoma
gene12178,SUFU,Basal Cell Carcinoma,Basal Cell Carcinoma
gene12179,APC,Basal Cell Carcinoma,Basal Cell Carcinoma
gene12180,BMP2,Basal Cell Carcinoma,Basal Cell Carcinoma
gene12181,GLI2,Basal Cell Carcinoma,Basal Cell Carcinoma
gene12182,PTCH1,Basal Cell Carcinoma,Basal Cell Carcinoma
gene12183,GLI3,Basal Cell Carcinoma,Basal Cell Carcinoma
gene12184,WNT16,Basal Cell Carcinoma,Basal Cell Carcinoma
gene12185,TP53,Basal Cell Carcinoma,Basal Cell Carcinoma
gene12186,FZD2,Basal Cell Carcinoma,Basal Cell Carcinoma
gene12187,E2F1,Melanoma,Melanoma
gene12188,RAF1,Melanoma,Melanoma
gene12189,FGF9,Melanoma,Melanoma
gene12190,HGF,Melanoma,Melanoma
gene12191,FGF8,Melanoma,Melanoma
gene12192,FGF7,Melanoma,Melanoma
gene12193,IGF1,Melanoma,Melanoma
gene12194,FGF6,Melanoma,Melanoma
gene12195,FGF5,Melanoma,Melanoma
gene12196,PDGFD,Melanoma,Melanoma
gene12197,IGF1R,Melanoma,Melanoma
gene12198,FGF3,Melanoma,Melanoma
gene12199,FGF4,Melanoma,Melanoma
gene12200,FGF1,Melanoma,Melanoma
gene12201,FGF2,Melanoma,Melanoma
gene12202,FGF21,Melanoma,Melanoma
gene12203,BAD,Melanoma,Melanoma
gene12204,PDGFRB,Melanoma,Melanoma
gene12205,MAP2K2,Melanoma,Melanoma
gene12206,BRAF,Melanoma,Melanoma
gene12207,MAP2K1,Melanoma,Melanoma
gene12208,MDM2,Melanoma,Melanoma
gene12209,RB1,Melanoma,Melanoma
gene12210,AKT1,Melanoma,Melanoma
gene12211,AKT2,Melanoma,Melanoma
gene12212,FGFR1,Melanoma,Melanoma
gene12213,FGF14,Melanoma,Melanoma
gene12214,FGF17,Melanoma,Melanoma
gene12215,FGF16,Melanoma,Melanoma
gene12216,AKT3,Melanoma,Melanoma
gene12217,NRAS,Melanoma,Melanoma
gene12218,FGF10,Melanoma,Melanoma
gene12219,FGF11,Melanoma,Melanoma
gene12220,FGF12,Melanoma,Melanoma
gene12221,FGF13,Melanoma,Melanoma
gene12222,MAPK3,Melanoma,Melanoma
gene12223,FGF19,Melanoma,Melanoma
gene12224,MAPK1,Melanoma,Melanoma
gene12225,PIK3R5,Melanoma,Melanoma
gene12226,FGF20,Melanoma,Melanoma
gene12227,HRAS,Melanoma,Melanoma
gene12228,EGFR,Melanoma,Melanoma
gene12229,PDGFC,Melanoma,Melanoma
gene12230,CDKN2A,Melanoma,Melanoma
gene12231,KRAS,Melanoma,Melanoma
gene12232,CDKN1A,Melanoma,Melanoma
gene12233,EGF,Melanoma,Melanoma
gene12234,FGF23,Melanoma,Melanoma
gene12235,FGF18,Melanoma,Melanoma
gene12236,ARAF,Melanoma,Melanoma
gene12237,MET,Melanoma,Melanoma
gene12238,CCND1,Melanoma,Melanoma
gene12239,PTEN,Melanoma,Melanoma
gene12240,PIK3R3,Melanoma,Melanoma
gene12241,PDGFA,Melanoma,Melanoma
gene12242,FGF22,Melanoma,Melanoma
gene12243,PDGFB,Melanoma,Melanoma
gene12244,PDGFRA,Melanoma,Melanoma
gene12245,CDK4,Melanoma,Melanoma
gene12246,TP53,Melanoma,Melanoma
gene12247,E2F3,Melanoma,Melanoma
gene12248,E2F2,Melanoma,Melanoma
gene12249,PIK3CA,Melanoma,Melanoma
gene12250,PIK3CB,Melanoma,Melanoma
gene12251,CDK6,Melanoma,Melanoma
gene12252,PIK3CD,Melanoma,Melanoma
gene12253,MITF,Melanoma,Melanoma
gene12254,PIK3CG,Melanoma,Melanoma
gene12255,PIK3R1,Melanoma,Melanoma
gene12256,PIK3R2,Melanoma,Melanoma
gene12257,CDH1,Melanoma,Melanoma
gene12258,HRAS,Bladder Cancer,Bladder Cancer
gene12259,E2F1,Bladder Cancer,Bladder Cancer
gene12260,RAF1,Bladder Cancer,Bladder Cancer
gene12261,EGFR,Bladder Cancer,Bladder Cancer
gene12262,CDKN2A,Bladder Cancer,Bladder Cancer
gene12263,KRAS,Bladder Cancer,Bladder Cancer
gene12264,EGF,Bladder Cancer,Bladder Cancer
gene12265,CDKN1A,Bladder Cancer,Bladder Cancer
gene12266,TYMP,Bladder Cancer,Bladder Cancer
gene12267,VEGFA,Bladder Cancer,Bladder Cancer
gene12268,ARAF,Bladder Cancer,Bladder Cancer
gene12269,VEGFC,Bladder Cancer,Bladder Cancer
gene12270,VEGFB,Bladder Cancer,Bladder Cancer
gene12271,PGF,Bladder Cancer,Bladder Cancer
gene12272,CXCL8,Bladder Cancer,Bladder Cancer
gene12273,CCND1,Bladder Cancer,Bladder Cancer
gene12274,ERBB2,Bladder Cancer,Bladder Cancer
gene12275,MMP2,Bladder Cancer,Bladder Cancer
gene12276,MMP1,Bladder Cancer,Bladder Cancer
gene12277,MAP2K2,Bladder Cancer,Bladder Cancer
gene12278,RPS6KA5,Bladder Cancer,Bladder Cancer
gene12279,BRAF,Bladder Cancer,Bladder Cancer
gene12280,MMP9,Bladder Cancer,Bladder Cancer
gene12281,MAP2K1,Bladder Cancer,Bladder Cancer
gene12282,CDK4,Bladder Cancer,Bladder Cancer
gene12283,MDM2,Bladder Cancer,Bladder Cancer
gene12284,RB1,Bladder Cancer,Bladder Cancer
gene12285,VEGFD,Bladder Cancer,Bladder Cancer
gene12286,RASSF1,Bladder Cancer,Bladder Cancer
gene12287,TP53,Bladder Cancer,Bladder Cancer
gene12288,E2F3,Bladder Cancer,Bladder Cancer
gene12289,FGFR3,Bladder Cancer,Bladder Cancer
gene12290,E2F2,Bladder Cancer,Bladder Cancer
gene12291,NRAS,Bladder Cancer,Bladder Cancer
gene12292,MAPK3,Bladder Cancer,Bladder Cancer
gene12293,DAPK3,Bladder Cancer,Bladder Cancer
gene12294,DAPK2,Bladder Cancer,Bladder Cancer
gene12295,DAPK1,Bladder Cancer,Bladder Cancer
gene12296,THBS1,Bladder Cancer,Bladder Cancer
gene12297,MYC,Bladder Cancer,Bladder Cancer
gene12298,CDH1,Bladder Cancer,Bladder Cancer
gene12299,MAPK1,Bladder Cancer,Bladder Cancer
gene12300,SOS2,Chronic Myeloid Leukemia,Chronic Myeloid Leukemia
gene12301,E2F1,Chronic Myeloid Leukemia,Chronic Myeloid Leukemia
gene12302,CHUK,Chronic Myeloid Leukemia,Chronic Myeloid Leukemia
gene12303,PTPN11,Chronic Myeloid Leukemia,Chronic Myeloid Leukemia
gene12304,RAF1,Chronic Myeloid Leukemia,Chronic Myeloid Leukemia
gene12305,SHC1,Chronic Myeloid Leukemia,Chronic Myeloid Leukemia
gene12306,BAD,Chronic Myeloid Leukemia,Chronic Myeloid Leukemia
gene12307,CTBP2,Chronic Myeloid Leukemia,Chronic Myeloid Leukemia
gene12308,CTBP1,Chronic Myeloid Leukemia,Chronic Myeloid Leukemia
gene12309,MAP2K2,Chronic Myeloid Leukemia,Chronic Myeloid Leukemia
gene12310,BRAF,Chronic Myeloid Leukemia,Chronic Myeloid Leukemia
gene12311,MECOM,Chronic Myeloid Leukemia,Chronic Myeloid Leukemia
gene12312,MAP2K1,Chronic Myeloid Leukemia,Chronic Myeloid Leukemia
gene12313,IKBKB,Chronic Myeloid Leukemia,Chronic Myeloid Leukemia
gene12314,MDM2,Chronic Myeloid Leukemia,Chronic Myeloid Leukemia
gene12315,RB1,Chronic Myeloid Leukemia,Chronic Myeloid Leukemia
gene12316,ABL1,Chronic Myeloid Leukemia,Chronic Myeloid Leukemia
gene12317,AKT1,Chronic Myeloid Leukemia,Chronic Myeloid Leukemia
gene12318,AKT2,Chronic Myeloid Leukemia,Chronic Myeloid Leukemia
gene12319,SHC4,Chronic Myeloid Leukemia,Chronic Myeloid Leukemia
gene12320,AKT3,Chronic Myeloid Leukemia,Chronic Myeloid Leukemia
gene12321,NRAS,Chronic Myeloid Leukemia,Chronic Myeloid Leukemia
gene12322,GRB2,Chronic Myeloid Leukemia,Chronic Myeloid Leukemia
gene12323,STAT5B,Chronic Myeloid Leukemia,Chronic Myeloid Leukemia
gene12324,SMAD3,Chronic Myeloid Leukemia,Chronic Myeloid Leukemia
gene12325,MAPK3,Chronic Myeloid Leukemia,Chronic Myeloid Leukemia
gene12326,STAT5A,Chronic Myeloid Leukemia,Chronic Myeloid Leukemia
gene12327,SMAD4,Chronic Myeloid Leukemia,Chronic Myeloid Leukemia
gene12328,NFKB1,Chronic Myeloid Leukemia,Chronic Myeloid Leukemia
gene12329,NFKBIA,Chronic Myeloid Leukemia,Chronic Myeloid Leukemia
gene12330,SOS1,Chronic Myeloid Leukemia,Chronic Myeloid Leukemia
gene12331,MYC,Chronic Myeloid Leukemia,Chronic Myeloid Leukemia
gene12332,MAPK1,Chronic Myeloid Leukemia,Chronic Myeloid Leukemia
gene12333,RUNX1,Chronic Myeloid Leukemia,Chronic Myeloid Leukemia
gene12334,PIK3R5,Chronic Myeloid Leukemia,Chronic Myeloid Leukemia
gene12335,IKBKG,Chronic Myeloid Leukemia,Chronic Myeloid Leukemia
gene12336,HRAS,Chronic Myeloid Leukemia,Chronic Myeloid Leukemia
gene12337,RELA,Chronic Myeloid Leukemia,Chronic Myeloid Leukemia
gene12338,GAB2,Chronic Myeloid Leukemia,Chronic Myeloid Leukemia
gene12339,CBLB,Chronic Myeloid Leukemia,Chronic Myeloid Leukemia
gene12340,CDKN2A,Chronic Myeloid Leukemia,Chronic Myeloid Leukemia
gene12341,KRAS,Chronic Myeloid Leukemia,Chronic Myeloid Leukemia
gene12342,CBL,Chronic Myeloid Leukemia,Chronic Myeloid Leukemia
gene12343,SHC3,Chronic Myeloid Leukemia,Chronic Myeloid Leukemia
gene12344,CDKN1B,Chronic Myeloid Leukemia,Chronic Myeloid Leukemia
gene12345,CDKN1A,Chronic Myeloid Leukemia,Chronic Myeloid Leukemia
gene12346,TGFB2,Chronic Myeloid Leukemia,Chronic Myeloid Leukemia
gene12347,TGFB1,Chronic Myeloid Leukemia,Chronic Myeloid Leukemia
gene12348,ARAF,Chronic Myeloid Leukemia,Chronic Myeloid Leukemia
gene12349,TGFBR2,Chronic Myeloid Leukemia,Chronic Myeloid Leukemia
gene12350,TGFBR1,Chronic Myeloid Leukemia,Chronic Myeloid Leukemia
gene12351,TGFB3,Chronic Myeloid Leukemia,Chronic Myeloid Leukemia
gene12352,CCND1,Chronic Myeloid Leukemia,Chronic Myeloid Leukemia
gene12353,PIK3R3,Chronic Myeloid Leukemia,Chronic Myeloid Leukemia
gene12354,BCL2L1,Chronic Myeloid Leukemia,Chronic Myeloid Leukemia
gene12355,CDK4,Chronic Myeloid Leukemia,Chronic Myeloid Leukemia
gene12356,CBLC,Chronic Myeloid Leukemia,Chronic Myeloid Leukemia
gene12357,TP53,Chronic Myeloid Leukemia,Chronic Myeloid Leukemia
gene12358,E2F3,Chronic Myeloid Leukemia,Chronic Myeloid Leukemia
gene12359,E2F2,Chronic Myeloid Leukemia,Chronic Myeloid Leukemia
gene12360,CRK,Chronic Myeloid Leukemia,Chronic Myeloid Leukemia
gene12361,PIK3CA,Chronic Myeloid Leukemia,Chronic Myeloid Leukemia
gene12362,PIK3CB,Chronic Myeloid Leukemia,Chronic Myeloid Leukemia
gene12363,CDK6,Chronic Myeloid Leukemia,Chronic Myeloid Leukemia
gene12364,CRKL,Chronic Myeloid Leukemia,Chronic Myeloid Leukemia
gene12365,PIK3CD,Chronic Myeloid Leukemia,Chronic Myeloid Leukemia
gene12366,SHC2,Chronic Myeloid Leukemia,Chronic Myeloid Leukemia
gene12367,HDAC1,Chronic Myeloid Leukemia,Chronic Myeloid Leukemia
gene12368,BCR,Chronic Myeloid Leukemia,Chronic Myeloid Leukemia
gene12369,HDAC2,Chronic Myeloid Leukemia,Chronic Myeloid Leukemia
gene12370,PIK3CG,Chronic Myeloid Leukemia,Chronic Myeloid Leukemia
gene12371,PIK3R1,Chronic Myeloid Leukemia,Chronic Myeloid Leukemia
gene12372,PIK3R2,Chronic Myeloid Leukemia,Chronic Myeloid Leukemia
gene12373,SOS2,Acute Myeloid Leukemia,Acute Myeloid Leukemia
gene12374,CHUK,Acute Myeloid Leukemia,Acute Myeloid Leukemia
gene12375,STAT3,Acute Myeloid Leukemia,Acute Myeloid Leukemia
gene12376,ZBTB16,Acute Myeloid Leukemia,Acute Myeloid Leukemia
gene12377,RAF1,Acute Myeloid Leukemia,Acute Myeloid Leukemia
gene12378,RARA,Acute Myeloid Leukemia,Acute Myeloid Leukemia
gene12379,PML,Acute Myeloid Leukemia,Acute Myeloid Leukemia
gene12380,JUP,Acute Myeloid Leukemia,Acute Myeloid Leukemia
gene12381,MTOR,Acute Myeloid Leukemia,Acute Myeloid Leukemia
gene12382,CEBPA,Acute Myeloid Leukemia,Acute Myeloid Leukemia
gene12383,LEF1,Acute Myeloid Leukemia,Acute Myeloid Leukemia
gene12384,EIF4EBP1,Acute Myeloid Leukemia,Acute Myeloid Leukemia
gene12385,BAD,Acute Myeloid Leukemia,Acute Myeloid Leukemia
gene12386,PIM2,Acute Myeloid Leukemia,Acute Myeloid Leukemia
gene12387,MAP2K2,Acute Myeloid Leukemia,Acute Myeloid Leukemia
gene12388,BRAF,Acute Myeloid Leukemia,Acute Myeloid Leukemia
gene12389,MAP2K1,Acute Myeloid Leukemia,Acute Myeloid Leukemia
gene12390,KIT,Acute Myeloid Leukemia,Acute Myeloid Leukemia
gene12391,FLT3,Acute Myeloid Leukemia,Acute Myeloid Leukemia
gene12392,SPI1,Acute Myeloid Leukemia,Acute Myeloid Leukemia
gene12393,IKBKB,Acute Myeloid Leukemia,Acute Myeloid Leukemia
gene12394,AKT1,Acute Myeloid Leukemia,Acute Myeloid Leukemia
gene12395,AKT2,Acute Myeloid Leukemia,Acute Myeloid Leukemia
gene12396,RPS6KB1,Acute Myeloid Leukemia,Acute Myeloid Leukemia
gene12397,NRAS,Acute Myeloid Leukemia,Acute Myeloid Leukemia
gene12398,AKT3,Acute Myeloid Leukemia,Acute Myeloid Leukemia
gene12399,RPS6KB2,Acute Myeloid Leukemia,Acute Myeloid Leukemia
gene12400,GRB2,Acute Myeloid Leukemia,Acute Myeloid Leukemia
gene12401,STAT5B,Acute Myeloid Leukemia,Acute Myeloid Leukemia
gene12402,MAPK3,Acute Myeloid Leukemia,Acute Myeloid Leukemia
gene12403,TCF7,Acute Myeloid Leukemia,Acute Myeloid Leukemia
gene12404,STAT5A,Acute Myeloid Leukemia,Acute Myeloid Leukemia
gene12405,NFKB1,Acute Myeloid Leukemia,Acute Myeloid Leukemia
gene12406,MYC,Acute Myeloid Leukemia,Acute Myeloid Leukemia
gene12407,SOS1,Acute Myeloid Leukemia,Acute Myeloid Leukemia
gene12408,TCF7L2,Acute Myeloid Leukemia,Acute Myeloid Leukemia
gene12409,MAPK1,Acute Myeloid Leukemia,Acute Myeloid Leukemia
gene12410,RUNX1,Acute Myeloid Leukemia,Acute Myeloid Leukemia
gene12411,PIK3R5,Acute Myeloid Leukemia,Acute Myeloid Leukemia
gene12412,IKBKG,Acute Myeloid Leukemia,Acute Myeloid Leukemia
gene12413,HRAS,Acute Myeloid Leukemia,Acute Myeloid Leukemia
gene12414,RUNX1T1,Acute Myeloid Leukemia,Acute Myeloid Leukemia
gene12415,RELA,Acute Myeloid Leukemia,Acute Myeloid Leukemia
gene12416,KRAS,Acute Myeloid Leukemia,Acute Myeloid Leukemia
gene12417,CCNA1,Acute Myeloid Leukemia,Acute Myeloid Leukemia
gene12418,ARAF,Acute Myeloid Leukemia,Acute Myeloid Leukemia
gene12419,CCND1,Acute Myeloid Leukemia,Acute Myeloid Leukemia
gene12420,PIK3R3,Acute Myeloid Leukemia,Acute Myeloid Leukemia
gene12421,TCF7L1,Acute Myeloid Leukemia,Acute Myeloid Leukemia
gene12422,PPARD,Acute Myeloid Leukemia,Acute Myeloid Leukemia
gene12423,PIK3CA,Acute Myeloid Leukemia,Acute Myeloid Leukemia
gene12424,PIK3CB,Acute Myeloid Leukemia,Acute Myeloid Leukemia
gene12425,PIM1,Acute Myeloid Leukemia,Acute Myeloid Leukemia
gene12426,PIK3CD,Acute Myeloid Leukemia,Acute Myeloid Leukemia
gene12427,PIK3CG,Acute Myeloid Leukemia,Acute Myeloid Leukemia
gene12428,PIK3R1,Acute Myeloid Leukemia,Acute Myeloid Leukemia
gene12429,PIK3R2,Acute Myeloid Leukemia,Acute Myeloid Leukemia
gene12430,CASP9,Small Cell Lung Cancer,Small Cell Lung Cancer
gene12431,MAX,Small Cell Lung Cancer,Small Cell Lung Cancer
gene12432,E2F1,Small Cell Lung Cancer,Small Cell Lung Cancer
gene12433,CHUK,Small Cell Lung Cancer,Small Cell Lung Cancer
gene12434,LAMA1,Small Cell Lung Cancer,Small Cell Lung Cancer
gene12435,RARB,Small Cell Lung Cancer,Small Cell Lung Cancer
gene12436,PIAS3,Small Cell Lung Cancer,Small Cell Lung Cancer
gene12437,FN1,Small Cell Lung Cancer,Small Cell Lung Cancer
gene12438,BIRC3,Small Cell Lung Cancer,Small Cell Lung Cancer
gene12439,XIAP,Small Cell Lung Cancer,Small Cell Lung Cancer
gene12440,ITGA3,Small Cell Lung Cancer,Small Cell Lung Cancer
gene12441,ITGA2B,Small Cell Lung Cancer,Small Cell Lung Cancer
gene12442,COL4A6,Small Cell Lung Cancer,Small Cell Lung Cancer
gene12443,PTK2,Small Cell Lung Cancer,Small Cell Lung Cancer
gene12444,COL4A1,Small Cell Lung Cancer,Small Cell Lung Cancer
gene12445,COL4A2,Small Cell Lung Cancer,Small Cell Lung Cancer
gene12446,PTGS2,Small Cell Lung Cancer,Small Cell Lung Cancer
gene12447,NOS2,Small Cell Lung Cancer,Small Cell Lung Cancer
gene12448,COL4A4,Small Cell Lung Cancer,Small Cell Lung Cancer
gene12449,RXRB,Small Cell Lung Cancer,Small Cell Lung Cancer
gene12450,RXRG,Small Cell Lung Cancer,Small Cell Lung Cancer
gene12451,IKBKB,Small Cell Lung Cancer,Small Cell Lung Cancer
gene12452,RXRA,Small Cell Lung Cancer,Small Cell Lung Cancer
gene12453,RB1,Small Cell Lung Cancer,Small Cell Lung Cancer
gene12454,SKP2,Small Cell Lung Cancer,Small Cell Lung Cancer
gene12455,AKT1,Small Cell Lung Cancer,Small Cell Lung Cancer
gene12456,AKT2,Small Cell Lung Cancer,Small Cell Lung Cancer
gene12457,PIAS2,Small Cell Lung Cancer,Small Cell Lung Cancer
gene12458,ITGAV,Small Cell Lung Cancer,Small Cell Lung Cancer
gene12459,LAMC2,Small Cell Lung Cancer,Small Cell Lung Cancer
gene12460,ITGB1,Small Cell Lung Cancer,Small Cell Lung Cancer
gene12461,AKT3,Small Cell Lung Cancer,Small Cell Lung Cancer
gene12462,LAMB2,Small Cell Lung Cancer,Small Cell Lung Cancer
gene12463,LAMB3,Small Cell Lung Cancer,Small Cell Lung Cancer
gene12464,LAMC1,Small Cell Lung Cancer,Small Cell Lung Cancer
gene12465,LAMA4,Small Cell Lung Cancer,Small Cell Lung Cancer
gene12466,LAMA5,Small Cell Lung Cancer,Small Cell Lung Cancer
gene12467,LAMB1,Small Cell Lung Cancer,Small Cell Lung Cancer
gene12468,NFKB1,Small Cell Lung Cancer,Small Cell Lung Cancer
gene12469,NFKBIA,Small Cell Lung Cancer,Small Cell Lung Cancer
gene12470,MYC,Small Cell Lung Cancer,Small Cell Lung Cancer
gene12471,PIK3R5,Small Cell Lung Cancer,Small Cell Lung Cancer
gene12472,PIAS1,Small Cell Lung Cancer,Small Cell Lung Cancer
gene12473,IKBKG,Small Cell Lung Cancer,Small Cell Lung Cancer
gene12474,LAMB4,Small Cell Lung Cancer,Small Cell Lung Cancer
gene12475,RELA,Small Cell Lung Cancer,Small Cell Lung Cancer
gene12476,APAF1,Small Cell Lung Cancer,Small Cell Lung Cancer
gene12477,CDKN1B,Small Cell Lung Cancer,Small Cell Lung Cancer
gene12478,LAMA3,Small Cell Lung Cancer,Small Cell Lung Cancer
gene12479,LAMA2,Small Cell Lung Cancer,Small Cell Lung Cancer
gene12480,TRAF6,Small Cell Lung Cancer,Small Cell Lung Cancer
gene12481,TRAF5,Small Cell Lung Cancer,Small Cell Lung Cancer
gene12482,TRAF3,Small Cell Lung Cancer,Small Cell Lung Cancer
gene12483,CDKN2B,Small Cell Lung Cancer,Small Cell Lung Cancer
gene12484,TRAF2,Small Cell Lung Cancer,Small Cell Lung Cancer
gene12485,FHIT,Small Cell Lung Cancer,Small Cell Lung Cancer
gene12486,TRAF1,Small Cell Lung Cancer,Small Cell Lung Cancer
gene12487,ITGA6,Small Cell Lung Cancer,Small Cell Lung Cancer
gene12488,CCND1,Small Cell Lung Cancer,Small Cell Lung Cancer
gene12489,PTEN,Small Cell Lung Cancer,Small Cell Lung Cancer
gene12490,ITGA2,Small Cell Lung Cancer,Small Cell Lung Cancer
gene12491,TRAF4,Small Cell Lung Cancer,Small Cell Lung Cancer
gene12492,PIK3R3,Small Cell Lung Cancer,Small Cell Lung Cancer
gene12493,BCL2,Small Cell Lung Cancer,Small Cell Lung Cancer
gene12494,BCL2L1,Small Cell Lung Cancer,Small Cell Lung Cancer
gene12495,BIRC2,Small Cell Lung Cancer,Small Cell Lung Cancer
gene12496,CDK2,Small Cell Lung Cancer,Small Cell Lung Cancer
gene12497,PIAS4,Small Cell Lung Cancer,Small Cell Lung Cancer
gene12498,CDK4,Small Cell Lung Cancer,Small Cell Lung Cancer
gene12499,LAMC3,Small Cell Lung Cancer,Small Cell Lung Cancer
gene12500,TP53,Small Cell Lung Cancer,Small Cell Lung Cancer
gene12501,E2F3,Small Cell Lung Cancer,Small Cell Lung Cancer
gene12502,E2F2,Small Cell Lung Cancer,Small Cell Lung Cancer
gene12503,PIK3CA,Small Cell Lung Cancer,Small Cell Lung Cancer
gene12504,PIK3CB,Small Cell Lung Cancer,Small Cell Lung Cancer
gene12505,CCNE2,Small Cell Lung Cancer,Small Cell Lung Cancer
gene12506,CYCS,Small Cell Lung Cancer,Small Cell Lung Cancer
gene12507,CDK6,Small Cell Lung Cancer,Small Cell Lung Cancer
gene12508,PIK3CD,Small Cell Lung Cancer,Small Cell Lung Cancer
gene12509,PIK3CG,Small Cell Lung Cancer,Small Cell Lung Cancer
gene12510,CCNE1,Small Cell Lung Cancer,Small Cell Lung Cancer
gene12511,PIK3R1,Small Cell Lung Cancer,Small Cell Lung Cancer
gene12512,CKS1B,Small Cell Lung Cancer,Small Cell Lung Cancer
gene12513,PIK3R2,Small Cell Lung Cancer,Small Cell Lung Cancer
gene12514,CASP9,Non Small Cell Lung Cancer,Non Small Cell Lung Cancer
gene12515,SOS2,Non Small Cell Lung Cancer,Non Small Cell Lung Cancer
gene12516,E2F1,Non Small Cell Lung Cancer,Non Small Cell Lung Cancer
gene12517,PRKCB,Non Small Cell Lung Cancer,Non Small Cell Lung Cancer
gene12518,RAF1,Non Small Cell Lung Cancer,Non Small Cell Lung Cancer
gene12519,PRKCA,Non Small Cell Lung Cancer,Non Small Cell Lung Cancer
gene12520,RARB,Non Small Cell Lung Cancer,Non Small Cell Lung Cancer
gene12521,BAD,Non Small Cell Lung Cancer,Non Small Cell Lung Cancer
gene12522,PRKCG,Non Small Cell Lung Cancer,Non Small Cell Lung Cancer
gene12523,ERBB2,Non Small Cell Lung Cancer,Non Small Cell Lung Cancer
gene12524,MAP2K2,Non Small Cell Lung Cancer,Non Small Cell Lung Cancer
gene12525,TGFA,Non Small Cell Lung Cancer,Non Small Cell Lung Cancer
gene12526,BRAF,Non Small Cell Lung Cancer,Non Small Cell Lung Cancer
gene12527,MAP2K1,Non Small Cell Lung Cancer,Non Small Cell Lung Cancer
gene12528,RXRB,Non Small Cell Lung Cancer,Non Small Cell Lung Cancer
gene12529,PDPK1,Non Small Cell Lung Cancer,Non Small Cell Lung Cancer
gene12530,RXRG,Non Small Cell Lung Cancer,Non Small Cell Lung Cancer
gene12531,RB1,Non Small Cell Lung Cancer,Non Small Cell Lung Cancer
gene12532,RXRA,Non Small Cell Lung Cancer,Non Small Cell Lung Cancer
gene12533,RASSF1,Non Small Cell Lung Cancer,Non Small Cell Lung Cancer
gene12534,AKT1,Non Small Cell Lung Cancer,Non Small Cell Lung Cancer
gene12535,AKT2,Non Small Cell Lung Cancer,Non Small Cell Lung Cancer
gene12536,NRAS,Non Small Cell Lung Cancer,Non Small Cell Lung Cancer
gene12537,AKT3,Non Small Cell Lung Cancer,Non Small Cell Lung Cancer
gene12538,GRB2,Non Small Cell Lung Cancer,Non Small Cell Lung Cancer
gene12539,MAPK3,Non Small Cell Lung Cancer,Non Small Cell Lung Cancer
gene12540,SOS1,Non Small Cell Lung Cancer,Non Small Cell Lung Cancer
gene12541,MAPK1,Non Small Cell Lung Cancer,Non Small Cell Lung Cancer
gene12542,PIK3R5,Non Small Cell Lung Cancer,Non Small Cell Lung Cancer
gene12543,HRAS,Non Small Cell Lung Cancer,Non Small Cell Lung Cancer
gene12544,EGFR,Non Small Cell Lung Cancer,Non Small Cell Lung Cancer
gene12545,KRAS,Non Small Cell Lung Cancer,Non Small Cell Lung Cancer
gene12546,CDKN2A,Non Small Cell Lung Cancer,Non Small Cell Lung Cancer
gene12547,EGF,Non Small Cell Lung Cancer,Non Small Cell Lung Cancer
gene12548,RASSF5,Non Small Cell Lung Cancer,Non Small Cell Lung Cancer
gene12549,FHIT,Non Small Cell Lung Cancer,Non Small Cell Lung Cancer
gene12550,STK4,Non Small Cell Lung Cancer,Non Small Cell Lung Cancer
gene12551,ARAF,Non Small Cell Lung Cancer,Non Small Cell Lung Cancer
gene12552,CCND1,Non Small Cell Lung Cancer,Non Small Cell Lung Cancer
gene12553,PIK3R3,Non Small Cell Lung Cancer,Non Small Cell Lung Cancer
gene12554,FOXO3,Non Small Cell Lung Cancer,Non Small Cell Lung Cancer
gene12555,CDK4,Non Small Cell Lung Cancer,Non Small Cell Lung Cancer
gene12556,TP53,Non Small Cell Lung Cancer,Non Small Cell Lung Cancer
gene12557,E2F3,Non Small Cell Lung Cancer,Non Small Cell Lung Cancer
gene12558,E2F2,Non Small Cell Lung Cancer,Non Small Cell Lung Cancer
gene12559,PIK3CA,Non Small Cell Lung Cancer,Non Small Cell Lung Cancer
gene12560,PIK3CB,Non Small Cell Lung Cancer,Non Small Cell Lung Cancer
gene12561,CDK6,Non Small Cell Lung Cancer,Non Small Cell Lung Cancer
gene12562,PIK3CD,Non Small Cell Lung Cancer,Non Small Cell Lung Cancer
gene12563,PLCG1,Non Small Cell Lung Cancer,Non Small Cell Lung Cancer
gene12564,PLCG2,Non Small Cell Lung Cancer,Non Small Cell Lung Cancer
gene12565,PIK3CG,Non Small Cell Lung Cancer,Non Small Cell Lung Cancer
gene12566,PIK3R1,Non Small Cell Lung Cancer,Non Small Cell Lung Cancer
gene12567,PIK3R2,Non Small Cell Lung Cancer,Non Small Cell Lung Cancer
gene12568,HLA-DRB4,Asthma,Asthma
gene12569,HLA-DRB5,Asthma,Asthma
gene12570,HLA-DOA,Asthma,Asthma
gene12571,HLA-DOB,Asthma,Asthma
gene12572,HLA-DRB3,Asthma,Asthma
gene12573,IL3,Asthma,Asthma
gene12574,TNF,Asthma,Asthma
gene12575,CCL11,Asthma,Asthma
gene12576,EPX,Asthma,Asthma
gene12577,FCER1G,Asthma,Asthma
gene12578,MS4A2,Asthma,Asthma
gene12579,HLA-DMB,Asthma,Asthma
gene12580,FCER1A,Asthma,Asthma
gene12581,HLA-DMA,Asthma,Asthma
gene12582,IL9,Asthma,Asthma
gene12583,CD40LG,Asthma,Asthma
gene12584,HLA-DPA1,Asthma,Asthma
gene12585,CD40,Asthma,Asthma
gene12586,HLA-DPB1,Asthma,Asthma
gene12587,IL13,Asthma,Asthma
gene12588,HLA-DQA1,Asthma,Asthma
gene12589,HLA-DQA2,Asthma,Asthma
gene12590,HLA-DQB1,Asthma,Asthma
gene12591,PRG2,Asthma,Asthma
gene12592,RNASE3,Asthma,Asthma
gene12593,IL4,Asthma,Asthma
gene12594,IL5,Asthma,Asthma
gene12595,IL10,Asthma,Asthma
gene12596,HLA-DRB1,Asthma,Asthma
gene12597,HLA-DRA,Asthma,Asthma
gene12598,HLA-DOA,Autoimmune Thyroid Disease,Autoimmune Thyroid Disease
gene12599,HLA-DOB,Autoimmune Thyroid Disease,Autoimmune Thyroid Disease
gene12600,CD80,Autoimmune Thyroid Disease,Autoimmune Thyroid Disease
gene12601,CD86,Autoimmune Thyroid Disease,Autoimmune Thyroid Disease
gene12602,CD28,Autoimmune Thyroid Disease,Autoimmune Thyroid Disease
gene12603,IFNA5,Autoimmune Thyroid Disease,Autoimmune Thyroid Disease
gene12604,IFNA4,Autoimmune Thyroid Disease,Autoimmune Thyroid Disease
gene12605,IFNA2,Autoimmune Thyroid Disease,Autoimmune Thyroid Disease
gene12606,TSHR,Autoimmune Thyroid Disease,Autoimmune Thyroid Disease
gene12607,TSHB,Autoimmune Thyroid Disease,Autoimmune Thyroid Disease
gene12608,IFNA1,Autoimmune Thyroid Disease,Autoimmune Thyroid Disease
gene12609,HLA-C,Autoimmune Thyroid Disease,Autoimmune Thyroid Disease
gene12610,HLA-B,Autoimmune Thyroid Disease,Autoimmune Thyroid Disease
gene12611,HLA-DMB,Autoimmune Thyroid Disease,Autoimmune Thyroid Disease
gene12612,HLA-DMA,Autoimmune Thyroid Disease,Autoimmune Thyroid Disease
gene12613,HLA-A,Autoimmune Thyroid Disease,Autoimmune Thyroid Disease
gene12614,HLA-G,Autoimmune Thyroid Disease,Autoimmune Thyroid Disease
gene12615,TG,Autoimmune Thyroid Disease,Autoimmune Thyroid Disease
gene12616,CGA,Autoimmune Thyroid Disease,Autoimmune Thyroid Disease
gene12617,IFNA17,Autoimmune Thyroid Disease,Autoimmune Thyroid Disease
gene12618,IFNA21,Autoimmune Thyroid Disease,Autoimmune Thyroid Disease
gene12619,IFNA6,Autoimmune Thyroid Disease,Autoimmune Thyroid Disease
gene12620,IFNA7,Autoimmune Thyroid Disease,Autoimmune Thyroid Disease
gene12621,PRF1,Autoimmune Thyroid Disease,Autoimmune Thyroid Disease
gene12622,IFNA8,Autoimmune Thyroid Disease,Autoimmune Thyroid Disease
gene12623,IFNA10,Autoimmune Thyroid Disease,Autoimmune Thyroid Disease
gene12624,IFNA13,Autoimmune Thyroid Disease,Autoimmune Thyroid Disease
gene12625,IFNA14,Autoimmune Thyroid Disease,Autoimmune Thyroid Disease
gene12626,GZMB,Autoimmune Thyroid Disease,Autoimmune Thyroid Disease
gene12627,IFNA16,Autoimmune Thyroid Disease,Autoimmune Thyroid Disease
gene12628,TPO,Autoimmune Thyroid Disease,Autoimmune Thyroid Disease
gene12629,IL10,Autoimmune Thyroid Disease,Autoimmune Thyroid Disease
gene12630,CTLA4,Autoimmune Thyroid Disease,Autoimmune Thyroid Disease
gene12631,HLA-DRB4,Autoimmune Thyroid Disease,Autoimmune Thyroid Disease
gene12632,HLA-DRB5,Autoimmune Thyroid Disease,Autoimmune Thyroid Disease
gene12633,HLA-DRB3,Autoimmune Thyroid Disease,Autoimmune Thyroid Disease
gene12634,HLA-F,Autoimmune Thyroid Disease,Autoimmune Thyroid Disease
gene12635,HLA-E,Autoimmune Thyroid Disease,Autoimmune Thyroid Disease
gene12636,IL2,Autoimmune Thyroid Disease,Autoimmune Thyroid Disease
gene12637,CD40LG,Autoimmune Thyroid Disease,Autoimmune Thyroid Disease
gene12638,HLA-DPA1,Autoimmune Thyroid Disease,Autoimmune Thyroid Disease
gene12639,CD40,Autoimmune Thyroid Disease,Autoimmune Thyroid Disease
gene12640,HLA-DPB1,Autoimmune Thyroid Disease,Autoimmune Thyroid Disease
gene12641,HLA-DQA1,Autoimmune Thyroid Disease,Autoimmune Thyroid Disease
gene12642,HLA-DQA2,Autoimmune Thyroid Disease,Autoimmune Thyroid Disease
gene12643,HLA-DQB1,Autoimmune Thyroid Disease,Autoimmune Thyroid Disease
gene12644,FAS,Autoimmune Thyroid Disease,Autoimmune Thyroid Disease
gene12645,FASLG,Autoimmune Thyroid Disease,Autoimmune Thyroid Disease
gene12646,IL4,Autoimmune Thyroid Disease,Autoimmune Thyroid Disease
gene12647,IL5,Autoimmune Thyroid Disease,Autoimmune Thyroid Disease
gene12648,HLA-DRB1,Autoimmune Thyroid Disease,Autoimmune Thyroid Disease
gene12649,HLA-DRA,Autoimmune Thyroid Disease,Autoimmune Thyroid Disease
gene12650,HLA-DRB4,Allograft Rejection,Allograft Rejection
gene12651,HLA-DRB5,Allograft Rejection,Allograft Rejection
gene12652,HLA-DOA,Allograft Rejection,Allograft Rejection
gene12653,HLA-DOB,Allograft Rejection,Allograft Rejection
gene12654,HLA-DRB3,Allograft Rejection,Allograft Rejection
gene12655,CD80,Allograft Rejection,Allograft Rejection
gene12656,CD86,Allograft Rejection,Allograft Rejection
gene12657,CD28,Allograft Rejection,Allograft Rejection
gene12658,TNF,Allograft Rejection,Allograft Rejection
gene12659,IFNG,Allograft Rejection,Allograft Rejection
gene12660,HLA-C,Allograft Rejection,Allograft Rejection
gene12661,HLA-B,Allograft Rejection,Allograft Rejection
gene12662,HLA-DMB,Allograft Rejection,Allograft Rejection
gene12663,HLA-DMA,Allograft Rejection,Allograft Rejection
gene12664,HLA-F,Allograft Rejection,Allograft Rejection
gene12665,HLA-E,Allograft Rejection,Allograft Rejection
gene12666,HLA-A,Allograft Rejection,Allograft Rejection
gene12667,IL2,Allograft Rejection,Allograft Rejection
gene12668,CD40LG,Allograft Rejection,Allograft Rejection
gene12669,HLA-DPA1,Allograft Rejection,Allograft Rejection
gene12670,CD40,Allograft Rejection,Allograft Rejection
gene12671,IL12B,Allograft Rejection,Allograft Rejection
gene12672,HLA-DPB1,Allograft Rejection,Allograft Rejection
gene12673,HLA-DQA1,Allograft Rejection,Allograft Rejection
gene12674,HLA-G,Allograft Rejection,Allograft Rejection
gene12675,HLA-DQA2,Allograft Rejection,Allograft Rejection
gene12676,IL12A,Allograft Rejection,Allograft Rejection
gene12677,HLA-DQB1,Allograft Rejection,Allograft Rejection
gene12678,PRF1,Allograft Rejection,Allograft Rejection
gene12679,FAS,Allograft Rejection,Allograft Rejection
gene12680,FASLG,Allograft Rejection,Allograft Rejection
gene12681,GZMB,Allograft Rejection,Allograft Rejection
gene12682,IL4,Allograft Rejection,Allograft Rejection
gene12683,IL5,Allograft Rejection,Allograft Rejection
gene12684,IL10,Allograft Rejection,Allograft Rejection
gene12685,HLA-DRB1,Allograft Rejection,Allograft Rejection
gene12686,HLA-DRA,Allograft Rejection,Allograft Rejection
gene12687,HLA-DRB4,Graft Versus Host Disease,Graft Versus Host Disease
gene12688,KIR2DL1,Graft Versus Host Disease,Graft Versus Host Disease
gene12689,HLA-DRB5,Graft Versus Host Disease,Graft Versus Host Disease
gene12690,HLA-DOA,Graft Versus Host Disease,Graft Versus Host Disease
gene12691,HLA-DOB,Graft Versus Host Disease,Graft Versus Host Disease
gene12692,HLA-DRB3,Graft Versus Host Disease,Graft Versus Host Disease
gene12693,CD80,Graft Versus Host Disease,Graft Versus Host Disease
gene12694,CD86,Graft Versus Host Disease,Graft Versus Host Disease
gene12695,KLRD1,Graft Versus Host Disease,Graft Versus Host Disease
gene12696,KLRC1,Graft Versus Host Disease,Graft Versus Host Disease
gene12697,CD28,Graft Versus Host Disease,Graft Versus Host Disease
gene12698,TNF,Graft Versus Host Disease,Graft Versus Host Disease
gene12699,KIR2DL2,Graft Versus Host Disease,Graft Versus Host Disease
gene12700,KIR2DL3,Graft Versus Host Disease,Graft Versus Host Disease
gene12701,IFNG,Graft Versus Host Disease,Graft Versus Host Disease
gene12702,HLA-C,Graft Versus Host Disease,Graft Versus Host Disease
gene12703,HLA-B,Graft Versus Host Disease,Graft Versus Host Disease
gene12704,HLA-DMB,Graft Versus Host Disease,Graft Versus Host Disease
gene12705,IL1B,Graft Versus Host Disease,Graft Versus Host Disease
gene12706,HLA-DMA,Graft Versus Host Disease,Graft Versus Host Disease
gene12707,HLA-F,Graft Versus Host Disease,Graft Versus Host Disease
gene12708,HLA-E,Graft Versus Host Disease,Graft Versus Host Disease
gene12709,HLA-A,Graft Versus Host Disease,Graft Versus Host Disease
gene12710,IL2,Graft Versus Host Disease,Graft Versus Host Disease
gene12711,HLA-DPA1,Graft Versus Host Disease,Graft Versus Host Disease
gene12712,HLA-DPB1,Graft Versus Host Disease,Graft Versus Host Disease
gene12713,HLA-DQA1,Graft Versus Host Disease,Graft Versus Host Disease
gene12714,HLA-G,Graft Versus Host Disease,Graft Versus Host Disease
gene12715,KIR3DL1,Graft Versus Host Disease,Graft Versus Host Disease
gene12716,HLA-DQA2,Graft Versus Host Disease,Graft Versus Host Disease
gene12717,KIR3DL2,Graft Versus Host Disease,Graft Versus Host Disease
gene12718,HLA-DQB1,Graft Versus Host Disease,Graft Versus Host Disease
gene12719,IL1A,Graft Versus Host Disease,Graft Versus Host Disease
gene12720,PRF1,Graft Versus Host Disease,Graft Versus Host Disease
gene12721,FAS,Graft Versus Host Disease,Graft Versus Host Disease
gene12722,FASLG,Graft Versus Host Disease,Graft Versus Host Disease
gene12723,GZMB,Graft Versus Host Disease,Graft Versus Host Disease
gene12724,KIR2DL5A,Graft Versus Host Disease,Graft Versus Host Disease
gene12725,IL6,Graft Versus Host Disease,Graft Versus Host Disease
gene12726,HLA-DRB1,Graft Versus Host Disease,Graft Versus Host Disease
gene12727,HLA-DRA,Graft Versus Host Disease,Graft Versus Host Disease
gene12728,CASP9,Viral Myocarditis,Viral Myocarditis
gene12729,CASP8,Viral Myocarditis,Viral Myocarditis
gene12730,HLA-DOA,Viral Myocarditis,Viral Myocarditis
gene12731,HLA-DOB,Viral Myocarditis,Viral Myocarditis
gene12732,CD80,Viral Myocarditis,Viral Myocarditis
gene12733,CD86,Viral Myocarditis,Viral Myocarditis
gene12734,CD28,Viral Myocarditis,Viral Myocarditis
gene12735,EIF4G3,Viral Myocarditis,Viral Myocarditis
gene12736,ITGAL,Viral Myocarditis,Viral Myocarditis
gene12737,ICAM1,Viral Myocarditis,Viral Myocarditis
gene12738,CXADR,Viral Myocarditis,Viral Myocarditis
gene12739,MYH13,Viral Myocarditis,Viral Myocarditis
gene12740,HLA-C,Viral Myocarditis,Viral Myocarditis
gene12741,HLA-B,Viral Myocarditis,Viral Myocarditis
gene12742,MYH14,Viral Myocarditis,Viral Myocarditis
gene12743,HLA-DMB,Viral Myocarditis,Viral Myocarditis
gene12744,HLA-DMA,Viral Myocarditis,Viral Myocarditis
gene12745,MYH1,Viral Myocarditis,Viral Myocarditis
gene12746,HLA-A,Viral Myocarditis,Viral Myocarditis
gene12747,DMD,Viral Myocarditis,Viral Myocarditis
gene12748,MYH15,Viral Myocarditis,Viral Myocarditis
gene12749,RAC2,Viral Myocarditis,Viral Myocarditis
gene12750,BID,Viral Myocarditis,Viral Myocarditis
gene12751,HLA-G,Viral Myocarditis,Viral Myocarditis
gene12752,RAC3,Viral Myocarditis,Viral Myocarditis
gene12753,ABL1,Viral Myocarditis,Viral Myocarditis
gene12754,ABL2,Viral Myocarditis,Viral Myocarditis
gene12755,CASP3,Viral Myocarditis,Viral Myocarditis
gene12756,EIF4G2,Viral Myocarditis,Viral Myocarditis
gene12757,PRF1,Viral Myocarditis,Viral Myocarditis
gene12758,EIF4G1,Viral Myocarditis,Viral Myocarditis
gene12759,ITGB2,Viral Myocarditis,Viral Myocarditis
gene12760,ACTG1,Viral Myocarditis,Viral Myocarditis
gene12761,RAC1,Viral Myocarditis,Viral Myocarditis
gene12762,SGCD,Viral Myocarditis,Viral Myocarditis
gene12763,HLA-DRB4,Viral Myocarditis,Viral Myocarditis
gene12764,SGCG,Viral Myocarditis,Viral Myocarditis
gene12765,HLA-DRB5,Viral Myocarditis,Viral Myocarditis
gene12766,SGCA,Viral Myocarditis,Viral Myocarditis
gene12767,SGCB,Viral Myocarditis,Viral Myocarditis
gene12768,HLA-DRB3,Viral Myocarditis,Viral Myocarditis
gene12769,DAG1,Viral Myocarditis,Viral Myocarditis
gene12770,CD55,Viral Myocarditis,Viral Myocarditis
gene12771,LAMA2,Viral Myocarditis,Viral Myocarditis
gene12772,ACTB,Viral Myocarditis,Viral Myocarditis
gene12773,HLA-F,Viral Myocarditis,Viral Myocarditis
gene12774,HLA-E,Viral Myocarditis,Viral Myocarditis
gene12775,CD40LG,Viral Myocarditis,Viral Myocarditis
gene12776,CCND1,Viral Myocarditis,Viral Myocarditis
gene12777,HLA-DPA1,Viral Myocarditis,Viral Myocarditis
gene12778,CD40,Viral Myocarditis,Viral Myocarditis
gene12779,HLA-DPB1,Viral Myocarditis,Viral Myocarditis
gene12780,MYH7B,Viral Myocarditis,Viral Myocarditis
gene12781,HLA-DQA1,Viral Myocarditis,Viral Myocarditis
gene12782,HLA-DQA2,Viral Myocarditis,Viral Myocarditis
gene12783,HLA-DQB1,Viral Myocarditis,Viral Myocarditis
gene12784,CAV1,Viral Myocarditis,Viral Myocarditis
gene12785,MYH3,Viral Myocarditis,Viral Myocarditis
gene12786,MYH2,Viral Myocarditis,Viral Myocarditis
gene12787,CYCS,Viral Myocarditis,Viral Myocarditis
gene12788,MYH4,Viral Myocarditis,Viral Myocarditis
gene12789,MYH7,Viral Myocarditis,Viral Myocarditis
gene12790,MYH6,Viral Myocarditis,Viral Myocarditis
gene12791,MYH9,Viral Myocarditis,Viral Myocarditis
gene12792,MYH8,Viral Myocarditis,Viral Myocarditis
gene12793,MYH11,Viral Myocarditis,Viral Myocarditis
gene12794,FYN,Viral Myocarditis,Viral Myocarditis
gene12795,MYH10,Viral Myocarditis,Viral Myocarditis
gene12796,HLA-DRB1,Viral Myocarditis,Viral Myocarditis
gene12797,HLA-DRA,Viral Myocarditis,Viral Myocarditis
