srcdna_id,dstdna_id
577,626
69,460
69,125
69,293
69,191
460,125
460,293
460,191
125,293
125,191
293,191
69,1054
460,1054
1054,125
1054,293
577,790
577,407
577,344
790,407
790,344
407,344
460,43
460,626
43,293
43,626
293,626
407,599
407,931
599,931
599,344
931,344
446,720
446,16
720,16
311,160
771,750
771,485
771,458
771,445
771,612
750,485
750,458
750,445
750,612
485,458
485,445
485,612
458,445
458,612
445,612
460,210
460,947
210,947
1046,432
1046,446
432,446
147,43
105,545
69,441
69,457
69,1066
69,931
69,626
69,1003
441,457
441,1066
441,931
441,626
441,1003
457,1066
457,931
457,626
457,1003
1066,931
1066,626
1066,1003
931,626
931,1003
626,1003
463,1033
463,783
1033,783
69,614
69,884
69,783
69,463
69,1033
69,555
614,884
614,783
614,463
614,1033
614,555
884,783
884,463
884,1033
884,555
783,463
783,1033
783,555
463,555
1033,555
808,59
808,48
59,48
69,720
72,48
90,16
69,358
358,614
933,517
933,69
517,69
808,72
863,1033
863,1062
1033,1062
457,191
1005,976
1005,953
1005,633
976,953
976,633
953,633
714,976
714,435
976,435
692,293
692,463
293,463
947,861
947,144
861,144
446,764
446,184
764,184
742,399
742,626
742,1033
399,626
399,1033
626,1033
39,399
611,861
611,822
611,144
861,822
822,144
611,407
611,613
611,607
407,613
407,607
613,607
913,413
913,973
913,433
413,973
413,433
973,433
228,975
228,291
975,291
895,226
895,677
895,613
226,677
226,613
677,613
69,392
69,413
69,607
69,132
69,802
69,190
69,95
392,413
392,607
392,132
392,802
392,190
392,95
413,607
413,132
413,802
413,190
413,95
607,132
607,802
607,190
607,95
132,802
132,190
132,95
802,190
802,95
190,95
599,1003
599,937
1003,937
308,517
308,613
517,613
228,944
228,919
975,944
975,919
944,919
160,931
747,790
457,90
457,228
457,445
457,524
457,746
457,531
90,228
90,445
90,524
90,746
90,531
228,445
228,524
228,746
228,531
445,524
445,746
445,531
524,746
524,531
746,531
436,599
436,937
436,516
599,516
937,516
976,1054
976,454
976,90
1054,454
1054,90
454,90
460,994
460,407
460,532
460,747
460,919
994,407
994,532
994,747
994,919
407,532
407,747
407,919
532,747
532,919
747,919
457,60
457,954
457,519
60,954
60,746
60,519
60,531
954,746
954,519
954,531
746,519
519,531
228,1052
228,618
228,532
1052,618
1052,975
1052,532
618,975
618,532
975,532
747,994
460,1052
460,618
460,975
1052,994
1052,747
994,618
994,975
618,747
975,747
457,344
60,931
60,344
931,746
746,344
392,917
392,599
392,436
392,937
392,891
917,599
917,436
917,937
917,891
599,436
599,891
436,891
937,891
808,516
808,75
516,75
125,209
1046,160
323,973
445,226
445,105
445,762
226,105
226,762
105,762
519,423
519,1003
423,1003
613,601
613,358
613,163
601,358
601,163
358,163
445,748
445,209
748,209
692,531
692,746
531,746
460,1015
519,60
519,746
531,60
1050,545
1050,931
545,931
770,652
770,174
770,147
770,742
652,174
652,147
652,742
174,147
174,742
147,742
1046,1054
43,436
43,147
43,614
436,147
436,614
147,614
436,652
436,764
652,764
652,891
764,147
764,891
147,891
931,457
931,358
931,517
457,358
457,517
358,517
436,43
436,531
43,764
43,531
43,891
764,531
764,614
531,614
531,891
614,891
457,393
531,929
929,746
618,293
125,454
324,618
324,937
324,613
324,891
618,937
618,613
618,891
937,613
613,891
915,731
611,133
611,692
611,930
133,692
133,930
692,930
822,413
692,399
976,527
210,70
39,105
39,90
39,954
105,90
105,954
90,954
304,652
304,190
304,41
304,1033
304,891
652,190
652,41
652,1033
190,41
190,1033
190,891
41,1033
41,891
1033,891
788,954
460,659
772,436
772,917
772,912
772,147
436,917
436,912
917,912
917,147
912,147
270,932
270,1033
932,1033
912,293
912,1003
293,1003
611,445
612,853
1054,976
43,931
976,891
944,399
944,929
399,929
933,863
944,485
944,931
944,954
944,1003
944,70
485,931
485,929
485,954
485,1003
485,70
931,929
931,954
931,70
929,954
929,1003
929,70
954,1003
954,70
1003,70
1003,160
1003,191
160,191
293,895
293,424
293,16
895,424
895,16
424,16
929,256
929,191
256,1003
256,191
891,742
891,424
891,423
742,424
742,423
424,423
656,291
656,256
656,932
291,256
291,932
256,932
115,72
115,16
72,16
659,59
788,1052
788,323
788,288
788,379
1052,323
1052,288
1052,379
323,288
323,379
288,379
115,147
115,492
147,492
772,692
460,917
460,174
917,174
441,404
585,1015
585,460
585,884
585,212
585,407
1015,460
1015,884
1015,212
1015,407
460,884
460,212
884,212
884,407
212,407
633,919
752,531
517,144
1060,617
1060,973
1060,135
617,973
617,135
973,135
692,445
692,519
692,764
445,519
445,764
519,764
752,1050
752,225
752,937
1050,225
1050,937
225,937
690,147
690,407
147,407
944,174
944,457
944,160
174,457
174,160
457,160
392,822
392,902
822,132
822,902
822,891
132,902
132,891
902,891
82,160
82,746
160,746
399,1015
399,618
399,746
399,747
1015,618
1015,746
1015,747
618,746
746,747
585,633
585,1062
585,184
633,1062
633,184
1062,184
976,783
976,516
976,209
783,633
783,516
783,209
633,516
633,209
516,209
1050,822
1050,611
1050,105
1050,1054
1050,744
1050,863
822,611
822,105
822,1054
822,744
822,863
611,105
611,1054
611,744
611,863
105,1054
105,744
105,863
1054,744
1054,863
744,863
633,191
460,607
358,531
358,764
358,746
531,764
764,746
770,790
770,140
790,140
770,937
770,919
937,919
771,577
771,599
771,746
771,614
577,599
577,746
577,614
599,746
599,614
746,614
521,1062
521,931
521,184
1062,931
931,184
1015,973
770,994
770,611
770,618
770,746
770,613
994,611
994,746
994,613
611,618
611,746
746,613
270,311
270,588
270,95
311,588
311,95
588,95
445,213
445,225
213,225
221,225
221,48
225,48
313,748
313,931
748,931
577,435
746,435
445,954
445,414
445,1060
445,293
445,808
954,414
954,1060
954,293
954,808
414,1060
414,293
414,808
1060,293
1060,808
293,808
205,975
205,743
975,743
293,1062
714,915
895,790
895,764
895,652
790,764
790,652
764,652
748,43
748,119
43,119
253,748
253,822
253,407
748,822
748,407
822,407
618,931
618,105
618,954
931,105
457,748
457,1030
457,633
457,293
748,1030
748,633
748,293
1030,633
1030,293
633,293
463,140
293,38
607,757
607,431
607,291
607,184
607,256
757,431
757,291
757,184
757,256
431,291
431,184
431,256
291,184
184,256
933,423
933,997
933,209
423,997
423,209
997,209
221,460
221,313
221,1030
221,295
221,764
460,313
460,1030
460,295
460,764
313,1030
313,295
313,764
1030,295
1030,764
295,764
460,752
460,790
752,790
323,457
912,1050
912,432
912,192
1050,432
1050,192
432,192
492,1054
492,191
492,997
1054,191
1054,997
191,997
228,43
228,677
228,1030
43,677
43,1030
677,1030
392,313
392,237
392,119
313,237
313,119
237,119
212,902
212,184
902,184
577,1015
577,422
577,1062
577,1033
577,891
1015,422
1015,1062
1015,1033
1015,891
422,1062
422,1033
422,891
1062,1033
1062,891
304,163
304,746
163,746
358,790
358,144
790,144
239,714
239,895
239,746
239,978
239,555
714,895
714,746
714,978
714,555
895,746
895,978
895,555
746,978
746,555
978,555
577,788
291,613
1046,485
931,192
931,895
931,144
192,895
192,626
192,144
895,626
895,144
626,144
253,770
43,445
43,937
445,937
445,931
937,931
1050,997
1050,1033
1050,308
1050,256
997,1033
997,308
997,256
1033,308
1033,256
308,256
545,937
531,160
531,554
531,1033
160,554
160,1033
554,1033
147,436
147,545
147,937
436,545
554,160
554,481
554,605
554,191
160,481
160,605
481,605
481,191
605,191
445,160
445,43
160,43
414,902
105,690
531,766
531,853
766,853
308,521
308,790
521,790
69,16
69,748
69,1030
16,748
16,1030
16,931
1030,931
125,39
125,844
39,844
577,884
577,913
577,524
577,463
884,913
884,524
913,524
913,463
524,463
485,524
485,937
485,527
485,614
524,937
524,527
524,614
937,527
937,614
527,614
1015,931
884,617
884,652
884,790
884,532
884,613
617,652
617,790
617,532
617,613
652,790
652,532
652,613
790,532
790,613
532,613
228,1033
228,954
228,344
1033,954
1033,344
954,344
90,1015
90,931
90,853
90,70
1015,853
1015,70
931,853
853,70
1015,358
1015,947
358,947
824,757
214,190
214,457
214,861
190,457
190,861
457,861
69,618
69,638
618,191
618,638
191,638
323,947
323,744
947,744
210,38
613,424
613,311
613,929
424,311
424,929
311,929
564,545
564,954
564,184
545,954
545,184
954,184
1003,915
592,364
592,311
592,1033
592,521
592,613
364,311
364,1033
364,521
364,613
311,1033
311,521
311,613
1033,521
1033,613
521,613
1003,853
613,946
613,41
946,41
946,929
41,929
748,723
748,527
748,379
723,527
723,379
527,379
946,932
946,407
946,954
946,184
932,407
932,954
932,184
407,954
407,184
599,313
599,1066
599,105
599,160
599,43
313,1066
313,105
313,160
313,43
1066,105
1066,160
1066,43
105,160
105,43
422,407
422,994
407,1033
407,994
1033,994
213,527
205,746
205,564
746,564
424,783
424,41
424,256
424,719
783,41
783,929
783,256
783,719
41,256
41,719
929,719
256,719
1015,14
1015,564
1015,184
1015,919
14,564
14,184
14,919
564,919
184,919
1050,592
1050,424
1050,994
1050,160
1050,613
592,424
592,994
592,160
424,994
424,160
424,613
994,160
160,613
932,587
932,43
932,293
932,492
932,891
587,43
587,293
587,492
587,891
43,492
293,492
293,891
492,891
1050,719
1050,638
1050,783
719,638
719,783
638,783
43,133
43,545
43,379
133,545
133,379
545,379
69,612
752,256
69,310
69,861
310,861
69,265
265,190
265,618
265,310
265,191
190,618
190,310
190,191
618,310
310,191
423,802
577,72
577,822
577,445
577,142
577,738
72,822
72,445
72,142
72,738
822,445
822,142
822,738
445,142
445,738
142,738
460,742
460,692
460,1009
742,692
742,1009
692,1009
612,607
445,1009
1046,499
976,105
976,414
976,293
105,633
105,414
105,293
633,414
861,553
105,48
105,192
48,192
115,633
115,225
633,225
212,72
212,413
212,1062
72,413
72,1062
413,1062
788,862
788,205
788,884
788,553
788,895
862,205
862,884
862,553
862,895
205,884
205,553
205,895
884,553
884,895
553,895
954,107
954,209
107,209
788,140
788,770
788,652
788,766
140,770
140,652
140,766
770,766
652,766
431,954
634,553
634,213
634,291
634,499
553,213
553,291
553,499
213,291
213,499
291,499
291,531
612,988
612,433
988,433
1046,105
1052,59
1052,434
975,59
975,288
975,434
59,288
59,434
288,434
618,212
612,955
1046,147
1046,545
1046,891
545,891
612,518
612,690
518,690
743,1015
743,824
1015,824
399,690
824,743
824,920
824,626
824,82
824,861
743,920
743,626
743,82
743,861
920,626
920,82
920,861
626,82
626,861
82,861
605,861
605,824
861,824
554,805
554,125
554,861
554,891
805,125
805,861
805,891
125,861
125,891
861,891
931,445
931,432
931,407
931,545
445,432
445,407
445,545
432,407
432,545
407,545
975,770
975,424
975,931
770,424
770,931
424,931
577,861
577,434
861,434
125,932
125,140
932,140
1052,521
345,638
1054,432
1054,59
1054,762
432,59
432,762
59,762
605,748
577,253
577,399
577,931
577,59
577,147
577,256
253,399
253,931
253,59
253,147
253,256
399,931
399,59
399,147
399,256
931,59
931,147
931,256
59,147
59,256
147,256
932,436
932,599
932,937
932,752
932,915
436,752
436,915
599,752
599,915
937,752
937,915
752,915
521,617
521,997
617,997
714,844
714,310
844,310
228,555
228,761
555,761
204,404
204,933
404,933
460,946
460,239
460,433
946,239
946,433
239,433
599,994
599,802
599,618
599,288
994,802
994,937
994,752
994,288
802,618
802,937
802,752
802,288
618,752
618,288
937,288
752,288
392,618
436,618
237,510
946,553
946,714
946,311
946,764
946,752
433,553
433,714
433,311
433,764
433,752
553,714
553,311
553,764
553,752
714,311
714,764
714,752
311,764
311,752
764,752
115,937
115,802
937,802
599,392
937,618
404,824
599,115
313,994
313,115
313,752
994,115
115,752
599,917
295,519
295,510
519,510
392,994
392,192
392,752
607,599
607,313
607,994
607,192
607,618
607,937
607,752
599,192
313,192
313,618
313,937
994,192
192,618
192,937
192,752
304,436
304,599
304,917
304,802
304,618
304,937
304,288
304,434
436,802
436,288
436,434
599,434
917,802
917,618
917,288
917,434
802,434
618,434
937,434
250,731
250,433
731,433
953,915
135,1085
135,95
1085,95
761,762
752,293
752,884
752,930
293,884
293,930
884,930
160,492
160,731
160,184
492,731
492,184
731,184
1050,532
532,994
527,690
527,564
690,564
771,43
458,147
458,160
458,770
147,160
147,770
160,770
714,344
714,932
714,744
344,932
344,744
932,744
531,1015
932,976
932,770
932,743
932,160
976,770
976,743
976,160
770,743
770,160
743,160
313,266
313,633
266,633
1085,919
228,770
228,160
228,929
228,613
770,43
770,929
770,531
160,929
160,531
43,929
43,613
929,531
929,613
531,613
228,917
228,652
228,463
228,764
228,358
917,770
917,652
917,463
917,764
917,358
770,463
770,764
770,358
652,463
652,358
463,764
463,358
764,358
256,407
256,70
407,70
772,1003
210,265
69,436
69,60
69,135
436,60
436,135
60,135
790,626
39,293
39,759
293,759
460,895
460,614
460,423
895,614
895,423
614,423
656,460
656,214
656,14
460,214
460,14
214,14
60,436
60,599
60,937
60,614
39,531
39,16
531,954
531,16
954,16
423,160
692,564
113,220
113,932
113,119
220,932
220,119
932,119
738,719
460,436
599,531
599,435
531,435
614,499
614,434
499,434
460,772
313,772
750,457
750,16
457,16
253,457
253,759
253,60
253,454
253,1003
457,759
457,454
759,60
759,454
759,1003
60,454
60,1003
454,1003
772,226
772,931
772,105
772,344
226,931
226,344
105,344
638,802
947,404
618,59
434,107
714,434
457,937
457,802
457,997
937,997
802,997
656,228
656,43
460,228
605,822
605,802
822,802
988,105
988,407
988,39
988,613
988,891
105,407
105,39
105,613
105,891
407,39
407,891
39,613
39,891
947,788
947,988
947,891
788,988
788,891
190,295
788,41
788,719
752,392
752,1033
392,1033
599,1033
105,1030
90,1030
90,407
1030,407
752,988
392,988
445,592
445,39
445,802
592,39
592,802
39,802
519,552
997,670
516,862
516,311
516,344
862,311
862,344
311,344
125,592
788,358
788,107
358,107
1015,822
822,422
822,746
422,746
1085,937
1085,433
937,433
69,212
69,823
69,752
392,212
392,823
392,614
212,823
212,752
212,614
823,752
823,614
752,614
1066,433
973,521
973,802
521,802
577,978
577,994
253,978
253,994
978,994
823,6
823,454
823,613
6,454
6,613
454,613
107,997
107,746
997,746
190,413
190,814
413,814
200,446
200,226
200,414
200,39
446,226
446,414
446,39
226,414
226,39
414,39
517,937
517,973
517,633
937,973
937,633
973,633
617,1015
446,822
446,762
446,1062
446,954
446,454
822,762
822,1062
822,954
822,454
762,1062
762,954
762,454
1062,954
1062,454
954,454
190,220
190,750
190,670
220,750
220,670
750,670
253,1050
253,72
253,997
253,764
1050,72
1050,764
72,997
72,764
997,764
190,1009
752,399
752,720
399,720
190,226
458,746
458,1030
458,184
746,1030
746,184
1030,184
69,220
69,588
69,1062
69,633
69,738
69,379
413,220
413,588
413,633
413,738
413,379
220,588
220,1062
220,633
220,738
220,379
588,1062
588,633
588,738
588,379
1062,633
1062,738
1062,379
633,738
633,379
738,379
1050,324
1050,802
1050,618
324,802
599,1050
599,324
912,976
912,324
912,1054
912,919
976,324
976,919
324,1054
324,919
1054,919
599,932
599,510
932,510
932,931
510,931
592,256
592,431
592,288
256,431
256,288
431,288
1050,748
1050,930
1050,113
1050,1046
748,930
748,113
748,1046
930,113
930,1046
113,1046
599,976
976,618
976,937
976,752
324,752
599,718
718,618
718,937
718,915
618,915
253,531
253,954
771,422
771,1052
771,1030
771,555
422,1052
422,1030
422,555
1052,1030
1052,555
1030,555
822,519
822,605
822,531
822,613
519,605
519,613
605,531
605,613
160,973
613,973
1015,976
1015,937
752,638
399,638
752,59
147,564
485,912
485,588
485,895
912,588
912,895
912,954
588,895
588,954
895,954
436,1052
313,434
714,75
714,60
75,60
714,441
714,521
441,521
441,434
521,434
656,614
656,436
656,599
656,191
614,460
614,436
614,599
614,191
460,599
436,191
599,191
457,853
457,915
853,937
853,915
772,884
358,633
790,802
790,997
588,997
588,802
588,142
997,802
997,142
802,142
43,599
599,764
614,764
358,638
656,293
293,43
460,954
692,626
692,954
626,954
69,599
454,997
454,142
1052,191
1052,790
191,790
759,954
147,599
436,564
599,564
719,790
738,1030
738,891
719,1030
719,891
1030,891
200,932
200,607
200,38
200,770
200,265
200,445
200,358
932,607
932,38
932,265
932,445
932,358
607,38
607,770
607,265
607,445
607,358
38,770
38,265
38,445
38,358
770,265
770,445
265,445
265,358
445,358
345,1050
345,463
345,1033
1050,463
132,577
132,844
577,844
771,518
771,932
771,913
771,358
518,932
518,913
518,358
932,913
913,358
200,458
200,931
200,519
932,458
932,519
458,931
458,519
931,519
771,912
771,1050
531,43
304,413
304,226
304,432
304,605
413,226
413,432
413,605
226,432
226,605
432,605
748,212
748,902
748,531
212,930
212,531
930,902
930,531
902,531
304,308
304,519
652,432
652,308
652,519
432,308
432,519
308,519
750,225
750,213
750,719
750,1033
750,531
225,213
225,719
225,1033
225,531
213,719
213,1033
213,531
719,1033
719,531
1033,531
1005,748
39,308
601,718
601,393
601,379
718,393
718,379
393,379
457,723
226,761
605,761
38,714
38,105
38,1085
38,937
714,105
714,1085
714,937
105,1085
105,937
577,304
577,592
577,413
577,492
577,41
304,592
304,422
304,492
592,413
592,422
592,492
592,41
592,434
413,422
413,492
413,41
413,434
422,492
422,41
422,434
492,41
492,434
41,434
614,200
614,937
614,612
614,288
614,545
200,937
200,612
200,288
200,545
937,612
937,545
612,288
612,545
288,545
436,133
436,953
133,953
6,90
6,937
6,931
90,937
1046,552
133,226
133,931
133,937
133,954
226,937
226,954
931,937
937,954
552,413
552,174
552,777
552,747
413,174
413,777
413,747
174,777
174,747
777,747
226,783
954,783
461,133
461,954
592,638
413,638
750,954
750,212
750,902
954,212
954,902
436,304
436,308
436,174
304,174
308,174
1005,1050
1005,599
1050,599
750,634
634,225
304,1003
304,770
1003,770
228,293
228,614
293,614
976,1085
976,531
770,1085
770,891
743,1085
743,531
743,891
1085,531
1085,891
929,142
954,564
463,757
1066,291
1066,670
291,670
823,978
823,463
823,757
978,463
978,757
521,720
125,976
125,43
976,43
200,90
200,407
69,446
69,805
446,805
304,976
304,358
304,932
976,358
976,932
358,932
777,41
69,163
310,638
524,994
524,976
891,790
891,814
790,814
743,192
743,633
743,434
743,144
192,633
192,434
633,434
633,144
434,144
747,770
747,192
770,192
212,937
1015,485
553,192
613,239
761,379
814,614
814,853
814,805
614,853
614,805
853,805
731,324
731,407
731,1062
324,407
324,1062
407,1062
1060,750
1060,1030
1060,379
750,1030
750,379
1030,379
1066,617
1066,532
617,43
43,532
677,718
677,937
133,60
460,677
460,492
677,492
270,750
270,413
270,1030
270,605
750,413
750,605
413,1030
1030,605
445,38
38,142
41,919
577,973
577,652
973,652
617,761
518,884
518,614
518,783
884,614
1,884
1,633
1,626
1,435
884,633
884,626
884,435
633,626
633,435
626,435
657,862
657,432
862,432
358,499
531,499
460,105
460,634
105,634
228,633
228,553
633,532
633,553
532,553
454,531
531,997
457,404
457,823
457,1033
457,147
457,75
404,823
404,1033
404,147
404,75
823,1033
823,147
823,75
1033,147
1033,75
147,75
200,228
200,748
200,174
200,291
200,805
200,752
200,731
228,748
228,174
228,805
228,752
228,731
748,174
748,291
748,805
748,752
748,731
174,291
174,805
174,752
174,731
291,805
291,752
291,731
805,752
805,731
752,731
531,142
618,702
702,931
39,392
39,748
392,748
750,748
750,770
750,895
750,43
750,747
748,770
748,895
748,747
770,895
770,747
895,43
895,747
43,747
912,392
912,1062
392,1062
205,445
205,311
445,311
190,913
43,434
932,103
932,718
932,1062
932,746
932,613
140,103
140,718
140,1062
140,746
140,613
103,718
103,1062
103,746
103,613
718,1062
718,746
718,613
1062,746
1062,613
618,407
618,692
618,144
407,692
407,702
407,144
692,702
692,144
702,144
770,761
770,481
611,929
611,761
611,481
929,761
929,481
761,481
748,626
748,454
748,702
770,626
770,454
770,702
770,731
626,454
626,702
626,731
454,702
454,731
702,731
659,822
659,323
659,770
659,618
659,407
659,954
659,614
822,323
822,770
822,618
822,614
323,770
323,618
323,407
323,954
323,614
770,407
770,954
770,614
618,614
407,614
954,614
250,788
250,160
250,1062
788,160
788,1062
160,1062
862,404
862,618
862,626
862,954
862,702
862,747
862,614
862,144
404,618
404,626
404,954
404,702
404,747
404,614
404,144
618,626
626,747
626,614
954,702
954,747
954,144
702,747
702,614
747,614
747,144
614,144
1050,718
1050,617
1050,434
748,718
748,617
748,434
718,617
718,434
617,434
1046,407
718,435
446,783
599,748
599,617
599,407
599,978
976,748
976,617
976,407
976,564
976,978
748,564
748,978
617,407
617,564
617,978
407,564
407,978
564,978
454,457
454,323
457,323
1050,1030
59,41
184,95
59,144
752,761
144,184
132,975
132,60
132,824
975,60
975,824
60,824
221,200
221,132
221,265
200,132
132,265
973,994
527,764
527,407
764,407
524,160
524,618
160,618
200,1030
200,764
601,140
446,140
446,790
446,527
446,613
140,790
140,527
790,527
527,613
90,499
577,677
677,142
69,670
738,191
738,670
191,670
115,454
115,861
454,225
454,861
225,861
1052,759
1052,930
1052,184
759,930
759,184
930,184
577,518
577,976
577,633
577,125
577,39
518,976
518,994
518,633
518,125
518,39
976,994
976,125
976,39
994,633
994,125
994,39
633,125
633,39
344,142
344,1030
344,746
142,1030
142,746
1030,746
771,16
771,611
771,431
771,766
771,790
771,407
771,532
771,605
16,611
16,445
16,431
16,766
16,790
16,407
16,532
16,605
611,431
611,766
611,790
611,532
611,605
445,431
445,766
445,790
445,532
445,605
431,766
431,790
431,407
431,532
431,605
766,790
766,407
766,532
766,605
790,605
407,605
532,605
191,802
599,225
976,225
225,564
174,599
174,225
174,564
311,814
814,344
210,564
210,692
210,454
210,435
564,692
564,454
564,435
692,454
692,435
454,435
174,1054
1054,225
1054,564
43,191
43,802
43,69
191,69
802,69
862,599
862,976
862,225
862,174
862,564
599,174
976,174
225,174
174,862
69,43
69,39
69,891
802,43
802,39
802,191
802,891
43,39
39,191
191,891
599,862
599,762
862,762
225,762
659,517
69,200
69,611
69,454
69,499
200,611
200,454
200,499
611,454
611,499
454,499
752,599
752,976
771,200
771,424
771,714
200,424
200,714
424,714
659,311
659,499
311,499
771,517
771,454
200,517
517,611
517,454
611,659
611,311
454,659
454,311
771,499
771,69
499,69
771,690
771,1062
771,174
771,461
424,690
424,1062
424,174
424,461
16,690
16,1062
16,174
16,461
690,1062
690,174
690,461
1062,174
1062,461
174,461
659,454
517,311
517,499
311,454
771,311
200,311
599,690
690,115
690,937
690,752
399,770
399,43
399,407
43,407
407,147
200,69
454,69
788,239
788,863
862,239
862,770
862,863
239,770
239,863
770,863
611,190
190,607
944,743
944,611
944,975
944,747
743,611
743,975
743,747
611,975
611,747
1005,115
1005,930
1005,135
115,930
115,135
930,135
436,237
436,6
436,140
237,6
237,140
6,140
1033,617
1033,790
617,994
790,994
72,791
72,607
791,607
69,1060
69,308
1060,308
226,212
226,1062
226,445
212,445
212,105
1062,445
1062,105
1062,937
752,1009
752,379
1009,379
912,545
458,44
458,743
458,853
458,844
44,743
44,853
44,844
743,853
743,844
853,844
204,531
527,107
107,564
422,761
422,38
761,38
205,937
205,761
205,379
937,761
937,379
133,311
228,95
291,95
220,457
293,973
293,1066
973,1066
853,184
291,163
656,226
656,891
656,1062
226,891
891,1062
524,777
524,791
777,791
445,975
445,499
975,311
975,358
975,499
311,358
225,770
225,994
225,814
225,823
770,814
770,823
994,814
994,823
814,823
946,1054
946,399
946,527
1054,399
1054,527
399,527
895,41
423,766
423,60
766,60
612,677
612,431
677,431
132,1003
132,690
1003,690
895,742
895,770
895,634
742,770
742,634
770,634
214,638
638,527
638,790
638,485
527,790
527,485
790,485
1,413
743,6
743,60
6,60
295,220
295,742
220,742
433,1085
433,762
433,564
1085,762
1085,564
762,564
1050,457
1050,41
1050,414
1050,423
457,41
457,638
457,414
457,423
41,638
41,414
41,423
638,414
638,423
414,423
519,160
519,994
160,994
613,994
618,210
618,446
618,60
210,446
210,60
446,60
43,239
125,70
485,147
485,160
485,891
160,891
345,770
913,605
142,90
142,954
142,1062
90,1062
954,1062
221,599
601,226
601,1030
601,633
601,499
226,1030
226,633
226,499
1030,499
633,499
457,407
16,638
16,414
638,407
407,414
611,228
228,611
228,499
228,891
770,499
611,160
611,43
611,891
160,499
43,499
613,499
499,891
460,1066
618,1066
618,125
1066,125
200,192
200,1005
200,692
931,1005
931,692
192,1005
192,692
1005,937
1005,692
937,692
937,746
413,228
413,611
413,626
413,731
228,626
611,626
611,731
147,457
743,613
752,932
392,932
445,454
445,253
454,253
555,1033
446,434
446,485
434,485
147,895
147,521
147,1066
895,521
895,1066
521,1066
1030,142
105,358
105,434
358,434
929,588
929,140
588,140
90,764
446,160
446,532
446,463
160,790
160,532
160,463
790,463
532,463
770,997
770,521
931,43
931,997
931,521
931,891
43,997
43,521
937,521
997,521
997,891
521,891
204,766
204,937
204,407
204,75
766,937
766,75
937,407
937,75
407,75
313,510
69,954
555,954
626,142
931,588
1005,293
1005,446
1005,463
293,446
747,1015
323,446
323,532
895,142
204,592
204,399
204,144
592,399
592,144
399,144
599,587
599,652
599,975
587,652
587,975
587,614
652,975
652,614
975,614
458,190
458,702
458,552
190,702
190,552
702,552
552,458
552,323
552,190
552,633
458,323
458,633
323,190
323,633
190,633
228,212
228,311
228,702
212,975
212,311
212,702
975,702
311,702
125,212
125,228
125,790
212,228
212,790
228,790
103,633
103,1033
633,1033
692,617
692,545
617,545
105,748
358,393
204,190
204,1015
190,1015
147,105
147,133
105,133
944,293
293,160
310,324
310,937
310,824
324,824
937,824
434,413
929,1030
613,937
613,60
891,937
891,60
937,60
931,652
931,978
931,293
652,407
652,978
652,293
407,293
978,293
912,844
912,1033
912,60
844,1033
844,60
1033,60
762,140
762,976
762,770
762,160
762,531
762,891
140,976
140,160
140,531
140,891
976,485
976,140
743,485
743,140
485,140
577,762
253,762
253,790
762,790
762,147
790,147
771,976
771,633
612,976
612,633
392,457
392,90
392,364
392,407
392,521
392,747
457,364
457,95
457,521
457,747
90,364
90,95
90,521
90,747
364,407
364,95
364,747
407,95
407,521
95,521
95,747
521,747
577,750
577,932
750,932
788,228
788,113
228,113
228,379
113,160
113,379
160,379
392,1009
413,1009
617,931
617,445
617,454
931,454
931,434
445,434
454,434
90,633
90,702
90,344
931,633
931,702
633,702
633,344
702,344
702,954
1060,457
457,973
214,103
214,291
103,291
577,228
577,975
577,160
577,702
975,160
160,702
253,392
253,90
253,344
392,790
392,978
392,344
90,790
90,978
790,978
978,344
293,702
1050,973
1050,747
1050,291
1050,1003
973,747
973,291
973,1003
747,291
747,1003
291,1003
518,978
518,790
978,790
253,160
253,973
976,607
90,323
90,617
90,463
90,997
90,434
323,617
323,463
323,997
323,434
617,463
463,997
463,407
463,434
997,407
997,434
407,434
976,788
457,912
457,808
912,407
912,808
912,75
407,808
310,823
310,766
823,766
69,975
69,510
975,510
115,783
747,1033
1052,692
1052,612
1052,613
191,692
191,612
191,613
692,612
692,613
612,613
226,160
392,617
392,690
392,975
392,555
457,617
457,690
457,975
457,555
617,690
617,975
617,364
617,555
690,975
690,364
690,555
975,364
975,555
364,555
125,750
125,446
125,761
750,446
750,761
446,761
771,103
771,978
771,1003
912,103
912,978
103,978
103,1003
978,1003
140,228
140,930
140,115
140,823
140,463
140,612
228,930
228,115
228,823
228,612
930,115
930,823
930,463
930,612
115,823
115,463
115,612
823,612
463,612
69,692
69,808
69,1009
975,692
975,808
975,1009
692,808
808,1009
113,618
113,404
618,404
1015,532
1015,657
1015,1003
1015,808
973,532
973,657
973,808
532,657
532,1003
532,808
657,1003
657,808
1003,808
976,823
976,524
976,463
976,790
823,524
823,790
823,435
524,790
524,435
463,790
463,435
790,435
946,659
946,702
659,702
291,931
772,895
772,702
895,702
752,770
752,239
770,239
677,1003
677,413
677,783
1003,413
1003,783
413,783
364,748
214,524
214,485
524,485
460,554
976,311
90,311
457,932
160,932
1003,344
912,702
912,790
702,790
862,291
862,1033
862,1003
291,1033
291,614
1033,1003
1033,614
1003,614
125,975
125,690
975,790
975,690
790,690
460,1060
460,463
460,1033
1060,463
1060,1033
323,72
323,239
72,239
204,976
204,265
204,160
204,191
976,265
976,191
265,160
599,611
599,929
611,1033
611,614
618,929
618,1033
929,1033
929,614
771,90
771,272
771,184
90,272
90,184
90,1003
272,311
272,184
272,978
272,1003
311,184
311,978
311,1003
184,978
184,1003
75,192
221,519
221,618
221,119
519,618
519,119
618,119
364,614
976,517
976,929
976,657
770,517
770,657
517,929
517,657
929,657
200,862
200,323
200,975
862,323
862,975
323,975
770,975
853,973
270,288
270,160
270,814
288,160
288,814
160,814
345,404
293,457
293,521
788,599
788,790
228,599
1052,599
1052,358
599,790
599,358
790,358
69,524
69,973
524,973
524,1009
973,1009
524,633
524,718
633,718
190,521
190,434
976,310
973,270
270,1009
788,976
788,902
788,752
788,738
228,976
228,902
228,738
1052,976
1052,902
1052,752
1052,738
976,902
976,738
902,752
902,738
752,738
973,975
973,311
973,519
973,555
975,519
311,519
311,555
519,555
788,237
788,823
599,237
599,823
237,823
237,160
823,160
618,519
618,1009
519,975
519,1009
115,140
270,931
270,524
270,39
270,379
931,524
931,39
931,1009
931,379
524,39
524,379
39,1009
39,379
929,607
221,424
221,344
424,344
1052,823
519,90
519,973
90,160
90,973
39,454
39,463
454,463
454,392
463,392
90,393
90,379
788,930
788,423
228,423
599,930
599,423
930,423
976,973
618,90
618,973
113,364
692,912
692,226
692,1033
912,226
226,1033
518,413
518,228
518,113
518,454
413,976
413,113
413,454
228,454
976,113
113,454
445,863
445,614
863,39
863,614
39,614
221,228
221,160
392,946
90,946
790,946
823,746
613,746
69,270
69,422
69,519
270,973
270,422
270,975
270,519
973,422
973,931
422,931
422,975
422,519
931,975
861,954
69,516
69,521
516,521
516,499
521,499
228,310
228,163
310,163
454,976
454,358
454,209
358,209
69,226
113,975
113,228
975,228
69,90
69,253
69,613
69,344
614,392
614,90
614,253
614,379
614,524
614,613
614,344
392,253
392,379
392,524
392,613
90,253
90,613
253,379
253,524
253,613
379,524
379,613
379,344
524,613
524,344
613,344
221,393
221,1052
221,358
221,555
393,1052
393,358
393,555
358,555
592,291
823,310
975,617
975,119
975,435
617,119
617,435
119,435
90,119
221,577
221,140
221,930
221,823
221,463
577,140
577,930
577,823
692,633
633,613
39,738
39,424
738,424
413,930
413,358
976,930
930,358
69,592
592,973
1052,718
1052,524
1052,601
718,823
718,524
718,601
823,601
524,601
445,392
445,973
519,392
392,973
454,746
209,746
555,75
917,946
917,1052
946,358
946,1052
358,1052
69,291
90,599
90,291
599,291
599,463
291,463
577,237
577,358
518,788
518,237
228,237
237,358
752,973
221,788
221,115
221,692
577,115
577,692
788,115
788,692
228,692
115,692
90,1009
931,790
790,1009
714,954
714,516
714,747
714,861
954,516
954,861
516,747
516,861
747,861
69,434
310,752
310,702
310,1052
752,702
752,1052
702,1052
592,931
592,344
160,344
228,978
524,978
752,237
237,976
237,790
69,160
253,510
253,633
253,614
510,633
510,160
510,614
633,160
633,614
160,614
917,113
917,738
917,614
113,738
113,614
738,614
221,612
612,358
612,1052
577,69
577,808
69,978
592,808
592,978
808,978
946,90
140,16
140,752
140,702
16,463
16,746
16,752
16,702
463,746
463,752
463,702
790,746
790,752
790,702
746,752
746,702
113,973
113,69
160,69
973,69
577,814
577,192
577,250
976,814
976,192
976,250
814,192
814,250
192,250
976,997
132,210
132,205
132,772
210,205
210,772
205,772
221,752
221,861
752,861
912,119
912,481
119,481
771,140
771,783
140,783
140,184
140,1003
783,184
783,1003
205,592
205,424
205,762
592,762
424,762
937,16
771,310
771,1
310,1
692,95
976,626
358,626
1033,90
1033,434
1033,239
90,239
434,239
140,634
140,853
140,288
634,115
634,853
634,288
115,853
115,288
853,288
1050,884
884,424
115,517
115,399
115,929
517,399
975,379
975,929
975,783
379,929
379,783
929,783
103,770
103,364
103,43
770,364
770,1003
364,43
364,1003
43,1003
125,463
125,731
463,731
1052,454
1052,988
454,988
304,518
304,103
304,814
304,344
518,103
518,814
518,344
103,814
103,344
239,38
239,599
239,1033
239,1060
38,599
38,1033
38,1060
599,1060
1033,1060
1052,770
1052,783
1052,929
599,770
599,783
599,454
770,783
783,454
929,454
862,617
1015,140
577,90
90,413
90,692
413,692
413,702
288,790
288,60
790,60
524,293
524,770
293,770
270,446
270,424
270,762
270,823
270,364
270,692
446,424
446,823
446,364
446,692
424,823
424,364
424,692
424,39
762,823
762,364
762,692
762,39
823,364
823,692
823,39
364,692
364,39
692,39
214,304
214,200
214,1069
214,978
304,200
304,1069
304,978
200,1069
200,978
1069,978
772,364
772,293
772,747
364,293
364,344
293,747
293,344
747,344
975,463
975,1069
463,1069
611,288
481,288
481,731
288,731
113,407
407,379
113,746
599,844
657,291
657,1015
291,1015
702,293
702,457
702,617
293,617
524,895
524,988
524,461
895,988
895,461
988,461
517,463
460,250
460,364
250,364
895,163
895,532
163,532
221,614
221,975
221,853
221,1003
221,434
614,788
614,975
614,519
614,1003
788,975
788,853
788,519
788,1003
788,434
975,853
975,1003
853,519
853,1003
853,434
519,434
1003,434
485,917
485,125
485,423
485,988
912,917
912,125
912,423
912,988
912,891
917,125
917,423
917,988
125,423
125,988
423,988
423,891
90,1033
617,1033
115,413
115,814
516,929
516,1033
516,783
221,771
221,304
221,731
771,304
771,788
771,853
771,731
304,788
304,140
304,853
304,731
788,731
140,731
853,731
393,748
393,1033
393,293
748,1033
1033,293
895,617
174,404
293,364
752,554
752,1069
599,554
599,1069
554,1069
862,446
895,48
895,931
895,997
48,931
48,997
814,90
814,532
90,532
422,481
422,160
481,160
213,884
213,434
213,690
884,434
884,690
434,690
226,75
113,933
113,209
113,553
933,553
209,553
822,1033
748,435
288,614
611,702
611,853
611,344
702,853
853,344
174,527
174,954
527,404
527,954
460,39
460,144
460,652
39,144
39,652
144,652
214,752
214,115
752,115
714,95
344,95
220,822
220,954
611,844
611,1069
844,1069
214,1033
771,293
771,747
771,344
90,293
323,895
454,144
454,553
144,553
862,929
404,929
929,626
577,460
577,272
577,1046
822,460
822,272
822,1046
413,460
413,272
413,1046
460,272
460,1046
272,1046
577,748
577,714
577,291
748,714
748,344
1046,714
1046,291
1046,344
714,291
291,344
250,457
344,364
344,614
614,95
944,599
599,485
805,1062
424,105
424,937
424,209
105,209
937,209
358,805
978,690
1033,976
1033,225
1033,853
976,853
225,853
90,614
90,485
614,485
115,1052
808,239
788,933
788,191
1052,115
1052,933
115,933
115,191
933,191
105,747
105,618
747,618
771,1046
771,135
174,1046
174,135
1046,135
160,555
160,954
1050,659
1050,310
659,310
364,802
802,344
788,311
788,532
311,532
932,135
770,135
200,988
978,988
978,1069
988,1069
454,761
702,311
702,973
702,95
311,973
973,95
270,976
270,988
976,988
226,626
103,434
214,210
210,485
210,1069
485,1069
532,344
345,976
345,446
345,932
976,446
446,932
460,205
460,976
460,135
205,976
205,135
976,135
270,200
460,115
460,1003
460,731
1052,1003
1052,731
115,1003
115,731
1003,731
978,822
599,895
748,115
748,364
115,364
115,1033
115,344
291,770
291,485
770,485
788,822
311,822
291,747
747,931
626,344
771,657
657,485
657,1052
485,1052
652,291
652,527
291,527
291,891
463,527
463,891
527,891
891,407
253,413
132,585
132,937
585,937
692,1030
399,1030
253,743
253,937
743,937
132,613
771,772
771,521
772,485
772,521
485,521
485,293
521,293
1015,762
1015,1052
1015,652
1015,250
1015,915
762,1052
762,652
762,250
762,915
1052,652
1052,250
1052,891
1052,915
652,250
652,915
250,891
250,915
891,915
592,652
434,652
253,955
457,955
147,454
147,955
454,955
204,891
204,433
891,433
752,441
752,1030
441,554
441,1030
554,1030
457,43
457,891
955,931
955,43
955,454
955,891
43,454
454,891
433,652
891,955
422,432
731,358
731,814
358,814
614,70
891,70
750,105
750,738
750,731
770,105
770,738
105,738
105,731
738,731
524,313
226,209
1030,209
457,105
955,105
105,454
90,891
422,605
422,399
605,399
454,43
43,955
454,777
777,891
777,955
90,955
90,43
90,454
1060,226
1060,814
226,814
917,524
917,393
524,393
932,213
932,790
932,933
932,612
932,209
213,790
213,933
213,612
213,209
790,933
790,612
790,209
933,612
612,209
599,226
920,791
920,59
920,393
791,59
791,393
59,393
226,518
226,920
518,920
393,954
60,288
524,364
454,313
454,954
313,954
90,266
90,226
90,915
266,413
266,955
266,226
266,463
266,915
413,955
413,463
413,915
955,226
955,463
955,915
226,463
226,915
463,915
791,917
791,954
791,144
393,917
393,144
917,954
917,144
43,1085
524,142
393,142
345,399
345,225
345,265
345,714
399,225
399,265
399,714
225,265
225,714
265,714
291,719
460,748
460,142
460,344
1052,748
1052,142
1052,344
748,142
142,344
345,454
345,607
454,607
221,592
221,521
221,113
221,742
592,113
592,742
424,521
424,113
424,742
521,113
521,742
113,742
777,947
777,954
947,954
431,920
140,599
140,937
140,125
599,125
937,125
436,41
618,41
618,147
41,147
41,191
147,191
633,605
527,902
527,135
902,135
1046,752
1046,140
1046,435
752,140
752,435
140,435
132,407
132,555
132,607
407,555
555,607
205,435
69,1
69,393
69,364
90,1
90,60
1,60
1,393
1,364
1,463
60,393
60,364
60,463
393,364
393,463
364,463
225,930
413,311
413,527
413,435
113,311
113,527
113,435
311,527
311,435
527,435
524,358
358,937
458,752
458,41
752,41
399,460
399,884
399,997
399,954
399,519
399,434
1015,997
1015,954
1015,519
1015,434
460,997
460,519
460,434
884,997
884,954
884,519
997,954
997,519
954,434
752,38
38,915
752,766
752,1
766,1
524,788
524,424
788,424
454,38
599,38
577,962
445,962
445,256
962,256
38,752
932,163
38,163
599,163
163,752
163,915
750,524
750,552
524,552
577,431
577,424
577,135
431,424
431,135
424,135
577,919
766,527
38,436
185,436
185,917
185,690
185,516
185,1003
436,690
436,1003
917,690
917,516
917,1003
690,516
690,1003
516,1003
517,988
517,119
988,119
944,1050
944,659
90,824
90,6
90,618
90,41
90,988
824,6
824,618
824,41
824,988
824,891
6,618
6,41
6,988
6,891
618,988
41,988
458,823
458,265
823,265
213,524
213,764
213,293
524,764
790,293
764,293
944,516
944,531
1050,516
1050,531
747,516
747,531
516,531
531,1003
185,364
185,937
185,891
364,937
364,891
978,788
978,272
978,1085
788,272
788,1085
272,1085
221,1050
221,272
221,607
1050,272
1050,607
272,607
743,555
743,954
720,1062
221,226
221,919
226,919
304,90
304,973
304,135
304,611
304,379
90,135
90,611
973,611
973,379
135,611
135,379
611,379
253,1015
253,1009
1015,1009
599,913
105,913
937,913
90,44
90,808
16,44
16,524
16,43
16,808
44,445
44,524
44,463
44,43
44,808
445,463
524,43
524,808
463,43
463,808
43,808
200,510
200,997
510,997
190,592
190,1030
190,344
592,1030
1030,344
611,743
611,239
743,239
228,953
770,953
808,618
808,742
618,742
460,265
975,265
434,265
752,358
659,142
978,764
895,808
895,457
808,457
742,457
253,592
253,445
253,213
253,692
253,293
592,457
592,445
592,213
592,407
592,692
592,293
457,399
457,213
457,692
399,445
399,213
399,692
399,293
931,213
445,692
213,407
213,692
978,919
978,492
919,492
919,764
492,764
436,313
436,399
436,954
313,399
555,407
771,457
771,446
457,446
599,601
599,75
913,929
913,601
913,75
929,601
929,75
601,75
747,638
1052,577
1052,457
577,457
862,913
862,184
599,184
913,184
929,184
771,250
457,140
457,250
446,250
140,250
747,399
135,587
135,884
135,115
135,1060
587,884
587,115
587,1060
884,115
884,1060
115,1060
200,976
200,184
976,184
555,413
555,135
413,135
771,718
771,937
577,200
577,718
577,937
577,184
200,718
718,184
937,184
82,291
82,766
291,766
762,944
762,937
762,670
944,937
944,670
937,670
210,788
210,184
210,293
788,184
788,293
788,435
184,293
184,435
293,435
762,988
762,802
762,293
762,613
140,988
140,802
140,293
988,802
988,293
802,293
802,613
293,613
492,527
492,413
492,1062
527,413
527,1062
659,225
1015,1066
1066,937
1066,485
937,485
599,884
599,545
884,510
884,975
884,746
884,423
884,545
884,891
510,652
510,975
510,1033
510,746
510,423
510,545
510,891
652,746
652,423
652,545
975,1033
975,746
975,423
975,545
975,891
1033,746
1033,423
1033,545
746,423
746,545
746,891
423,545
253,364
638,742
638,844
638,60
742,844
742,60
714,239
521,239
458,599
458,976
458,613
599,613
976,613
239,947
239,954
577,485
577,757
592,485
592,757
592,702
485,762
485,757
485,702
762,757
762,702
757,702
115,770
599,41
599,719
976,652
976,41
976,1033
976,288
976,719
652,288
652,719
41,288
41,613
1033,288
1033,719
288,719
288,613
719,613
228,220
228,638
220,454
220,638
454,638
105,364
364,731
714,461
714,1015
714,1033
461,1015
461,1033
743,545
743,407
545,407
463,288
790,288
790,891
288,891
1052,407
929,407
791,777
791,43
791,861
777,59
777,43
777,861
59,43
59,861
43,861
917,633
917,702
917,407
633,407
702,407
772,1050
772,822
772,617
772,1062
772,761
772,601
1050,1062
1050,761
1050,601
1050,344
822,617
822,761
822,601
822,344
617,1062
617,601
617,344
1062,761
1062,601
1062,344
761,601
761,344
601,344
599,445
445,613
228,783
783,43
783,293
783,613
933,250
933,518
250,518
142,1015
142,16
1015,16
190,748
214,441
214,947
214,714
441,947
441,714
947,714
311,601
1015,517
1015,310
517,310
714,612
714,163
612,310
612,163
772,937
772,119
937,119
253,460
253,690
253,1046
253,895
253,929
253,933
413,690
413,895
413,929
413,933
413,613
460,690
460,929
460,933
460,613
690,1046
690,895
690,929
690,933
690,613
1046,895
1046,929
1046,933
1046,613
895,929
895,933
929,933
933,613
519,743
519,953
743,953
270,72
270,917
270,295
270,863
72,917
72,295
72,863
917,295
917,863
295,863
742,937
253,313
253,617
253,423
253,358
253,435
313,617
313,423
313,358
313,435
617,423
617,358
423,358
423,435
358,435
946,212
946,757
212,757
607,295
607,463
607,407
607,1060
295,463
295,407
295,1060
463,1060
407,1060
210,392
210,517
210,718
210,1030
210,364
210,744
210,191
392,517
392,718
392,1030
392,265
392,744
392,191
517,718
517,1030
517,265
517,364
517,744
517,191
718,1030
718,265
718,364
718,744
718,191
1030,265
1030,364
1030,744
1030,191
265,364
265,744
364,744
364,191
744,191
657,612
612,1015
105,659
105,605
659,605
190,103
190,947
190,895
103,947
103,895
947,895
617,770
617,937
617,752
770,752
253,485
253,607
253,988
253,191
485,607
485,978
485,191
607,988
607,978
607,191
988,978
988,191
978,191
69,772
69,822
69,192
69,435
772,253
772,192
772,823
772,435
253,192
253,823
822,192
822,823
822,435
192,823
192,435
524,291
105,638
862,790
955,132
955,1062
955,364
955,39
132,1062
132,364
132,39
1062,364
1062,39
457,510
457,554
457,805
510,554
510,805
510,555
554,555
805,555
577,783
944,433
944,517
944,913
944,288
433,517
433,913
433,288
433,670
517,913
517,288
517,670
913,288
913,670
288,670
599,626
626,407
772,932
659,601
659,135
225,601
225,135
601,135
626,891
1015,802
1015,612
1015,521
212,802
212,652
212,612
212,521
802,652
802,612
802,521
652,612
652,521
612,521
634,531
521,652
747,652
105,463
105,435
633,463
407,435
460,220
460,404
460,190
460,445
460,160
460,612
460,527
220,599
220,404
220,190
220,445
220,160
220,250
220,612
220,527
599,404
599,190
599,250
599,612
599,527
404,190
404,445
404,160
404,250
404,612
404,527
190,445
190,160
190,250
190,612
190,527
445,250
445,527
160,250
160,612
160,527
250,612
250,527
612,527
863,788
863,670
788,670
226,323
226,770
226,618
226,895
226,614
618,895
1052,634
771,917
69,764
69,863
190,764
190,863
190,613
764,191
764,863
764,613
191,863
863,613
771,748
771,770
771,364
771,895
771,147
457,770
457,895
748,147
748,521
364,895
364,147
895,147
771,618
618,454
454,614
458,295
458,677
458,861
295,677
295,861
677,861
585,532
771,554
771,235
174,554
174,235
554,235
190,634
200,485
1015,413
1015,204
1015,861
413,204
413,937
413,861
204,861
937,861
1060,399
1050,140
1050,517
1050,588
1050,59
1050,379
140,517
140,588
140,59
140,379
517,588
517,59
517,379
588,59
59,379
190,954
954,670
853,564
1050,920
59,920
612,946
612,424
946,976
946,424
976,424
133,633
133,770
633,770
311,720
311,272
720,272
399,748
399,160
399,752
399,423
748,160
748,423
160,752
160,423
752,423
913,272
913,937
272,937
1050,633
1050,746
1050,805
1050,147
994,805
994,147
633,746
633,937
633,805
633,147
746,937
746,805
746,147
937,805
937,147
805,147
913,638
585,1066
585,454
585,614
585,863
1066,454
1066,614
1066,863
454,863
614,863
90,140
90,519
90,144
140,364
140,519
140,144
364,519
364,144
519,144
272,853
392,652
392,492
973,265
973,492
265,652
265,492
652,492
531,413
531,184
413,184
731,492
731,973
492,973
457,1015
457,976
457,295
1015,295
976,295
295,1033
592,1066
592,626
592,1003
1066,492
626,492
1003,492
532,454
532,531
532,915
454,605
454,915
605,915
531,915
160,48
605,770
605,48
770,48
69,937
937,435
802,435
413,160
413,863
160,863
160,1009
184,863
184,1009
863,1009
422,457
422,288
422,379
457,288
457,379
204,677
204,1030
204,605
677,605
210,457
210,932
210,160
210,891
457,718
718,160
718,891
392,788
912,531
253,652
253,891
457,652
457,613
863,293
863,16
944,60
944,313
944,770
944,250
60,313
60,770
60,250
313,770
313,250
770,250
43,192
891,976
891,931
976,931
485,746
485,434
140,954
140,434
746,434
577,670
485,200
485,670
200,670
599,902
599,553
599,1062
226,902
226,553
226,407
931,902
931,553
931,1062
902,553
902,1062
902,407
553,1062
553,407
1062,407
38,931
38,844
38,379
770,844
770,379
931,844
844,379
884,266
220,407
220,125
220,293
220,344
407,125
125,344
692,747
69,788
69,527
788,220
788,516
788,527
788,1009
788,344
220,516
220,1009
516,527
516,1009
527,1009
527,344
1009,344
200,392
200,802
200,895
200,160
802,611
802,895
802,160
802,692
611,895
895,160
895,692
160,692
659,988
659,1009
988,1009
516,6
516,891
481,457
481,517
481,407
481,657
481,344
457,657
517,407
517,344
407,657
657,344
270,293
270,16
554,902
345,788
345,90
345,220
345,1060
345,527
345,1009
788,90
788,1060
90,220
90,1060
90,527
220,1060
1060,527
1060,1009
214,599
214,393
599,393
458,1060
458,617
458,1009
617,1009
808,147
270,862
862,16
364,766
1050,16
1050,103
1050,954
1050,564
1050,1060
1050,527
16,103
16,517
16,954
16,564
16,1060
16,527
103,517
103,954
103,564
103,1060
103,527
517,954
517,564
517,1060
517,527
954,527
564,1060
564,527
823,59
823,638
823,853
59,1033
59,638
59,853
1033,638
638,853
60,527
60,790
60,358
60,747
527,358
527,747
790,747
358,747
436,587
436,1005
436,115
436,160
436,790
436,454
436,358
436,613
587,917
587,1005
587,160
587,790
587,454
587,358
587,613
917,1005
917,115
917,160
917,790
917,454
917,613
652,1005
652,115
652,160
652,454
1005,160
1005,790
1005,454
1005,358
1005,613
115,160
115,790
115,358
115,613
160,454
160,358
790,454
358,613
460,920
976,920
69,750
364,413
364,690
228,191
770,532
770,191
532,752
532,358
532,191
752,191
358,191
115,105
105,16
457,1052
16,1052
16,105
16,997
1052,105
1052,997
105,997
210,461
771,891
771,1033
891,499
891,1033
499,1033
454,932
1050,70
457,70
250,618
618,457
1050,250
1050,358
611,463
611,250
611,358
611,70
463,250
463,70
250,358
250,70
358,70
1050,946
457,946
457,463
457,764
457,564
946,463
946,564
946,531
463,564
463,531
764,564
564,531
531,720
436,200
1050,461
1050,481
930,59
930,461
930,481
59,461
59,481
461,481
424,140
424,605
424,633
424,431
424,358
140,605
140,633
140,431
140,358
605,633
605,431
605,358
633,431
633,358
431,358
692,436
190,757
592,954
954,757
612,742
485,1005
485,115
485,463
485,531
1005,954
1005,531
115,954
115,531
463,954
481,1050
481,59
481,652
1050,652
59,652
414,288
414,463
288,463
69,1015
69,311
69,988
413,1015
413,988
413,670
1015,311
1015,988
1015,670
311,988
311,670
988,670
253,884
253,802
253,43
884,743
884,802
884,364
884,43
743,802
743,364
743,43
802,364
185,304
185,204
185,272
185,1033
185,519
185,434
304,204
304,272
204,272
204,1033
204,519
204,434
272,1033
272,519
272,434
1033,519
457,481
457,499
457,209
975,481
975,209
481,499
481,209
499,209
59,1003
59,994
59,184
1003,994
1003,184
994,184
358,954
414,105
414,731
414,805
105,805
731,805
221,783
434,463
434,1030
463,1030
270,133
270,433
270,225
270,142
270,731
133,433
133,225
133,142
133,731
433,225
433,142
433,731
225,142
225,731
142,731
132,250
460,738
738,125
59,433
59,553
69,228
358,228
358,413
228,413
44,212
237,1003
237,690
577,1030
577,805
577,988
253,1030
253,805
253,746
253,808
1030,805
1030,808
1030,988
805,746
805,808
805,988
805,344
746,808
746,988
808,988
808,344
988,344
125,937
125,915
962,433
962,743
962,463
962,626
962,407
962,605
433,743
433,463
433,626
433,407
433,605
743,463
743,605
463,626
463,605
626,605
60,917
60,744
60,808
60,844
135,917
135,744
135,808
135,844
917,744
917,808
917,844
744,808
744,844
808,844
944,759
944,413
944,38
759,413
759,38
413,38
692,59
59,399
454,115
929,692
823,291
750,103
750,652
750,618
750,532
750,1060
750,434
103,652
103,618
103,532
652,618
652,43
652,1060
652,434
618,43
618,1060
43,1060
532,1060
532,434
1060,434
313,777
313,677
313,516
777,677
777,516
677,516
750,44
750,599
44,599
44,618
44,954
44,1060
599,954
43,954
932,1052
932,975
932,125
932,516
1052,125
1052,516
975,125
975,516
125,516
125,358
516,358
200,617
200,746
200,605
90,510
90,605
510,617
510,605
617,746
617,605
746,605
200,702
200,107
605,702
605,107
702,107
759,762
759,588
759,929
759,997
759,545
759,731
762,588
762,929
762,997
762,545
762,731
588,929
588,545
588,731
929,997
929,545
929,731
997,545
997,731
545,731
1060,994
1060,618
1060,937
1060,43
1060,125
1060,752
994,43
937,43
43,125
43,752
125,752
293,975
293,1
293,119
975,1
1,119
659,677
790,545
790,931
545,652
1003,748
1003,311
748,311
748,492
311,492
975,313
599,60
510,60
103,160
399,413
399,424
399,802
399,41
399,863
399,738
399,601
413,424
413,884
413,601
424,884
424,802
424,863
424,738
424,601
884,41
884,863
884,738
884,601
802,41
802,863
802,738
802,601
41,863
41,738
41,601
863,738
863,601
738,601
932,228
228,937
228,125
228,516
1052,937
210,239
210,1066
210,777
210,59
210,407
210,532
239,1066
239,777
239,59
239,407
239,532
1066,777
1066,59
1066,407
777,407
777,532
59,407
59,532
59,272
272,433
457,607
457,757
457,212
607,212
607,975
607,613
757,770
757,212
757,975
757,613
770,212
212,613
975,613
752,633
752,762
633,762
221,220
221,524
221,291
221,125
221,293
221,613
220,524
220,291
220,613
524,125
291,125
291,293
125,613
270,759
270,463
270,764
270,742
270,256
270,492
270,915
759,463
759,764
759,742
759,256
759,492
759,915
463,742
463,256
463,492
764,742
764,256
764,492
764,915
742,256
742,492
742,915
256,492
256,915
492,915
690,742
690,1015
690,48
742,1015
742,48
1015,48
445,291
445,70
975,70
291,70
516,742
516,638
742,638
253,932
253,310
253,532
253,747
253,144
932,310
932,532
932,747
932,144
607,310
607,532
607,747
607,144
310,532
310,747
310,144
532,144
577,917
445,884
445,917
884,917
424,1030
256,311
256,1030
311,1030
392,962
392,714
962,436
962,599
962,714
962,937
436,714
599,714
932,1015
932,895
932,250
932,70
1015,445
1015,895
445,895
895,250
895,70
532,250
532,70
16,884
16,59
16,612
884,105
884,59
884,612
105,59
105,612
59,612
1050,953
953,746
256,424
135,436
135,554
135,364
135,1033
135,614
436,554
436,364
436,1033
554,364
554,614
423,555
174,937
135,519
135,70
364,70
1033,70
519,70
962,1033
214,293
132,611
304,962
304,213
962,135
962,213
135,213
436,213
607,220
607,884
607,764
607,746
607,435
220,884
220,764
220,746
220,435
884,764
764,435
70,518
70,485
70,757
518,485
518,757
392,288
436,524
599,524
524,752
524,288
913,962
913,266
962,266
962,638
266,638
692,457
752,690
752,931
752,564
690,931
931,564
125,917
125,884
917,884
221,976
742,976
742,220
976,220
125,41
125,742
125,527
41,742
41,527
742,527
90,587
90,975
587,931
587,532
931,532
975,43
659,757
659,460
659,481
659,844
659,747
757,460
757,481
757,844
757,747
460,481
460,844
481,844
481,747
844,747
611,770
611,95
770,95
313,891
142,407
142,435
414,975
414,531
414,1015
975,531
975,1015
323,485
445,976
445,770
611,585
585,160
731,253
731,1033
253,1033
200,105
200,954
105,764
105,692
764,954
764,692
954,692
612,791
612,626
791,626
125,457
125,311
125,670
457,311
457,670
659,975
659,43
659,532
659,613
975,407
532,407
485,43
954,147
954,521
221,937
220,937
125,266
524,884
884,531
1005,659
1005,48
1005,933
659,48
659,933
48,933
433,1030
433,612
433,516
1030,612
1030,516
612,516
612,605
516,605
457,413
457,1060
457,752
759,1060
759,212
759,105
759,626
759,752
413,1060
413,212
413,105
413,752
1060,212
1060,105
1060,626
212,626
105,626
105,752
626,752
414,457
414,759
105,457
105,759
125,310
125,434
125,929
310,434
310,929
434,929
552,917
552,929
552,532
552,434
917,929
917,532
929,532
929,434
750,436
750,270
436,270
270,434
454,107
436,39
436,759
436,1030
39,1030
759,1030
599,738
599,399
738,399
200,690
200,929
200,435
690,192
690,105
690,954
690,414
690,545
690,731
690,435
192,105
192,929
192,954
192,414
192,545
192,731
105,929
929,414
929,435
954,545
954,731
954,435
414,545
414,435
545,435
731,435
147,802
190,599
6,626
205,599
253,436
253,599
253,752
253,915
617,1054
690,1054
1054,364
1054,435
364,435
190,432
190,311
432,311
432,1030
1062,192
1062,545
1062,731
932,60
932,912
60,912
60,587
912,587
912,747
587,747
750,1050
750,422
1050,422
702,601
702,652
601,652
460,1005
460,60
445,1005
445,60
1005,60
221,436
221,103
221,192
221,954
221,933
221,844
436,103
436,192
436,933
436,844
103,192
103,933
103,844
192,933
192,844
954,933
954,844
933,844
788,422
788,994
788,805
228,422
228,994
422,805
422,272
422,393
422,919
272,393
272,919
393,919
220,147
220,891
220,1033
147,1033
1,762
605,766
1066,1009
220,210
220,718
132,308
132,638
132,919
308,638
308,919
638,919
588,192
588,423
588,435
192,423
929,423
423,731
422,912
422,978
422,915
912,915
978,915
422,441
441,994
69,994
454,994
454,805
454,422
759,587
759,554
413,587
413,554
413,545
587,554
587,545
554,545
69,48
147,72
228,226
228,105
228,545
226,545
220,226
220,634
220,802
220,311
220,431
226,634
226,802
226,311
226,431
226,742
634,802
634,311
634,431
634,742
802,311
802,431
802,742
311,431
311,742
431,742
392,1052
392,226
392,358
1052,226
1052,517
1052,364
226,517
226,364
226,358
517,358
364,358
844,393
436,517
436,119
436,746
517,746
119,746
103,626
103,1030
626,1030
517,902
577,554
577,752
577,527
554,752
554,527
752,527
759,393
759,220
759,59
393,220
393,59
393,1060
220,59
59,1060
953,432
953,954
953,757
432,954
432,757
585,266
585,492
585,125
585,844
585,613
266,492
266,125
266,844
266,613
492,125
492,844
492,613
844,613
424,144
929,884
929,399
929,59
884,399
917,592
917,931
652,919
652,70
919,70
1005,605
895,399
895,633
399,633
759,160
759,555
759,70
160,70
555,70
862,555
862,761
1066,747
1066,191
1066,288
747,191
747,288
191,288
457,599
599,364
364,752
752,613
599,311
748,975
311,43
311,423
43,1033
43,423
436,1066
436,256
599,256
1066,652
1066,752
1066,256
1066,545
652,752
652,256
752,545
256,545
545,288
510,105
652,105
105,975
105,1033
976,747
747,937
747,407
748,743
748,719
743,423
743,719
43,719
423,719
253,1066
1066,790
748,510
748,746
1015,599
1015,174
1015,461
1015,752
485,599
485,976
485,1066
485,174
485,461
485,752
485,747
599,461
599,747
976,1066
976,461
1066,174
1066,461
461,752
461,747
752,747
41,463
41,853
41,125
463,853
463,125
853,125
853,742
266,41
266,434
1005,105
1005,407
1005,746
1005,752
105,746
160,407
407,746
407,752
752,605
221,633
633,954
205,752
205,293
205,891
752,891
200,614
105,614
791,633
791,323
791,955
633,323
633,955
323,955
762,43
762,516
762,614
770,516
43,516
516,614
884,272
884,521
884,344
272,997
272,521
272,613
272,344
997,613
997,344
521,344
304,895
613,997
913,407
913,612
913,423
913,613
407,612
407,423
612,423
423,613
752,304
752,742
304,742
432,1009
221,1069
221,790
1069,790
1069,937
1069,752
790,937
759,895
759,790
759,142
759,521
895,752
895,731
790,142
790,521
790,731
142,752
142,521
752,521
521,731
862,670
555,670
759,994
994,790
994,764
160,764
310,554
424,1015
424,723
424,192
1015,723
1015,192
1015,41
723,192
723,311
723,41
192,311
192,41
311,41
90,895
16,323
16,895
16,531
323,445
323,531
895,531
210,140
210,228
210,220
210,226
210,212
210,626
210,125
140,220
140,226
140,212
140,626
228,364
220,212
220,364
220,626
226,125
212,364
212,125
364,626
364,125
626,125
1060,524
1060,633
1060,510
524,510
633,510
1052,633
434,184
587,59
656,432
656,485
656,955
432,485
432,955
485,955
200,723
200,930
200,902
200,1033
200,379
38,723
38,930
38,902
723,930
723,902
723,1033
930,1033
930,379
902,1033
902,379
1033,379
39,638
39,70
638,70
432,291
291,1009
752,718
752,16
599,16
718,16
1054,823
1054,256
1054,613
823,256
256,613
250,510
39,884
221,917
221,209
917,209
599,209
1003,457
1003,747
747,853
228,519
228,90
228,802
519,802
90,802
517,759
228,16
746,16
891,16
1060,975
221,253
253,200
1003,976
1003,759
976,759
759,853
361,393
361,424
361,433
393,424
393,433
424,433
592,190
592,633
592,670
802,633
802,670
633,670
160,670
1033,902
1033,824
902,824
190,39
39,592
458,747
458,891
458,759
747,891
747,759
891,759
577,517
228,39
770,39
783,746
783,39
746,39
912,313
912,953
912,670
917,313
917,953
917,670
313,988
313,953
313,670
988,953
953,670
266,554
266,994
554,994
743,822
822,463
612,446
612,790
518,805
752,677
752,670
677,670
677,633
670,633
791,554
791,125
791,75
554,777
554,75
777,125
777,75
125,75
587,521
587,748
587,915
521,748
521,915
748,915
414,424
414,485
463,424
463,485
424,485
132,214
132,788
132,554
214,788
214,554
788,554
517,884
517,1054
884,1054
884,288
1054,463
1054,288
379,41
379,747
379,919
379,70
524,41
524,747
524,919
524,70
41,747
41,70
747,70
975,788
788,463
214,1060
214,463
304,1060
304,463
185,791
185,424
185,125
791,424
791,436
424,436
424,125
436,125
587,670
770,291
770,1060
611,291
611,1060
975,1060
291,1060
932,235
932,777
932,463
932,738
932,434
932,48
932,379
1015,235
1015,777
1015,463
1015,738
1015,379
235,777
235,463
235,891
235,738
235,434
235,48
235,379
777,463
777,738
777,434
777,48
777,379
463,738
463,48
463,379
891,738
891,434
891,48
891,379
738,434
738,48
434,48
434,379
48,379
125,657
125,791
657,791
1015,994
1015,553
1015,1085
1015,613
994,553
994,1085
553,1085
553,184
553,747
553,613
1085,184
1085,747
1085,613
184,747
184,613
747,613
618,994
618,184
747,184
445,912
531,225
531,912
225,912
59,527
105,1066
311,997
311,690
997,690
125,652
613,652
891,652
944,446
944,587
944,105
944,147
446,587
446,105
446,975
446,147
587,105
587,147
105,147
975,147
399,975
399,39
802,975
975,39
39,434
932,499
932,762
499,762
160,291
160,808
929,291
929,808
407,291
291,808
808,613
38,531
38,994
531,994
944,1060
944,1066
1060,1066
552,226
552,184
552,358
226,929
226,184
929,358
184,358
862,759
862,226
862,41
862,39
862,915
759,226
759,41
759,39
226,41
41,39
41,915
39,915
592,719
585,44
585,748
585,213
585,358
44,748
44,213
44,358
748,213
748,358
213,358
862,783
862,308
759,783
759,308
783,308
517,38
457,435
1033,435
912,463
912,184
463,670
463,184
670,184
975,802
802,407
944,1052
1052,587
884,184
719,160
719,463
253,226
253,738
226,524
226,738
802,524
524,738
445,90
304,1066
1066,463
1066,434
690,748
690,1009
748,1009
1009,435
656,304
656,587
656,975
656,407
656,747
656,434
304,460
304,587
304,975
304,407
304,747
932,460
460,587
587,407
587,434
747,434
862,931
862,805
862,423
931,805
931,423
954,805
954,423
805,423
185,531
185,485
531,485
545,766
545,1
656,1052
656,994
587,994
777,587
777,310
587,310
310,407
577,432
577,531
577,545
931,531
432,531
531,545
228,407
228,256
228,747
228,434
802,783
802,256
802,747
652,783
652,747
783,407
783,747
783,434
407,256
256,747
256,434
200,527
862,527
445,1054
445,133
1054,133
185,239
185,770
185,147
239,1003
239,147
239,531
1003,147
1003,531
147,531
133,659
133,105
133,766
659,105
659,766
225,105
225,766
105,766
659,457
659,746
659,531
659,545
457,225
457,545
225,746
225,545
777,844
777,554
844,554
844,587
554,587
105,531
160,545
759,436
759,652
759,407
759,747
436,588
436,407
436,747
588,652
588,407
588,747
200,659
445,915
1054,915
310,587
788,399
788,432
399,432
399,853
424,432
424,853
432,160
432,853
160,853
759,192
652,192
192,407
192,747
747,545
862,690
747,43
587,802
802,994
43,994
293,844
133,564
766,564
1003,802
1003,432
1003,407
1003,719
802,432
802,719
432,719
160,719
407,719
190,844
190,955
844,955
422,43
422,853
1052,43
1052,853
994,853
43,853
190,659
190,554
659,554
884,747
884,994
445,457
585,714
585,524
585,463
714,213
714,524
714,463
213,463
226,60
531,770
659,1060
659,1085
659,808
1060,1085
1060,747
1085,808
808,747
228,592
228,670
592,770
770,670
955,824
955,517
955,783
955,808
955,747
955,435
824,517
824,783
824,808
824,747
824,435
517,783
517,808
517,747
517,435
783,808
783,435
808,435
747,435
577,747
747,783
788,913
788,626
399,272
399,913
399,311
399,670
272,913
272,626
272,738
272,670
913,311
913,626
913,738
311,626
311,738
626,738
626,670
200,457
200,762
200,912
457,762
762,912
762,931
762,746
912,931
912,997
912,746
912,599
912,399
311,761
214,577
214,822
214,761
214,95
214,144
214,344
577,761
577,95
577,144
822,95
761,95
761,144
95,144
95,344
144,344
210,937
937,744
445,978
445,344
978,931
72,1
72,931
72,618
72,379
1,931
1,618
1,379
931,618
618,379
250,1066
250,1030
1066,1030
115,895
612,599
599,424
1060,147
1060,677
147,677
929,555
555,531
555,626
531,626
250,1
253,237
253,702
237,702
237,973
788,814
788,190
788,364
788,761
814,190
814,115
814,364
814,790
814,761
190,115
190,364
190,790
190,761
115,761
364,790
364,761
790,761
103,345
221,814
221,978
221,747
221,988
814,978
814,358
814,747
814,988
978,358
978,747
358,988
747,988
1003,1015
944,973
944,458
944,723
944,930
944,59
973,458
973,723
973,930
973,59
973,250
973,516
458,723
458,930
458,59
458,250
458,516
723,59
723,250
723,516
930,250
930,516
59,250
59,516
250,516
607,973
607,931
607,553
607,59
973,553
973,407
553,59
460,524
460,69
524,69
313,69
516,423
516,626
516,761
423,626
423,761
626,761
917,748
917,920
917,814
748,920
748,814
920,814
221,457
221,135
221,617
221,190
221,891
457,135
457,190
135,617
135,190
135,891
617,190
617,891
1009,955
190,399
393,652
393,160
393,761
393,545
652,761
160,761
1033,761
761,545
345,790
345,761
345,783
790,783
761,783
772,90
772,973
772,445
772,1033
973,617
973,445
973,1033
445,1033
220,144
460,802
460,912
802,912
752,1054
752,1003
1054,1003
772,1
210,304
210,618
210,393
304,393
618,393
577,379
1046,379
485,379
521,638
605,617
605,937
605,135
937,135
788,932
788,748
788,611
788,524
932,748
932,652
932,611
932,524
976,611
748,652
748,611
748,524
652,611
652,524
611,524
115,311
174,947
174,481
947,481
1003,424
1003,997
424,997
266,670
174,399
174,931
174,16
399,16
931,16
105,790
105,915
790,915
457,44
1015,44
1015,43
1015,313
1015,823
313,976
313,823
313,1033
16,994
16,915
994,105
994,997
994,915
997,915
407,915
69,313
69,976
105,601
105,783
601,783
973,895
973,613
895,1009
613,1009
43,670
772,160
772,399
160,399
399,435
399,344
435,746
435,160
435,1033
435,638
435,39
435,344
746,160
746,1033
746,638
160,638
160,39
1033,39
638,39
638,344
39,344
764,790
454,140
613,140
253,553
988,553
613,435
239,884
239,272
239,163
239,626
239,638
239,125
239,48
239,1009
884,163
884,638
884,125
884,48
884,1009
272,163
272,638
272,125
272,48
272,1009
163,626
163,638
163,125
163,48
163,1009
626,638
626,48
626,1009
638,125
638,48
638,1009
125,48
125,1009
48,1009
772,994
752,446
752,783
446,614
253,862
457,862
862,90
862,435
90,435
614,160
614,790
614,752
614,747
783,160
783,790
783,752
160,747
446,43
446,435
43,435
750,160
60,226
60,237
60,823
60,633
226,237
226,823
237,633
823,633
90,947
973,947
973,1062
947,1062
947,519
1062,519
519,895
519,1030
519,1033
895,1030
895,1033
1030,1033
225,492
225,144
492,144
457,119
457,994
457,532
119,16
119,994
119,532
119,613
16,613
228,313
228,554
313,554
313,344
554,344
44,742
44,311
44,652
742,311
742,652
311,652
692,937
214,973
214,634
214,310
214,481
214,702
973,634
973,310
973,481
973,702
973,344
634,310
634,481
634,702
634,344
310,481
310,344
481,702
200,1015
200,95
200,147
1015,95
1015,147
937,95
95,752
95,147
752,147
174,770
174,532
221,361
253,361
253,132
253,265
361,132
361,265
771,214
771,392
771,220
771,226
771,626
214,392
214,220
214,226
214,976
214,626
214,747
392,220
392,976
392,626
220,976
220,714
220,747
226,976
226,714
226,747
976,714
714,626
200,361
200,393
200,16
361,16
393,16
659,190
659,95
659,752
190,752
190,747
221,392
221,770
221,82
221,364
221,43
221,532
392,770
392,82
392,43
392,532
392,125
770,82
770,125
82,364
82,43
82,532
82,125
364,532
532,125
392,250
973,220
973,125
973,988
220,532
220,988
532,988
125,250
250,988
824,718
824,902
824,933
824,1060
718,902
718,933
718,1060
902,933
902,1060
933,1060
132,253
132,200
492,659
492,163
659,163
423,915
190,617
752,617
200,125
587,937
587,607
937,607
228,690
690,1033
613,618
613,364
613,1030
618,364
618,1030
364,1030
358,212
519,633
519,954
771,393
932,393
393,937
393,891
937,358
358,891
611,633
69,761
457,761
976,761
731,454
731,954
205,633
205,626
205,1062
626,1062
771,119
771,460
771,228
771,527
771,190
771,702
932,527
932,190
932,702
119,460
119,228
119,527
119,190
119,702
460,702
228,527
228,190
527,190
527,702
221,205
200,747
200,973
747,973
460,200
460,973
105,770
160,1015
160,607
1015,607
770,1033
38,226
38,209
1033,209
250,90
90,460
90,250
160,293
43,250
532,293
250,293
457,205
205,105
1015,160
460,861
445,861
160,861
133,618
133,1033
133,891
937,1033
954,891
611,973
200,460
200,293
457,115
115,997
895,463
82,613
82,404
613,404
103,891
457,777
457,461
770,802
770,777
770,461
802,777
802,461
777,461
510,613
814,633
814,311
814,612
814,191
633,311
633,761
633,612
311,612
311,191
761,612
761,191
612,191
912,90
976,399
976,746
757,588
757,265
757,407
757,250
757,310
588,265
588,250
588,310
265,407
265,250
407,250
407,310
250,310
44,805
44,783
748,783
805,783
638,435
752,823
1033,748
1033,160
1033,770
944,748
59,748
205,1052
205,48
1052,48
210,552
210,954
210,344
457,552
552,954
552,344
714,770
714,48
413,652
413,423
413,191
652,191
190,423
423,191
135,344
481,103
481,759
481,920
103,759
103,920
759,920
944,1033
944,82
944,702
944,75
413,1033
413,82
413,75
160,82
160,75
1033,82
1033,702
82,702
82,75
702,75
1052,527
1052,82
1052,808
1052,702
527,184
527,82
527,808
184,82
184,808
184,702
82,808
808,702
633,423
626,516
626,423
761,516
761,423
221,210
221,1033
221,75
210,617
210,190
210,1033
210,75
457,220
220,617
220,75
617,954
617,75
190,75
954,1033
954,75
891,75
253,228
253,587
253,618
253,125
228,587
587,618
587,125
60,105
60,125
105,125
463,937
185,253
185,90
185,976
185,975
185,43
185,407
253,976
253,975
90,976
976,364
976,975
364,975
60,1054
60,915
599,1054
747,160
652,125
555,226
555,802
555,975
555,434
226,975
226,434
457,310
311,434
311,802
434,802
147,1054
147,90
457,1054
802,413
692,105
90,1054
90,147
90,358
60,147
1054,147
1054,358
147,358
656,431
656,160
656,125
460,431
460,291
587,431
587,291
994,431
994,291
994,434
431,160
431,125
431,434
160,125
160,434
291,434
499,185
499,1030
185,1030
60,460
60,618
60,975
618,1054
1054,975
738,41
738,802
41,802
585,587
436,226
436,519
226,519
802,519
976,587
587,90
587,919
90,919
975,954
364,160
364,954
364,90
364,587
407,587
423,702
423,119
702,119
770,748
770,213
748,954
748,516
213,147
213,954
213,746
213,454
213,516
147,954
147,746
147,516
746,454
746,516
454,516
147,613
147,652
746,652
485,323
485,764
485,692
912,323
912,43
912,764
912,692
323,43
323,764
323,746
323,692
43,746
43,692
746,692
994,545
994,988
545,988
399,932
399,976
399,125
932,311
311,125
771,492
200,532
200,492
457,492
532,492
210,519
210,613
210,863
777,519
777,613
777,863
519,863
613,863
291,313
291,311
313,311
210,994
759,424
759,485
759,618
424,618
424,463
424,1003
485,618
618,463
618,1003
463,1003
205,113
205,213
205,174
205,481
205,499
599,113
599,213
599,481
599,499
976,213
976,481
976,499
113,213
113,174
113,481
113,499
213,174
213,481
174,499
364,256
364,757
256,757
221,69
221,973
221,564
69,564
973,313
973,564
973,612
313,564
313,612
564,612
39,423
200,212
200,1062
38,1030
38,190
38,432
38,670
1030,190
1030,432
1030,670
432,670
659,364
659,344
618,344
125,605
125,1015
605,1015
422,895
1052,973
524,863
524,891
863,891
214,592
214,937
592,937
929,1
454,1
304,1015
185,454
185,915
445,919
766,919
454,293
293,638
975,731
358,731
212,432
212,434
432,434
323,142
212,1015
212,746
364,1015
364,746
60,1033
60,209
413,824
413,920
413,823
824,228
824,823
228,920
920,823
844,424
519,239
174,863
174,822
863,822
997,744
1003,932
592,1062
521,692
1062,692
1062,293
718,783
718,115
718,105
718,752
718,358
783,115
783,105
783,358
783,891
115,891
823,762
853,762
125,946
912,454
912,759
454,759
592,210
592,191
210,291
291,191
946,226
946,524
946,618
946,614
413,313
413,770
413,192
413,913
413,293
313,913
313,95
313,293
770,423
770,913
770,293
423,192
423,913
423,95
423,293
192,913
192,160
192,95
192,293
913,160
913,95
913,293
160,95
95,293
445,805
308,432
308,399
432,399
313,552
313,555
552,555
738,638
612,441
441,1015
752,524
752,805
524,805
436,379
379,652
614,147
614,43
59,555
59,564
555,564
44,147
454,527
454,72
527,72
304,147
304,994
147,174
147,994
174,994
160,626
895,358
692,919
613,919
140,200
140,617
140,135
200,135
212,393
611,200
295,147
200,759
599,270
270,937
270,564
937,564
190,564
191,564
458,457
458,60
917,105
917,976
917,720
105,976
105,720
976,720
436,72
436,994
436,445
72,994
994,445
772,115
772,915
115,915
618,160
618,920
160,920
933,601
933,746
601,746
39,607
399,607
434,607
125,743
457,618
1054,532
1015,433
1015,105
1015,531
1015,435
433,802
433,105
433,532
433,531
433,613
433,435
802,105
802,532
802,531
105,311
105,532
311,531
532,435
210,605
210,434
605,434
605,532
434,532
1060,587
1060,210
1060,844
210,844
1052,6
226,6
975,6
212,90
212,747
212,404
90,404
747,404
103,659
103,757
6,743
6,766
6,790
743,766
743,790
210,174
210,288
457,174
220,174
220,288
174,288
210,790
210,752
174,790
174,434
790,434
752,434
944,72
944,135
944,226
944,212
944,994
72,135
72,458
72,226
72,212
72,531
72,670
135,458
135,226
135,212
135,994
135,531
135,670
458,226
458,212
458,994
458,531
458,670
226,994
226,531
226,670
212,994
212,670
994,531
994,670
531,670
932,16
932,884
932,6
932,994
16,6
884,748
884,6
748,6
748,994
6,994
210,458
210,213
458,228
458,220
458,213
458,174
458,937
458,125
458,454
228,213
220,213
213,937
213,125
174,125
174,454
937,454
345,862
345,587
345,913
345,499
345,48
862,587
862,499
862,48
587,913
587,499
587,48
913,499
913,48
499,48
791,747
791,545
90,929
90,545
617,988
617,929
988,929
988,545
191,554
214,90
214,617
214,931
214,929
214,988
392,931
392,929
931,988
929,988
441,937
304,107
304,527
304,601
304,435
107,407
107,527
107,601
107,435
407,527
407,601
527,601
601,435
748,690
770,434
770,16
434,16
605,891
823,937
460,1085
460,70
976,70
1085,70
862,70
239,70
659,626
659,761
659,358
659,434
626,358
626,434
761,358
761,434
895,823
895,59
524,16
221,16
221,895
221,527
16,976
976,895
895,527
614,994
994,463
592,43
592,519
592,731
592,70
994,519
994,731
994,70
43,519
43,731
43,70
519,731
731,70
226,190
226,191
1015,75
90,917
90,235
917,235
917,519
235,519
235,613
463,519
463,613
60,757
60,220
60,976
60,743
60,714
60,638
757,220
757,976
757,743
757,714
757,463
757,638
220,743
220,463
976,638
743,714
743,638
714,638
463,638
39,702
39,288
39,225
702,288
702,225
288,225
392,955
392,913
955,690
955,913
955,988
690,913
690,988
913,364
913,988
364,988
253,16
253,44
253,519
592,16
592,44
592,532
16,802
16,519
44,802
44,407
44,532
44,519
407,519
532,519
1052,423
1052,814
423,814
555,313
555,311
555,1085
555,613
313,1085
313,613
311,1085
1066,445
1066,293
445,492
407,492
946,552
946,205
946,947
946,107
399,552
399,205
399,947
399,107
399,358
552,205
552,947
552,107
205,947
205,107
205,358
947,107
947,358
107,358
932,814
932,105
932,41
932,761
814,931
814,105
814,41
931,41
931,761
105,41
105,761
41,761
392,291
392,764
291,764
291,802
764,802
777,761
777,454
41,454
761,454
761,613
214,399
214,552
214,205
214,59
214,423
552,976
552,59
552,423
205,59
205,423
976,59
976,423
59,423
60,265
60,524
265,524
265,937
265,454
524,454
599,633
226,844
975,633
975,844
633,844
844,434
358,43
771,823
772,135
772,802
772,461
135,802
135,461
135,293
461,293
424,912
424,115
912,884
912,115
884,1062
1062,115
253,225
253,272
253,105
253,844
225,272
225,975
225,43
225,454
225,844
272,105
272,975
272,43
272,454
272,844
105,844
975,454
43,844
454,844
808,226
975,947
975,902
947,463
947,902
463,902
423,920
210,802
210,524
210,119
802,119
524,119
147,747
43,652
457,659
659,140
358,140
652,379
764,379
147,379
659,226
460,90
90,142
747,142
393,931
393,414
393,147
393,738
393,1003
931,414
931,738
414,147
414,738
414,1003
147,738
147,1003
738,1003
738,545
1003,545
742,764
43,358
358,1030
808,770
235,1062
399,140
772,460
772,618
772,764
772,746
460,746
618,764
723,510
723,814
510,814
748,545
748,761
770,545
545,761
210,266
210,413
210,399
210,1015
210,135
210,1085
210,531
266,399
266,1015
266,135
266,1085
266,954
266,531
266,75
413,399
413,1085
413,954
413,531
399,135
399,1085
399,531
399,75
1015,135
135,954
135,75
1085,954
1085,75
531,75
929,891
891,746
690,823
690,288
823,288
200,59
59,802
59,16
802,16
221,626
221,250
221,288
393,140
393,626
393,250
393,288
393,344
140,344
364,250
364,288
626,250
626,288
250,288
250,344
288,344
917,39
917,919
463,39
463,919
39,519
39,919
519,919
214,422
214,75
422,75
917,913
917,457
913,457
43,634
43,1
634,1
770,14
770,70
213,14
213,461
213,891
213,70
174,14
174,891
174,70
14,461
14,891
14,70
461,891
461,70
445,702
519,702
702,919
379,770
379,743
379,39
379,531
743,39
743,70
531,70
422,1066
422,212
1066,212
441,1033
808,291
1052,955
731,436
731,937
731,994
937,994
891,105
891,975
105,931
191,392
191,747
191,937
441,891
553,633
553,463
553,861
553,144
633,861
463,861
463,144
461,392
461,994
461,915
392,915
1033,1052
295,1052
1052,1033
592,446
592,432
446,413
446,432
446,521
413,521
432,521
937,988
125,200
445,750
445,212
690,43
690,60
43,60
174,364
174,1003
174,38
364,38
1003,38
69,256
1015,59
1015,605
59,605
407,1003
184,605
605,1003
618,531
962,617
962,105
962,805
962,191
962,545
962,670
962,344
617,105
617,638
617,805
617,191
617,670
105,191
105,670
638,805
638,191
638,545
638,670
805,191
805,545
805,670
191,545
191,344
545,670
545,344
670,344
752,978
752,135
978,135
766,344
731,862
731,228
731,997
731,638
731,915
862,228
862,1062
862,997
862,638
228,1062
228,997
228,915
1062,997
1062,638
1062,915
997,638
638,915
270,1050
105,853
105,588
853,588
460,955
460,962
955,962
955,70
962,70
214,912
214,770
214,555
214,731
912,770
912,555
912,731
770,555
555,731
200,524
212,524
212,895
212,454
212,288
895,454
895,288
454,288
592,226
592,752
592,747
16,226
16,747
226,752
518,393
518,60
518,931
518,524
518,626
518,692
518,612
393,60
393,524
393,692
393,612
393,454
60,626
60,692
60,612
931,612
524,626
524,692
524,612
626,692
626,612
612,454
210,510
210,633
210,766
135,510
135,633
135,766
135,532
226,510
226,766
226,532
510,766
510,532
633,766
226,59
323,553
323,59
323,125
553,445
553,532
553,125
445,59
445,125
59,125
454,1015
454,652
422,743
422,554
422,235
422,997
422,719
743,554
743,235
743,997
554,997
554,719
235,997
235,719
997,719
861,652
944,917
1015,125
95,783
399,95
133,358
133,747
931,747
454,160
932,861
861,994
861,125
861,613
994,652
90,748
748,790
748,764
611,764
677,310
677,60
677,1062
310,60
310,1062
60,1062
69,757
614,757
1060,862
1060,861
862,861
311,14
90,1085
748,1085
399,38
399,895
399,744
399,1003
38,895
38,744
38,1003
895,744
895,1003
744,1003
1060,743
1060,920
191,524
191,313
944,237
944,895
944,431
944,407
944,744
944,915
237,770
237,895
237,431
237,407
237,744
237,250
237,915
770,431
770,744
770,915
895,431
895,407
895,915
431,744
431,250
431,915
407,744
744,250
744,915
1005,777
1005,555
777,555
214,953
214,113
481,953
481,113
953,113
555,853
521,399
521,272
978,313
1062,160
1062,853
1062,752
853,752
392,587
587,1033
1033,915
510,690
917,435
422,1050
422,670
1050,670
1033,750
1033,492
750,492
750,60
492,60
552,457
1054,955
917,293
746,521
746,588
746,1062
521,588
147,932
147,930
932,930
772,140
772,103
772,265
140,265
140,692
103,265
103,692
265,692
125,160
160,652
657,288
253,750
253,311
750,311
917,60
917,564
772,432
772,288
432,288
422,764
764,805
714,743
743,75
601,802
1030,802
748,519
748,937
519,937
519,142
519,454
937,142
142,454
917,517
917,492
517,492
517,60
762,719
762,761
762,978
762,738
762,1003
719,761
719,978
719,738
719,1003
761,978
761,738
761,1003
978,738
656,944
656,929
944,614
614,929
174,1062
174,783
1062,783
147,617
147,41
147,783
617,41
617,783
41,783
105,144
44,975
44,413
975,413
973,460
973,44
973,288
460,44
460,288
44,288
944,463
944,1085
944,997
944,746
944,863
463,1085
463,863
1085,997
1085,746
1085,863
997,863
746,863
220,895
220,413
895,413
441,485
441,225
441,978
485,225
485,404
225,404
225,978
404,978
933,947
614,746
460,770
460,311
460,531
770,311
652,311
652,531
311,747
531,747
1060,742
1060,853
742,853
115,163
748,853
614,16
16,160
16,805
16,434
160,805
805,434
913,994
1052,433
253,720
423,720
1060,90
253,863
863,423
863,344
423,344
585,657
585,379
657,379
577,611
253,611
611,978
90,994
611,814
304,311
304,690
592,588
592,614
16,588
16,614
588,431
588,614
431,614
90,1052
90,1066
90,913
1052,1066
1052,611
1052,913
226,1066
226,611
226,913
226,454
1066,611
1066,913
611,913
913,454
772,614
612,399
612,973
454,399
454,973
399,973
1030,913
1030,978
1030,358
1030,613
913,978
978,613
358,379
460,670
976,690
976,670
690,790
690,670
790,670
577,588
457,588
588,445
588,746
814,16
614,304
614,723
614,554
614,770
614,445
304,723
304,554
304,445
304,613
723,554
723,770
723,445
723,613
723,891
554,770
554,445
554,613
445,891
618,861
618,48
752,454
752,48
454,48
861,48
253,432
432,379
432,805
379,805
90,805
90,612
805,612
805,454
805,521
454,521
457,814
895,814
585,805
884,358
884,1030
358,718
460,6
460,931
599,6
931,613
16,919
915,746
915,519
915,919
746,919
618,946
618,853
946,853
226,723
723,913
723,752
913,752
270,743
69,770
69,404
1015,770
1015,404
1066,770
1066,404
770,404
822,38
822,937
822,853
822,752
38,853
38,863
937,853
937,863
853,863
752,863
863,764
613,764
72,119
72,1030
72,783
72,160
119,1030
119,783
119,160
1030,783
1030,160
863,748
863,937
748,1062
937,1062
585,433
585,1052
585,752
585,516
585,861
433,1052
433,861
1052,861
752,516
895,1062
895,1069
1062,1069
446,1052
446,313
446,748
446,1069
1052,313
1052,1069
1052,147
313,1069
313,147
748,1069
1069,147
752,746
614,617
614,822
617,822
72,770
72,913
72,432
72,344
770,432
770,344
913,432
913,344
432,344
577,617
577,613
460,617
460,1062
460,147
748,613
617,147
1062,147
147,344
1060,358
1060,413
1060,16
358,16
413,16
310,588
617,764
613,1062
764,1062
607,44
607,612
607,891
44,220
44,612
44,891
612,891
585,16
585,226
585,313
585,190
16,433
16,313
16,190
16,861
433,226
433,313
433,190
226,313
226,861
313,190
313,861
946,432
612,777
612,1030
612,1033
777,1030
777,1033
220,253
220,973
895,253
895,973
975,748
975,1062
454,588
454,895
454,147
588,147
913,1030
310,1033
310,379
458,783
612,783
613,790
790,1062
618,976
618,607
944,585
585,913
585,744
433,744
913,744
617,1085
617,853
617,379
1085,853
1085,379
853,379
766,770
766,618
766,805
770,805
618,805
270,895
577,895
973,913
973,790
913,895
913,790
1050,738
1050,311
1050,519
738,311
738,519
788,16
788,39
16,39
611,39
585,220
585,723
220,1052
220,723
220,752
226,1052
1052,723
772,272
772,125
617,272
617,125
752,913
90,225
90,212
90,564
976,212
976,532
976,692
225,212
225,532
225,692
225,891
212,532
212,564
212,692
212,891
532,564
532,692
532,891
564,891
692,891
39,103
39,38
103,90
103,38
90,38
614,293
614,192
293,192
293,70
192,70
788,633
788,614
862,633
913,633
913,761
913,614
761,614
862,814
814,783
783,614
39,313
39,407
39,481
313,652
313,407
313,481
652,481
407,481
436,293
436,555
599,293
599,555
293,555
445,988
988,954
759,1052
759,103
759,358
759,527
1052,103
103,358
358,527
228,253
253,919
436,976
976,1052
90,204
90,492
204,748
204,1062
204,445
204,618
204,790
204,746
204,492
748,445
748,618
1062,618
1062,790
1062,492
445,618
618,790
618,492
790,492
746,492
59,75
481,48
481,1052
48,1052
577,235
577,764
485,748
485,235
485,256
748,235
748,256
235,764
235,147
235,256
612,41
788,413
788,677
788,690
788,997
413,677
413,997
677,690
677,814
677,41
677,997
677,311
690,814
690,41
690,997
690,311
814,997
814,670
41,997
41,311
41,670
997,311
516,937
516,731
937,731
226,731
226,946
633,731
633,946
731,946
132,746
39,746
90,210
210,975
457,432
1060,1015
1060,748
1060,432
1015,748
1015,432
748,432
748,808
432,808
853,808
214,228
214,884
214,975
228,884
228,1060
884,293
975,293
808,612
771,95
771,125
771,435
228,435
770,612
770,435
95,125
95,612
95,435
125,612
125,435
612,435
213,1060
213,853
213,783
1060,783
853,783
1052,659
659,929
929,48
891,457
891,761
393,423
1033,457
135,747
617,747
761,393
761,1033
545,1033
891,617
399,499
266,190
266,747
266,499
399,190
190,499
633,747
747,499
210,599
210,929
457,929
135,599
135,929
190,135
135,1009
190,1085
190,531
1085,1009
531,1009
618,761
618,516
393,516
214,213
214,605
226,554
226,213
226,988
554,213
554,975
554,988
213,975
213,605
213,988
975,605
975,988
605,988
743,1033
743,414
743,1060
192,1033
192,1060
1033,414
345,912
345,103
345,947
345,611
912,947
912,611
103,611
947,611
772,752
772,750
752,750
692,946
692,407
692,16
946,16
407,16
125,103
41,532
41,720
532,720
393,291
393,431
393,184
393,492
291,431
291,492
291,919
431,492
431,919
184,492
492,919
607,414
607,808
414,358
808,358
446,997
997,16
895,891
764,521
204,311
204,119
311,119
288,41
288,805
41,805
777,531
266,1052
266,770
266,184
266,48
1052,463
1052,531
770,184
184,531
184,48
531,48
944,103
944,1046
723,1046
944,205
944,633
944,481
1052,481
633,481
748,929
432,1015
588,115
588,291
588,764
588,288
588,499
115,291
115,764
115,499
291,288
764,288
764,499
288,499
214,295
214,895
214,613
295,895
295,59
295,613
895,1060
59,613
1060,613
946,485
946,460
946,953
485,460
485,107
485,953
460,107
460,953
107,953
564,210
564,946
564,953
564,976
564,225
564,617
564,142
564,895
564,521
564,209
210,946
210,953
210,976
210,225
210,142
210,895
210,521
210,209
946,225
946,617
946,142
946,895
946,521
946,209
953,976
953,225
953,617
953,142
953,895
953,184
953,521
953,209
976,142
976,521
225,617
225,895
225,184
225,521
225,209
617,142
617,895
617,184
617,521
617,209
142,895
142,184
142,209
895,184
895,209
184,521
184,209
521,209
931,160
618,70
1054,790
1054,142
527,142
399,1062
399,652
399,915
1003,1062
1003,652
1003,929
1003,720
1062,652
1062,929
1062,720
652,929
652,720
929,720
929,915
720,915
1060,435
929,41
929,790
41,790
884,250
790,250
250,613
358,205
358,431
358,293
205,431
205,144
431,293
431,144
293,144
311,446
107,802
107,43
107,293
107,614
802,614
454,1033
527,997
527,1033
6,953
920,404
577,587
577,288
587,588
587,288
752,272
115,272
272,761
422,113
422,445
422,612
113,445
113,612
113,555
445,555
612,555
585,947
585,902
113,250
113,588
250,588
719,702
719,239
702,761
702,239
761,239
947,634
656,90
656,41
577,499
891,239
115,239
577,953
656,618
656,861
41,861
931,915
747,915
160,915
90,861
975,861
407,861
931,463
463,747
944,90
944,228
944,43
90,313
413,43
931,60
747,60
747,463
147,532
552,44
552,652
552,975
552,407
407,358
731,200
731,891
731,747
200,891
200,915
891,454
891,747
1033,454
1033,747
454,747
552,445
652,445
891,1015
891,545
1015,454
1015,545
454,545
545,915
214,777
214,527
777,527
677,256
677,75
256,75
256,633
75,633
256,399
256,822
399,822
119,634
119,633
119,311
119,308
634,633
634,308
633,308
311,308
436,626
436,107
626,107
975,272
200,1054
931,1054
1054,407
1054,519
1052,742
1052,492
200,44
200,861
44,912
44,931
44,861
912,861
931,861
454,532
552,105
552,1003
44,105
44,1003
652,1003
445,1003
105,1003
358,1003
293,90
552,613
44,613
460,454
460,891
200,1052
200,587
1015,587
1015,293
1052,293
975,44
975,552
44,552
358,552
60,213
60,59
60,761
60,978
213,59
213,761
213,978
59,761
59,978
59,358
345,237
345,1046
345,82
237,1046
237,714
237,82
1046,82
714,82
750,824
750,743
750,545
750,953
824,545
824,953
545,953
308,310
308,552
310,552
531,527
973,791
973,902
791,902
853,1030
853,235
1030,235
772,748
772,510
772,1046
748,601
510,1046
510,147
510,601
1046,601
147,601
531,953
288,822
288,783
822,783
917,226
237,174
237,638
237,481
714,174
714,481
174,638
174,82
638,82
638,481
82,481
771,944
771,163
771,519
771,953
214,944
214,163
214,532
214,519
944,163
944,532
944,519
944,953
90,163
90,953
163,519
163,747
163,953
532,953
519,747
747,953
771,115
771,399
771,822
115,822
862,107
862,192
107,192
973,272
272,902
424,422
424,587
424,212
424,555
422,436
422,587
436,212
587,212
587,555
212,555
742,358
791,742
742,554
605,652
605,931
605,435
652,931
652,435
931,435
226,147
407,738
185,266
185,599
185,481
185,747
185,499
266,599
266,481
226,192
226,1046
192,1046
192,59
192,915
1046,59
1046,1033
1046,915
59,915
759,770
759,766
766,463
766,954
135,43
135,407
135,499
617,499
407,499
226,743
226,43
226,638
743,915
192,43
192,638
43,638
43,915
1,607
1,757
1,115
1,516
607,115
607,516
757,115
757,516
115,516
185,614
266,614
481,614
613,59
59,1030
358,226
358,105
358,742
228,742
226,555
105,742
105,555
742,555
436,432
432,555
1030,75
212,723
212,552
531,723
531,552
723,552
212,226
212,634
634,555
147,310
147,554
310,930
554,930
132,404
611,404
634,1009
634,184
1009,184
457,38
457,433
973,38
973,43
38,433
38,43
433,43
407,930
43,973
60,392
60,235
60,184
392,235
392,184
235,184
253,393
253,742
393,587
393,633
393,742
393,614
587,633
587,742
633,742
742,614
163,988
313,973
313,140
973,140
424,930
424,790
424,142
424,379
930,790
930,142
790,379
142,379
304,399
304,239
399,239
1015,239
748,614
748,265
614,265
912,521
521,463
82,932
82,614
932,614
125,481
125,399
481,399
750,107
750,142
750,614
750,1009
750,70
107,652
107,1033
107,142
107,1009
107,70
652,142
652,1009
1033,142
1033,1009
142,614
142,1009
142,70
614,1009
1009,70
750,313
750,613
174,521
174,988
954,988
521,988
204,481
460,743
460,358
743,358
750,690
392,163
392,174
392,954
163,174
163,364
163,954
304,931
304,431
304,555
103,931
103,431
103,555
931,431
931,555
431,555
313,822
313,239
822,239
345,720
345,614
720,614
16,293
16,720
174,105
174,519
174,293
174,720
105,519
519,293
519,720
293,720
554,814
554,783
554,358
814,160
814,613
746,293
913,853
913,915
771,954
16,917
16,492
954,492
519,492
947,1030
947,192
947,190
947,783
1030,192
192,190
192,783
190,783
752,814
345,140
345,718
345,805
345,516
140,805
140,516
718,805
718,516
805,516
399,1066
399,545
884,1066
884,670
147,862
147,997
457,1062
587,364
364,545
587,978
364,978
545,978
634,1003
587,463
531,652
978,531
978,805
531,805
944,742
742,43
638,738
638,994
738,994
946,160
946,808
946,454
1052,160
808,454
633,862
633,43
862,43
43,553
147,1062
531,790
531,1062
424,191
424,70
802,192
802,70
192,191
191,70
407,531
592,95
424,95
95,70
485,499
115,521
764,1003
521,1003
1003,499
191,485
358,931
611,592
611,485
978,485
944,133
895,937
293,690
929,1052
929,788
1052,788
788,555
510,404
60,1052
60,652
60,895
1052,714
1052,895
652,714
652,895
714,358
748,1015
228,6
6,746
588,461
461,407
461,147
461,288
407,288
147,288
253,446
253,95
446,633
446,95
748,95
633,95
69,133
69,119
69,554
133,750
133,119
133,884
133,748
133,554
133,463
133,43
750,119
750,884
750,554
750,633
750,463
60,119
60,884
60,748
60,554
60,43
119,884
119,748
119,554
119,463
119,43
884,554
748,554
748,463
554,633
554,463
554,43
531,748
531,690
531,633
690,633
441,531
441,955
531,955
191,213
191,293
191,434
293,434
214,69
228,69
214,1052
214,933
214,516
69,1052
69,933
220,933
220,310
1052,190
1052,626
1052,310
190,626
190,933
190,516
626,933
626,310
933,516
933,310
516,310
214,614
214,140
214,783
214,160
214,790
214,407
614,140
614,407
140,407
743,614
633,891
458,185
458,463
458,638
185,463
185,638
955,912
955,617
955,790
955,407
912,617
1050,962
611,399
133,423
133,978
423,43
423,978
43,978
771,962
771,60
978,962
978,60
962,60
1005,1060
1005,718
1005,125
1060,718
718,125
200,962
962,690
1005,611
253,718
253,902
743,718
743,902
743,519
718,519
902,519
788,759
788,973
788,105
788,407
759,973
973,105
1005,291
1005,1046
291,1046
291,953
1046,953
738,423
446,461
481,978
481,492
481,1009
978,1009
492,1009
174,633
174,446
174,43
633,446
424,614
607,113
607,82
113,190
113,82
190,82
82,612
399,723
399,142
399,516
723,931
723,142
931,142
931,516
142,516
1033,41
613,853
917,545
69,585
585,228
585,988
228,988
771,463
771,613
771,670
611,670
613,670
436,521
521,917
917,915
917,16
915,16
762,41
762,764
41,764
997,147
895,1085
895,783
790,1085
1085,783
720,802
313,814
185,884
185,59
185,431
185,461
253,431
253,461
884,431
884,461
59,431
431,461
492,407
492,532
492,931
532,931
1066,613
1066,379
613,379
962,1054
962,59
962,764
962,954
1054,764
1054,954
59,764
59,954
652,626
1050,932
1050,313
932,313
313,527
115,746
115,748
746,748
748,16
115,962
962,746
399,463
210,659
210,607
659,607
607,135
135,618
1050,913
617,913
423,617
617,1003
772,519
454,931
454,519
133,457
460,413
517,1
445,791
791,748
770,861
463,805
43,805
190,43
611,517
611,931
517,931
214,862
214,932
214,204
214,212
214,601
862,932
862,204
862,1052
862,212
862,190
862,115
862,601
932,204
932,212
932,115
932,601
204,1052
204,212
204,115
204,601
1052,212
212,190
212,115
212,601
190,601
115,601
90,105
90,125
1,323
1,105
1,407
1,125
323,105
714,577
577,770
770,524
577,1052
577,163
1015,163
1052,163
770,163
690,524
690,358
814,524
814,937
814,752
814,48
524,48
937,48
358,48
90,652
975,895
311,895
933,220
933,626
220,601
626,601
253,783
457,783
457,614
214,345
214,454
69,345
69,601
345,190
345,626
345,933
345,601
190,454
933,454
454,601
614,446
614,912
614,435
446,912
446,747
912,613
912,435
304,39
90,446
446,1033
783,364
946,140
946,790
140,895
90,783
90,912
228,912
69,407
895,435
160,435
184,652
221,184
69,225
69,184
393,225
454,60
60,435
577,802
577,853
802,853
652,937
652,853
160,937
90,457
140,43
140,1033
140,1060
853,1060
1060,1003
750,200
750,752
690,160
592,454
592,891
364,454
912,652
912,510
976,510
976,75
510,770
510,75
770,75
652,75
458,163
458,1062
163,1062
1009,1062
1015,690
1015,975
690,553
690,293
553,975
553,160
553,293
213,212
212,1033
976,1
976,1062
748,1
1,1062
69,485
69,747
393,485
393,975
393,747
60,485
485,975
1003,975
422,423
422,913
422,742
423,1062
423,742
1062,913
1062,43
1062,742
913,43
913,742
43,742
895,884
748,75
75,1009
75,652
1009,652
485,802
293,802
463,802
1050,119
460,446
446,891
1052,519
599,519
937,519
752,519
519,288
1009,902
791,937
771,160
592,720
592,553
720,762
720,553
762,553
607,228
607,163
607,555
228,431
163,431
163,555
611,531
633,531
531,844
531,702
531,731
844,702
844,731
481,788
481,748
788,59
748,59
1052,70
313,975
313,532
313,70
599,1052
937,1052
454,266
527,266
527,48
932,618
204,295
204,379
295,976
295,379
976,379
323,976
323,212
323,853
323,95
323,638
323,761
976,95
212,853
212,95
212,638
212,761
853,95
853,638
853,761
95,638
95,761
638,761
844,461
844,744
379,461
379,744
461,744
481,250
788,250
587,313
313,790
132,59
250,59
270,38
270,436
270,599
270,777
270,499
38,777
38,463
38,499
436,777
436,463
436,499
599,777
777,937
777,499
463,499
937,499
119,163
119,553
119,431
119,293
119,555
163,553
163,293
553,431
553,555
304,752
436,770
436,527
770,527
239,160
239,266
239,902
160,266
160,902
266,902
587,861
994,861
790,861
125,1060
1060,311
392,783
1054,659
808,392
392,59
638,764
808,930
808,16
59,930
930,16
113,599
113,919
599,919
585,955
524,955
895,919
677,463
677,919
125,895
392,460
460,714
714,364
105,919
614,690
614,1085
614,358
690,1085
1085,358
690,463
690,14
690,265
463,14
463,265
14,265
364,919
422,190
422,521
422,144
190,144
521,144
585,461
612,463
1003,404
253,1062
454,1062
997,1062
771,933
43,933
933,293
933,614
933,891
601,1062
601,997
601,1033
933,43
633,1030
771,975
771,752
895,975
975,937
975,752
802,358
72,975
72,463
253,239
393,239
393,43
393,929
239,748
239,43
239,929
239,614
752,975
975,814
975,1052
814,1052
445,601
601,931
764,16
323,1062
323,344
1062,895
1062,764
895,344
764,344
228,588
937,762
752,788
788,531
611,554
228,814
228,485
814,485
617,614
617,814
614,814
814,746
771,592
147,592
147,748
592,748
250,976
250,802
976,1030
976,802
90,553
446,553
446,1085
446,937
485,553
485,1085
553,937
293,358
293,670
358,670
441,103
441,517
441,524
441,160
103,524
103,937
517,524
517,160
288,90
288,446
288,973
446,973
517,750
884,60
190,777
458,39
458,288
770,1030
770,288
1030,937
1030,39
1030,288
937,39
433,458
433,510
433,770
433,1005
433,160
433,39
458,510
458,1005
510,1005
510,39
510,531
770,1005
1005,39
460,719
293,719
253,458
253,39
1015,458
1015,1030
1015,39
458,988
458,435
599,1030
599,39
599,988
770,988
1030,531
1030,435
937,531
39,988
39,435
531,988
988,435
460,759
133,191
133,764
191,764
214,1
1,1033
1,454
1,953
1033,953
454,953
38,920
38,434
38,191
920,434
920,191
920,915
434,191
434,915
191,915
1060,599
214,413
214,1015
214,445
214,808
1,1015
1,445
1,808
413,445
413,808
413,953
1015,953
445,953
808,953
931,174
174,618
174,761
174,423
618,423
761,988
761,891
422,192
747,457
747,446
446,861
862,718
862,454
718,1033
718,454
1033,184
184,454
747,532
413,239
413,510
413,719
239,422
239,510
239,719
239,545
422,510
422,545
510,719
719,545
702,43
454,518
518,392
518,953
392,953
253,492
253,434
436,492
434,613
613,915
304,913
913,618
239,605
239,747
239,191
43,605
1033,605
1033,191
605,747
1033,1
1,1052
953,1052
1015,929
1066,929
1066,997
719,937
791,288
791,702
791,492
747,702
747,492
288,702
288,492
702,492
221,266
917,266
917,1033
266,1033
944,920
944,291
944,844
944,434
920,291
920,844
920,747
291,844
358,652
358,757
652,757
973,225
973,192
973,434
225,192
225,288
225,434
617,192
617,288
192,288
43,288
392,1
392,225
1,599
1,436
1,225
1052,436
1052,225
436,225
422,748
422,553
422,929
748,553
553,929
553,761
1050,1
1050,107
1,107
618,107
577,1066
577,191
499,790
499,288
499,191
790,191
288,191
577,759
587,759
310,424
82,519
82,723
519,723
239,690
239,192
239,1046
239,913
192,1009
1046,913
1046,1009
913,1009
599,119
364,119
1052,844
457,844
824,163
824,802
824,364
824,719
163,802
163,719
364,719
1050,862
1050,510
862,119
862,510
862,652
862,613
119,510
119,652
119,423
392,930
1,930
1052,953
930,618
930,953
618,953
1050,1066
1050,929
424,1066
424,107
1066,107
107,929
239,1052
239,988
239,891
460,863
863,702
863,747
191,226
191,1
226,1
434,1
1050,844
1050,239
844,107
844,239
107,239
60,702
436,702
436,435
702,435
913,239
119,955
119,599
119,747
119,192
119,611
119,863
119,492
955,599
955,192
955,611
955,863
955,527
955,492
599,863
599,492
747,611
747,863
747,527
192,611
192,863
192,527
192,492
611,527
611,492
863,527
863,492
527,492
587,954
1,747
1,863
1,702
1,919
599,702
599,379
747,379
863,919
863,379
702,379
919,379
485,422
422,976
656,1015
656,954
656,532
656,919
954,532
954,919
891,107
423,288
423,652
288,652
577,103
577,225
577,113
577,414
577,1060
103,225
103,113
103,414
225,113
225,291
225,414
225,1060
113,291
113,414
113,1060
291,414
41,107
1052,311
587,163
587,311
163,633
163,311
163,1033
1015,107
239,460
239,652
239,702
690,652
690,702
652,702
43,702
702,1003
599,552
599,1085
599,135
552,1085
552,135
1085,135
656,920
43,920
1,59
1,742
1,344
599,59
599,742
379,59
379,742
379,702
59,742
59,702
59,344
742,702
742,344
1015,917
1015,719
239,917
239,434
917,43
917,719
1052,719
719,434
436,723
436,105
723,105
723,790
917,424
454,424
424,435
863,191
638,239
485,723
485,790
485,344
723,43
723,747
723,344
790,43
43,344
239,953
239,677
239,423
953,677
953,423
953,891
677,423
677,891
1066,1046
1066,1033
1066,519
1046,519
1046,747
519,379
460,605
460,399
460,435
808,723
808,434
723,434
113,748
113,358
113,510
358,510
424,239
424,913
424,48
192,48
913,191
191,48
43,690
723,802
844,920
844,607
920,607
592,862
592,239
592,192
592,1046
862,1046
239,311
1046,311
43,1066
43,163
1066,163
656,770
656,147
656,844
532,147
532,844
147,844
147,434
226,884
226,266
226,435
266,435
1066,1
592,1052
592,975
592,59
239,757
239,975
757,1052
757,59
757,311
757,626
757,891
975,626
59,311
59,626
59,891
311,891
174,1033
771,291
771,434
771,379
1,291
1,613
1,434
291,379
613,434
239,115
239,358
239,288
239,435
115,702
115,435
358,702
358,288
288,435
103,587
510,1015
1052,192
163,192
592,690
592,358
944,618
944,978
446,618
446,978
446,742
618,978
978,742
944,1009
485,564
485,519
790,564
790,519
790,531
564,519
978,160
978,607
1030,532
1052,1015
221,862
221,399
221,805
221,142
862,399
862,607
862,142
862,891
399,228
399,805
399,891
607,805
607,626
607,142
228,142
805,626
805,142
142,891
994,191
994,499
618,499
937,191
191,499
931,638
805,638
638,746
638,454
638,891
618,633
618,311
731,174
731,746
174,746
191,994
434,994
1003,891
1003,805
891,805
191,618
499,618
190,147
190,1
147,1
324,6
324,59
324,75
6,59
6,75
6,919
59,919
75,919
460,324
499,105
499,1
105,1
1052,777
1052,393
777,633
777,393
633,393
1060,191
1060,607
191,607
324,920
324,1003
324,499
920,1003
920,499
59,499
714,446
714,135
446,135
432,1033
917,72
917,743
917,554
72,743
72,554
931,752
752,626
626,937
599,634
634,618
634,937
634,461
634,752
634,209
618,461
618,209
937,461
461,209
752,209
521,510
521,975
521,43
521,853
521,423
510,1062
510,43
510,853
1062,975
1062,423
853,423
932,424
932,422
932,423
932,521
423,521
424,1052
1052,422
422,790
204,599
204,718
204,291
204,752
976,718
976,291
718,291
1033,752
399,790
947,790
947,1033
947,344
790,1033
891,344
1060,454
1060,160
917,1009
917,742
1009,770
1009,742
1009,891
742,891
742,1066
592,90
592,250
239,931
239,445
239,250
239,521
931,250
445,521
250,521
1050,90
1050,690
90,690
690,953
1062,953
929,953
997,953
613,953
454,633
454,824
633,824
125,633
125,994
633,994
253,41
364,41
364,423
764,633
125,913
364,853
853,613
311,790
659,446
659,235
446,235
235,747
618,652
1052,750
1052,978
1052,272
750,978
750,272
226,805
90,75
510,783
510,790
510,747
783,75
790,75
43,75
747,75
457,611
611,638
611,752
611,915
638,752
460,226
460,611
226,250
250,752
772,946
772,743
946,743
946,344
743,617
743,344
884,770
69,912
69,702
16,912
16,601
912,601
884,702
239,823
239,844
239,762
823,844
844,762
392,1069
392,633
962,1069
962,633
962,250
1069,633
1069,250
633,250
460,308
308,1015
60,445
60,933
60,293
220,43
445,933
460,633
633,802
521,393
250,677
308,802
125,788
253,723
253,853
723,853
414,988
988,485
592,611
592,125
611,125
107,895
107,463
107,638
107,531
895,638
638,531
771,692
750,115
750,692
750,293
748,692
115,293
434,937
434,931
1046,770
457,431
748,225
748,431
748,861
225,431
431,861
516,770
752,200
200,434
291,225
226,719
226,824
719,824
221,345
221,931
221,461
304,345
304,210
304,220
304,461
345,210
345,931
345,461
210,931
220,931
220,461
931,461
884,174
884,805
884,731
174,913
913,805
913,731
975,764
975,638
937,764
937,638
937,747
764,638
764,125
764,747
638,747
638,614
125,747
125,614
174,393
174,670
913,393
393,670
585,607
585,517
585,978
585,742
585,48
607,517
607,742
607,48
517,978
517,742
517,48
978,48
612,293
612,1062
256,746
304,919
304,1062
919,1062
592,607
592,917
607,917
917,190
917,747
762,723
762,212
762,461
762,752
723,212
723,461
212,461
771,185
185,458
185,626
458,43
458,626
656,212
656,39
212,39
432,39
432,614
633,913
592,60
592,119
592,718
592,404
60,718
60,404
60,191
119,917
119,718
119,404
119,191
917,718
917,404
917,191
718,404
404,191
44,226
44,107
226,107
652,933
1033,933
714,587
714,605
714,994
587,605
605,994
607,761
607,844
607,499
228,844
994,761
994,978
994,844
761,844
761,499
978,844
978,499
844,499
185,790
790,1030
345,978
345,731
978,731
457,677
677,652
1015,692
463,692
692,752
752,220
752,1062
43,743
454,743
895,955
790,955
147,731
41,731
1015,190
1015,209
190,209
747,209
822,220
822,599
822,748
822,731
220,748
220,731
599,731
531,463
917,638
633,638
445,633
884,160
160,633
771,1009
771,212
771,105
771,209
750,90
750,209
90,209
1009,748
1009,212
1009,105
1009,209
748,105
212,209
771,345
771,210
771,225
771,931
771,213
345,213
345,174
345,692
345,521
345,125
210,463
225,931
225,463
225,461
225,125
931,125
213,521
174,463
174,692
463,461
463,521
461,692
461,521
461,125
692,521
692,125
521,125
499,16
499,95
16,95
454,16
614,587
614,759
614,1030
587,1030
458,652
458,115
458,805
652,805
115,805
115,270
270,761
270,805
761,805
125,393
125,1085
393,1085
1085,463
200,814
200,521
759,814
485,814
814,954
814,521
345,107
345,690
345,115
345,997
345,891
107,690
107,115
107,891
690,891
656,677
656,399
147,399
677,399
1050,445
1050,752
445,752
445,747
399,955
759,599
759,1062
759,445
599,997
445,997
587,862
587,209
862,209
861,209
659,1
659,192
659,1046
659,638
1,192
1,1046
1,638
323,192
323,1046
1046,638
587,822
115,652
454,930
946,770
946,919
239,463
239,919
407,790
862,413
862,95
413,119
119,95
250,634
601,790
746,457
521,16
16,1003
458,1033
976,954
1005,617
617,1046
69,304
69,75
304,75
692,250
250,435
752,463
752,555
460,422
293,422
44,516
519,516
912,532
1050,288
607,1033
607,288
424,413
422,463
422,413
463,413
256,994
256,718
311,994
311,718
994,718
436,913
445,1066
577,16
599,638
718,638
718,256
937,256
638,256
392,554
392,638
554,937
554,638
677,954
677,433
954,433
634,718
634,200
634,90
634,930
90,930
185,1009
599,1009
891,932
891,160
519,1062
519,435
743,1062
743,435
1062,435
441,1009
601,891
392,659
392,445
392,14
392,144
659,220
659,445
659,14
659,144
220,14
445,14
445,144
14,144
743,601
743,433
601,433
656,220
656,239
220,239
221,324
221,311
221,191
304,1052
304,324
304,191
1052,324
324,311
324,191
862,393
862,920
862,14
862,532
862,657
862,545
393,920
393,14
393,532
393,657
920,14
920,532
920,657
920,545
14,532
14,657
14,545
532,545
657,545
599,457
457,324
457,731
324,731
90,237
90,920
90,14
90,657
237,920
237,14
237,532
237,657
237,545
237,564
920,564
657,564
545,564
436,762
432,743
432,731
432,652
743,731
743,652
731,652
160,884
519,446
103,638
304,930
304,144
930,937
930,891
930,144
937,144
891,144
944,393
944,132
944,39
393,132
393,105
393,39
132,105
310,446
44,626
44,692
44,915
626,915
692,915
617,235
692,527
135,204
135,626
204,917
204,611
204,626
917,611
917,626
714,633
714,43
132,1060
132,519
1060,519
519,308
221,545
225,933
463,933
463,545
933,545
912,445
912,105
652,997
270,545
270,954
221,59
90,770
611,599
611,69
599,69
190,69
601,16
771,601
912,772
601,772
69,250
69,915
988,915
771,531
917,431
917,605
917,531
431,531
531,937
748,738
937,738
1033,95
1033,738
95,738
265,105
265,975
265,59
714,975
714,59
16,599
599,95
638,95
638,434
95,434
221,213
221,531
119,132
119,213
119,844
119,531
132,213
132,532
132,531
213,532
213,844
844,531
221,445
221,105
221,1054
221,499
788,445
788,1054
788,499
105,499
975,1054
1054,499
772,788
772,463
772,612
788,460
788,612
458,545
976,545
1052,209
209,250
458,90
458,601
458,344
90,601
788,743
788,764
788,142
788,492
759,743
759,250
759,293
743,764
743,142
743,250
743,293
743,492
764,142
764,250
142,250
142,293
142,492
250,492
962,891
358,463
311,399
228,564
802,764
895,191
612,720
976,1003
633,743
517,39
517,915
718,611
718,39
517,748
517,434
611,434
103,670
607,103
607,41
607,853
607,545
103,190
103,41
103,853
103,742
103,545
770,190
770,41
770,853
190,853
190,742
190,545
41,545
853,545
742,545
607,531
607,564
407,805
407,853
805,853
805,531
805,564
853,531
531,564
517,445
517,790
517,43
718,445
718,790
718,954
718,43
790,954
790,39
954,43
954,39
39,517
39,790
463,344
228,147
592,463
592,814
633,814
463,814
147,702
147,527
702,527
750,788
750,802
750,913
788,802
802,913
458,1003
458,433
1003,702
1003,433
702,433
913,788
463,633
788,95
814,802
814,95
702,125
125,433
863,272
863,814
272,814
771,720
213,720
304,133
133,239
133,802
133,1062
133,407
133,746
239,802
239,1062
802,1062
802,746
445,1052
823,747
823,822
823,239
524,822
524,239
119,744
304,531
531,407
531,239
407,239
210,147
210,423
135,524
135,147
135,423
524,147
524,423
147,423
423,531
747,738
738,770
738,407
973,1046
973,1085
973,954
973,423
1046,1085
1046,954
1046,423
1085,423
954,379
423,379
738,931
446,652
446,1046
446,929
446,605
652,1046
652,954
652,184
652,605
1046,184
1046,605
929,605
954,605
757,524
757,147
757,614
524,184
184,147
184,614
313,1003
1003,555
545,358
545,119
545,955
545,742
545,555
358,119
358,955
119,742
955,742
955,555
311,379
714,185
714,237
714,955
185,237
185,955
237,955
90,190
90,626
748,190
748,657
748,891
190,657
626,657
657,891
463,994
585,954
205,994
364,605
364,633
190,605
592,605
592,618
605,618
103,790
103,407
103,747
204,43
204,953
748,953
43,953
481,237
423,147
423,310
742,310
310,545
399,14
752,517
125,805
759,822
759,902
185,670
599,670
552,422
552,113
552,913
552,461
552,805
422,461
113,913
113,461
113,805
913,461
461,805
844,723
185,954
210,652
931,492
492,954
304,44
304,364
44,364
44,41
652,364
185,931
185,746
931,210
304,524
1015,524
1015,364
994,524
994,364
524,975
364,618
975,618
612,457
612,492
41,492
771,988
742,191
742,564
461,555
461,802
975,492
975,1066
492,1066
1050,791
1050,204
791,204
791,931
204,931
204,954
185,344
185,184
344,184
750,947
750,1005
750,975
750,1003
90,1005
947,1005
947,618
947,975
947,1003
1005,618
1005,975
1005,1003
750,1015
485,308
485,119
308,988
308,119
364,399
364,424
399,605
917,481
358,423
358,481
423,481
424,226
424,978
424,891
226,978
978,605
978,891
204,545
861,545
592,743
592,988
743,988
577,638
577,1003
577,555
432,638
432,1003
638,1003
638,555
805,1003
611,954
611,135
614,954
614,135
954,135
436,601
436,670
601,670
185,524
185,432
524,432
524,1003
432,461
432,147
461,1003
524,638
524,407
524,434
432,125
638,147
125,147
577,954
577,720
577,75
445,720
445,75
954,720
720,75
392,1003
392,432
392,147
392,719
1003,554
1003,192
554,192
554,432
554,147
192,432
192,147
192,719
147,719
210,200
210,460
210,237
200,237
460,237
862,135
862,937
862,752
135,1062
135,937
135,752
90,670
90,436
90,432
436,1054
1066,1054
1066,432
1066,147
577,436
577,461
577,605
436,718
436,461
436,605
718,461
718,605
461,605
770,588
517,605
517,719
605,719
605,670
719,670
90,759
759,617
863,742
614,237
614,611
788,1033
788,147
237,611
237,805
237,1033
237,147
237,434
237,379
611,805
611,147
805,1033
805,379
212,954
212,192
954,192
304,750
304,237
750,237
750,190
237,190
592,272
592,564
592,481
592,545
272,445
272,564
272,481
272,545
445,564
445,481
564,481
481,545
614,399
436,272
436,1085
436,481
272,954
272,256
445,1085
1085,481
1085,256
954,481
954,256
564,256
481,256
617,14
200,822
200,235
200,113
822,235
822,113
822,692
902,235
902,113
902,692
235,113
235,692
113,692
256,266
266,191
791,60
954,60
614,44
614,125
304,125
44,125
44,434
324,200
324,605
324,399
200,399
460,750
1033,532
200,272
272,192
750,805
750,125
750,147
1015,237
1015,805
237,125
237,719
805,719
125,719
638,954
147,135
1033,135
205,239
205,954
445,239
210,133
210,90
133,90
133,434
237,310
310,955
612,407
652,808
364,808
618,808
618,919
808,919
492,345
492,1015
345,1015
611,210
210,527
358,994
237,937
937,532
200,345
200,133
345,133
345,392
133,392
293,445
555,445
612,975
612,1066
133,38
133,752
133,527
38,527
612,392
612,434
612,761
392,434
392,761
434,761
38,6
38,638
38,605
38,344
6,638
6,605
6,344
638,605
605,344
313,265
1003,265
618,605
605,978
392,393
392,1066
393,1066
1066,358
1033,358
407,463
185,457
185,174
185,988
457,988
174,524
214,364
39,545
454,423
545,746
308,1066
611,757
345,531
304,185
304,160
185,160
555,1062
555,293
555,614
555,891
1062,614
308,160
460,555
555,1046
160,1066
555,937
1062,1046
1046,937
1046,614
213,1062
422,105
105,978
310,617
310,564
564,1062
614,345
614,424
614,953
345,424
345,994
345,191
345,953
424,953
994,953
191,953
1054,75
953,761
953,994
761,994
445,119
272,802
272,524
272,929
802,929
524,929
1052,95
895,95
937,742
95,742
133,599
133,160
133,915
239,588
1003,588
407,588
431,613
742,1052
555,1052
191,555
772,944
772,1015
772,16
772,531
944,1015
944,16
944,912
944,115
1015,912
1015,115
16,115
1046,399
481,41
481,413
41,413
115,184
115,545
115,919
790,184
790,919
184,545
545,919
200,1050
1050,895
1050,407
105,895
752,160
160,140
1033,140
463,929
790,692
884,744
748,744
160,744
43,744
954,744
954,358
744,358
436,884
436,633
912,160
912,70
1015,611
519,652
323,521
323,413
323,953
521,413
521,953
228,404
746,59
633,601
463,652
750,174
750,527
750,919
200,919
174,919
752,919
527,919
738,59
738,404
59,404
750,192
750,790
750,250
192,790
192,142
790,70
291,160
823,599
823,1062
446,174
912,174
913,1033
392,423
750,617
39,160
39,555
205,777
205,291
205,75
777,291
777,746
291,746
291,75
746,75
200,119
214,517
517,822
592,228
592,884
592,184
228,184
228,605
884,814
884,605
814,184
814,605
184,344
457,133
133,912
214,225
90,884
884,611
930,611
930,43
930,613
930,1009
611,1009
43,1009
205,524
772,626
772,1005
946,626
946,1005
626,1005
912,1015
752,634
634,626
519,407
446,1030
446,407
457,743
344,521
344,783
521,783
929,930
463,554
253,499
253,527
457,527
228,743
499,743
499,527
499,611
499,147
499,531
499,613
743,527
743,147
527,611
527,147
527,531
458,917
458,884
458,521
917,521
214,184
361,861
788,1015
802,1033
759,692
997,692
184,70
250,592
250,814
458,200
200,43
237,891
481,891
481,931
656,731
599,775
237,1069
237,775
1069,775
1069,891
775,891
944,790
460,82
976,764
976,82
976,612
43,82
43,612
764,82
764,612
82,747
612,747
115,884
460,41
445,41
445,82
41,82
311,884
884,446
884,1085
592,599
358,1033
752,184
554,184
775,937
775,902
937,902
133,16
221,552
221,510
221,702
552,460
552,225
552,510
552,931
552,702
460,225
460,510
225,510
225,358
225,702
510,358
510,702
532,702
771,743
392,16
16,587
16,937
1060,932
436,975
214,844
517,190
517,844
517,702
436,82
587,445
587,82
445,288
82,288
82,545
288,747
605,60
48,60
115,978
105,492
364,492
191,407
191,532
191,125
191,521
994,521
532,521
125,521
132,113
132,516
113,516
113,902
516,902
461,633
253,947
392,947
771,266
771,205
771,6
771,414
266,205
266,6
266,414
205,6
205,414
6,414
771,1005
414,6
414,1005
6,1005
253,133
253,414
253,135
253,220
253,657
133,414
133,135
133,220
133,947
133,492
133,690
133,929
133,657
133,742
414,135
414,220
414,947
414,492
414,690
414,929
414,191
414,657
414,742
414,434
135,220
135,947
135,492
135,690
135,191
135,657
135,742
135,434
220,947
220,492
220,690
220,929
220,191
220,657
220,434
947,492
947,690
947,929
947,191
947,657
947,742
947,434
492,690
492,929
492,657
492,742
690,191
690,657
690,434
929,742
191,657
191,742
657,742
657,434
742,434
413,790
790,423
304,790
304,719
790,719
937,719
75,461
304,521
975,761
692,147
692,790
147,790
39,617
617,16
1050,554
554,802
808,601
592,997
592,761
884,761
997,761
519,16
577,743
577,1085
577,997
424,743
424,1085
424,954
424,147
424,720
743,931
743,41
743,720
931,1085
931,720
41,1085
41,954
1085,147
1085,720
954,997
997,720
147,720
147,142
895,994
994,142
973,823
140,460
140,975
460,823
823,975
147,1085
531,1085
944,592
424,119
424,757
424,510
119,757
119,912
757,912
757,510
757,160
617,174
174,652
250,142
618,256
618,770
256,770
481,746
446,670
670,1062
748,163
163,564
213,1052
213,553
1052,553
225,553
492,105
492,463
492,937
937,492
613,931
43,762
424,814
433,814
433,344
891,510
891,853
510,433
853,433
752,492
764,744
1030,853
764,463
1066,399
1066,1062
293,399
293,790
1046,670
752,90
752,43
607,160
607,1003
228,1003
994,1003
160,1003
692,978
250,978
250,930
612,48
746,256
256,652
521,191
115,434
937,814
1060,788
912,6
912,744
912,614
6,744
6,614
744,614
744,891
752,895
752,457
895,293
457,59
457,256
759,613
759,379
973,256
973,731
59,731
256,731
256,379
613,731
731,379
361,930
361,192
361,532
361,915
930,192
930,532
930,915
192,532
702,399
702,607
814,862
814,413
814,764
862,764
413,764
90,431
431,454
457,917
457,113
917,975
917,364
113,105
422,633
422,702
633,461
461,423
461,702
1015,436
1015,256
174,256
125,256
933,265
933,435
265,435
345,517
212,518
518,521
518,1015
521,1015
917,163
917,659
917,518
917,1015
518,457
404,364
404,59
404,638
404,555
364,59
364,638
532,802
135,714
135,777
135,174
135,256
714,115
714,777
714,256
714,1009
115,777
115,174
115,256
115,1009
777,174
777,256
777,1009
174,1009
256,1009
393,913
393,808
913,954
913,808
954,738
808,738
750,659
659,1015
659,44
44,605
577,174
714,125
44,750
44,431
750,431
436,324
436,59
436,731
324,714
324,115
714,731
115,59
59,752
499,802
445,822
822,434
932,973
932,731
393,973
393,599
393,752
393,731
973,599
973,752
135,723
135,125
723,174
723,125
723,256
599,212
634,552
912,517
659,60
659,955
659,912
659,599
659,431
60,955
60,431
60,605
955,431
955,605
912,431
912,605
599,431
599,808
599,605
431,808
808,605
125,174
174,976
304,457
304,929
304,863
304,702
457,163
457,863
457,702
163,929
163,407
163,863
163,702
163,731
929,863
929,702
407,863
407,731
863,731
293,822
975,822
288,393
288,163
393,163
163,891
228,1
555,1
808,200
808,954
605,954
772,532
16,1033
1,132
1,912
1,555
132,912
912,364
912,638
976,913
324,652
324,174
324,913
324,125
652,913
913,125
432,43
545,237
545,605
545,861
237,605
237,742
237,861
605,742
742,861
659,521
659,790
1015,431
1015,790
44,521
44,790
521,431
521,808
521,605
431,43
790,808
677,95
399,587
399,1054
399,521
587,1054
1054,521
975,521
656,613
1052,445
1052,1054
445,147
147,915
750,638
750,499
613,638
613,125
638,499
125,499
1050,770
750,994
750,191
613,191
714,103
750,364
750,407
994,638
160,364
407,633
407,638
125,638
638,613
772,446
72,323
72,59
72,70
323,1030
323,863
323,70
1030,59
1030,863
1030,70
59,863
59,70
863,70
771,638
638,1062
770,605
611,937
937,605
90,552
552,764
752,743
752,853
743,1052
853,1052
771,814
555,814
937,38
220,1066
220,808
220,499
1066,690
1066,808
1066,499
690,808
690,499
808,499
107,853
853,652
750,404
750,239
225,239
404,239
611,1062
313,1062
313,978
313,454
677,978
677,454
1062,978
978,937
978,454
313,611
1033,612
524,659
659,393
746,659
746,225
746,553
659,553
863,140
611,748
748,485
933,1052
933,554
933,988
1052,554
947,60
499,764
599,947
947,554
1046,912
132,422
132,115
132,454
422,115
422,454
295,929
295,994
929,994
599,723
723,612
723,670
752,612
612,670
612,844
612,70
844,70
613,70
253,917
253,588
253,142
917,588
917,142
69,399
399,404
404,463
973,524
973,746
524,532
532,746
485,652
599,147
43,527
1015,142
1015,731
125,738
125,554
738,554
454,670
454,344
204,975
204,844
43,975
917,445
445,191
1,213
1,975
1,358
1,527
975,527
174,861
532,861
214,270
214,43
214,997
214,358
270,43
270,638
270,997
270,454
270,358
270,614
975,997
638,997
638,358
638,731
997,454
997,358
997,614
614,731
160,783
214,119
119,212
119,1033
119,519
119,605
212,213
212,519
212,605
213,519
772,413
772,783
772,174
772,790
460,783
783,174
407,160
407,404
160,404
404,853
221,214
221,212
221,611
221,39
214,611
214,39
119,364
119,39
119,358
212,611
212,358
611,364
39,358
72,521
72,95
72,147
72,844
521,160
521,95
521,147
521,738
521,844
160,147
160,738
160,844
95,844
738,844
738,344
844,344
358,770
214,132
345,132
345,599
345,358
345,988
132,599
132,358
132,988
190,692
190,404
692,404
345,204
345,1052
345,975
345,746
345,612
132,204
132,1052
132,718
132,612
204,912
204,612
912,1052
912,718
912,975
912,612
1052,746
718,975
718,612
975,612
746,612
659,160
213,770
929,90
929,521
929,393
270,458
270,460
270,516
270,738
458,460
458,524
458,738
460,516
524,516
516,738
1033,407
16,213
16,364
16,454
213,364
213,638
213,752
174,1060
174,516
174,555
1060,516
1060,555
516,555
527,555
454,748
358,748
752,404
605,527
140,521
140,747
1060,521
119,895
119,407
895,519
519,527
933,212
933,929
933,140
212,929
212,140
119,770
770,554
770,553
554,212
554,553
554,407
212,553
212,160
311,770
423,239
423,135
626,239
626,135
239,135
345,163
190,766
599,766
1033,634
1033,119
634,790
634,119
790,119
929,288
132,75
132,344
746,844
844,75
75,344
601,599
601,43
772,862
772,599
772,808
862,460
862,808
413,599
460,808
393,521
393,190
393,790
521,190
190,975
214,135
393,135
345,60
345,458
345,766
345,364
345,39
60,140
60,458
60,225
60,163
60,766
60,39
140,458
140,225
140,163
140,39
458,225
458,975
458,766
458,364
458,358
225,163
225,364
225,39
163,975
163,766
163,39
163,358
975,766
766,364
766,39
766,358
752,917
1060,239
788,43
125,853
659,718
614,670
670,805
454,790
423,790
140,611
140,844
16,844
611,519
519,844
174,41
929,744
1046,844
973,90
125,702
521,702
702,434
743,748
293,976
912,457
611,788
611,988
174,184
611,612
612,978
592,659
69,41
133,192
133,364
133,41
192,364
944,361
944,607
361,1050
361,607
361,747
823,69
69,174
60,205
60,311
60,863
60,1009
205,364
205,863
205,1009
364,863
364,1009
311,863
311,1009
272,611
272,692
656,424
656,915
424,228
424,915
424,975
975,915
937,423
1005,519
1060,446
1005,1054
1054,446
814,163
814,588
814,379
163,588
163,379
601,976
1066,764
221,750
750,823
531,823
185,738
221,822
221,588
221,379
822,1030
822,588
822,379
1030,588
308,163
521,770
445,626
190,358
190,720
358,720
190,174
304,1085
304,738
304,988
272,988
611,1085
611,738
1085,738
1085,988
738,988
1,239
1,205
1,147
239,205
239,618
205,618
205,147
601,311
601,692
601,613
601,1009
311,692
750,937
750,344
379,617
379,192
379,937
379,545
192,344
937,344
862,1005
862,445
862,521
862,434
1005,445
1005,521
1005,434
524,931
777,931
16,777
16,742
931,777
931,742
777,742
519,457
105,822
105,652
133,822
133,652
822,652
978,435
344,435
253,517
517,510
978,545
978,670
670,435
618,884
618,759
884,759
293,140
43,140
445,920
304,912
304,481
304,614
304,70
788,912
788,481
788,70
481,70
585,976
585,743
147,364
750,592
750,72
750,1069
750,454
592,72
592,212
592,1069
72,1069
72,454
212,1069
1069,454
291,677
291,358
677,358
460,552
808,552
659,291
291,14
364,976
422,253
293,919
293,633
919,633
485,962
962,434
962,588
434,588
844,937
844,1066
937,1066
204,454
39,291
39,690
291,690
1066,895
1066,605
931,611
931,605
895,605
399,204
399,1005
399,532
38,204
38,1005
38,532
204,1005
204,532
1005,532
481,599
481,613
481,638
912,1066
190,937
125,902
399,937
772,454
454,783
532,783
253,323
323,720
323,790
720,790
422,932
422,814
808,160
808,399
808,524
160,524
399,524
976,861
976,344
861,344
677,272
677,107
677,1054
272,107
272,1054
272,142
107,1054
107,454
133,531
947,633
947,531
460,937
436,291
1030,618
1030,291
618,291
291,937
750,510
750,163
750,481
510,163
510,481
163,481
163,613
976,432
614,638
638,757
39,1066
1066,344
617,618
205,657
205,82
657,6
657,82
6,82
592,823
592,844
823,311
844,311
185,912
185,994
185,777
185,997
185,742
304,777
304,997
912,994
912,777
912,937
912,742
994,931
994,777
994,481
994,742
931,481
777,997
777,481
937,481
997,481
997,742
481,742
345,777
931,994
750,822
750,702
822,225
822,115
822,702
225,115
220,770
220,225
220,702
226,225
226,702
770,225
225,407
772,975
304,485
304,718
304,43
345,485
345,43
788,485
788,718
788,163
485,718
485,163
718,163
163,43
59,723
59,1062
723,1062
185,293
445,16
422,770
422,738
436,738
436,75
770,633
633,75
463,75
738,75
103,531
103,614
626,531
954,638
577,766
766,931
39,747
422,226
214,60
214,324
214,690
214,531
60,324
60,690
324,690
324,531
690,531
955,422
955,265
955,291
955,1085
422,265
422,291
422,1085
265,291
265,1085
291,1085
656,204
656,422
656,445
656,435
204,422
204,919
204,435
422,435
445,435
919,435
824,436
824,634
824,225
824,633
824,288
824,844
436,634
634,844
225,633
633,288
288,844
135,783
72,976
72,293
72,861
293,861
1015,344
44,994
44,192
44,344
994,344
752,748
752,532
752,994
748,532
463,762
592,1085
160,1085
1085,1033
1085,43
1085,614
1033,43
492,90
492,1033
458,16
423,919
423,633
720,510
720,1033
213,160
213,239
160,239
132,43
132,997
132,209
43,209
445,200
445,379
221,72
221,413
221,802
72,392
72,132
72,313
72,802
72,190
413,618
132,313
132,618
313,802
69,853
853,1062
90,714
413,140
413,714
413,746
413,612
140,714
714,379
746,379
612,379
1033,1085
457,1085
457,1009
577,6
200,6
613,288
190,823
190,291
823,413
291,413
457,902
762,16
762,902
762,611
16,902
902,611
902,746
454,853
853,746
822,766
766,746
423,670
814,913
814,434
913,521
913,434
521,670
434,670
933,932
933,160
612,932
612,160
822,913
913,142
853,142
853,614
133,638
133,614
38,652
38,614
652,638
90,766
531,638
659,90
531,617
577,659
457,766
185,743
185,611
614,626
614,652
626,652
638,652
766,107
790,107
931,107
424,323
953,323
953,997
323,915
752,592
313,761
313,521
313,719
313,144
554,761
554,521
554,144
761,521
761,719
521,719
719,144
140,931
790,16
205,723
205,690
723,690
256,988
256,790
988,790
446,460
446,555
823,555
115,973
463,973
692,994
946,379
43,364
364,931
626,931
200,256
200,344
485,492
256,344
492,344
690,605
690,930
605,930
919,393
919,239
221,944
221,239
221,652
221,70
944,239
944,652
239,293
605,790
605,1052
790,1052
69,913
69,142
913,313
313,142
973,510
973,929
973,638
510,929
510,638
510,1003
1062,1003
929,638
742,790
147,524
147,588
524,588
532,588
932,742
221,932
293,742
293,932
742,932
221,659
659,424
659,239
659,930
659,70
424,220
424,532
239,220
239,930
239,613
220,930
220,70
930,70
1060,228
228,1066
132,1015
919,48
253,103
253,250
253,1060
457,460
457,103
460,103
103,250
364,1060
160,1060
250,1060
392,311
485,291
291,588
771,70
392,731
392,70
16,379
16,147
16,731
16,70
379,147
379,731
147,70
16,823
823,720
823,731
638,720
720,731
457,978
978,423
103,463
517,853
445,743
445,588
884,588
743,588
422,293
422,1054
293,1054
1054,1062
1050,612
1050,499
239,612
239,499
612,499
1,532
612,861
612,413
861,413
214,994
214,1003
214,492
200,994
200,790
200,1003
457,605
457,790
228,492
994,605
994,293
994,492
605,407
605,293
605,492
790,1003
1005,919
919,930
1050,978
256,978
454,791
454,764
791,764
436,1062
436,612
1062,59
1062,41
1062,612
41,612
454,634
293,423
221,237
220,237
220,652
220,564
237,652
237,524
237,626
652,564
524,564
626,564
266,460
266,228
266,930
266,777
266,605
460,930
460,777
228,777
930,777
930,605
777,605
862,250
862,1060
250,555
433,115
433,191
433,614
115,532
115,614
532,614
532,731
191,614
191,731
718,770
133,1085
142,43
142,1085
142,1033
822,485
822,43
485,1033
485,142
43,142
458,895
788,144
988,144
592,788
160,988
1033,988
844,160
844,652
436,788
788,613
304,115
304,761
413,115
413,761
460,761
174,435
777,435
891,435
191,1003
191,413
599,788
1009,265
228,1015
228,192
293,190
293,311
656,174
656,457
656,652
771,588
771,777
771,545
771,919
932,588
932,454
932,605
932,545
932,919
588,777
588,454
588,605
588,919
777,545
777,919
454,919
605,545
605,919
293,805
44,361
524,519
364,759
364,404
364,564
759,404
759,564
404,564
1033,253
113,853
113,70
853,902
902,70
764,59
764,235
256,59
256,235
59,235
221,454
221,1062
454,239
1033,235
253,235
436,823
460,517
460,184
313,517
313,746
313,184
313,605
517,1033
517,184
962,975
962,752
962,863
962,601
962,915
436,863
975,863
975,601
752,601
863,915
601,915
237,16
311,746
772,863
863,618
863,973
521,920
920,16
531,399
531,191
531,759
399,191
399,759
191,759
884,147
884,310
174,310
43,310
519,147
519,310
44,588
44,777
588,532
823,95
823,125
823,915
95,915
200,947
200,364
16,460
16,947
16,692
16,891
947,364
947,407
947,692
954,407
200,239
200,742
659,742
239,742
160,742
228,446
407,652
791,973
791,718
791,113
973,718
973,113
718,931
718,113
931,113
436,617
436,719
617,719
719,379
436,638
638,719
752,719
577,601
659,652
659,379
225,652
225,379
652,601
1054,634
524,719
552,1015
552,228
552,1052
552,748
552,147
1015,228
1046,652
585,432
585,605
82,638
82,144
638,144
770,601
95,702
95,601
601,814
517,770
517,95
517,891
95,891
702,891
434,1033
140,147
771,764
424,764
759,95
656,788
656,626
656,853
656,738
656,1003
626,853
853,738
975,1030
304,677
304,823
304,915
1052,677
677,823
677,915
731,853
731,95
731,516
731,953
814,516
814,953
853,516
853,953
95,516
95,953
516,953
103,226
103,253
226,253
750,517
750,766
750,95
750,423
517,766
517,481
517,423
748,766
748,481
766,95
766,481
766,423
95,481
95,423
481,423
133,994
133,744
994,954
994,744
618,744
200,638
200,853
929,853
638,521
638,288
853,521
521,288
790,48
190,524
190,70
524,404
404,70
295,446
69,205
392,205
1052,291
304,759
759,140
759,917
140,917
917,527
656,746
308,913
308,607
913,607
256,638
747,764
69,424
424,524
424,291
16,764
947,764
947,746
771,1015
771,237
237,463
237,531
43,913
43,393
913,519
393,519
399,313
399,379
313,853
313,379
802,144
802,379
913,144
913,379
853,144
144,379
788,404
788,310
1015,220
404,310
1030,463
1030,521
214,692
932,929
932,692
69,423
69,814
253,441
253,788
253,209
441,1050
441,788
441,265
441,702
441,209
1050,788
1050,265
1050,702
1050,209
788,265
788,702
788,209
265,702
265,209
702,209
293,59
293,988
59,617
59,988
1050,38
38,1054
895,1054
16,978
16,142
978,142
978,414
978,147
142,414
142,147
142,531
771,884
626,43
743,524
743,612
626,613
1052,931
1003,790
1003,931
414,72
414,1030
414,38
72,38
1030,38
761,853
748,38
414,978
634,445
634,125
634,808
634,738
937,808
125,808
200,220
220,519
407,742
1033,742
519,742
204,235
43,790
791,105
791,463
791,1060
105,1060
1060,545
69,862
862,191
656,510
656,761
656,702
510,761
761,702
1030,413
1030,955
731,220
731,742
731,919
946,228
946,220
946,742
220,919
742,919
587,174
587,752
510,564
323,930
638,930
750,746
746,142
545,142
1066,891
884,192
884,719
633,719
190,690
611,59
59,747
772,677
772,759
772,670
677,759
759,670
659,485
659,16
485,16
954,142
190,738
59,160
59,746
59,614
59,953
160,953
746,953
250,764
115,555
190,379
344,670
344,379
670,379
657,358
358,1015
221,90
221,446
221,714
457,714
446,714
446,626
714,618
1060,364
1060,884
1060,407
364,884
519,43
519,931
519,997
414,481
414,190
481,190
944,853
499,140
1003,764
1033,48
407,48
614,48
200,884
16,272
884,931
272,931
599,253
750,460
750,976
750,358
884,976
220,446
446,358
997,790
997,95
790,95
95,670
457,822
822,743
692,358
446,220
446,770
446,531
220,531
748,90
788,762
788,1030
788,521
762,1030
762,463
762,521
954,463
771,524
743,770
228,1085
107,95
577,1
577,824
577,107
577,657
1,824
1,652
1,746
1,657
824,107
824,652
824,746
824,657
107,657
652,657
652,953
746,657
657,953
656,393
738,747
738,393
747,393
746,884
746,265
884,265
190,614
633,714
633,607
714,607
532,1062
532,184
132,457
132,499
718,499
221,1085
975,1085
253,714
323,293
323,748
323,626
293,748
39,147
147,931
677,931
516,931
545,618
228,750
72,423
72,613
72,953
226,423
226,953
423,953
446,953
228,70
39,742
742,70
392,272
392,39
119,272
119,291
272,291
272,39
291,39
944,210
944,677
210,677
210,250
677,160
677,250
884,481
884,978
690,532
690,481
690,978
532,481
532,978
532,670
481,670
1060,59
944,554
214,757
214,720
214,891
757,213
757,720
220,975
220,720
975,720
720,891
107,994
107,618
107,532
605,213
605,524
605,184
213,184
891,919
891,38
919,38
481,431
481,1015
431,1015
431,399
1015,399
200,463
200,1085
393,638
213,210
213,788
863,184
113,946
113,976
113,652
946,652
210,588
210,1005
210,105
446,588
446,1005
588,1005
588,105
424,313
140,313
140,555
853,555
555,379
743,746
204,105
204,423
204,613
105,423
253,912
253,115
997,978
293,313
293,601
313,601
313,690
601,690
204,527
527,746
656,912
656,423
399,912
912,41
41,1003
414,527
414,163
191,527
191,163
527,163
656,1050
656,690
1050,399
1050,853
1050,891
690,853
690,423
853,891
771,607
607,690
607,125
607,147
690,125
862,424
862,1054
862,160
862,407
424,1054
424,407
1054,160
481,659
481,527
659,527
772,41
772,407
772,423
41,407
414,659
656,772
772,891
200,422
862,422
913,435
44,1009
1009,802
884,937
884,209
611,976
518,718
518,510
518,975
518,777
718,510
718,913
718,777
510,913
510,777
913,975
913,777
975,777
975,805
777,805
250,750
250,975
750,310
975,310
822,1060
822,521
599,144
212,144
555,144
771,564
884,618
884,564
884,752
618,564
564,752
210,16
210,132
210,432
210,746
239,16
239,132
239,174
239,432
239,633
16,132
16,432
16,633
132,174
132,432
132,633
174,432
432,633
432,746
220,358
210,192
210,516
90,192
90,516
460,192
192,975
192,516
407,516
519,272
607,16
607,895
607,481
16,481
895,481
746,481
481,531
752,618
392,912
69,103
69,531
103,607
531,607
917,399
132,752
1003,954
1003,16
434,954
304,270
304,638
1033,618
1033,764
764,209
115,738
115,690
738,690
738,435
863,1085
1085,764
976,884
976,554
884,714
554,714
554,174
714,184
16,311
912,311
692,1003
788,1069
788,174
1069,174
239,424
239,731
239,814
424,731
446,976
446,718
446,524
135,976
135,718
718,174
976,190
554,190
190,714
190,184
43,184
917,311
311,407
460,323
577,618
577,612
253,291
253,612
200,225
200,618
457,291
457,612
1015,225
1015,291
225,748
225,618
225,612
748,612
618,612
291,612
618,802
214,744
612,618
310,802
752,947
752,14
457,947
457,14
947,14
611,310
752,253
937,413
588,805
250,75
944,432
392,814
392,605
605,379
771,308
103,237
103,308
103,988
237,613
237,308
237,988
431,308
431,988
613,308
613,988
863,256
863,499
863,485
256,499
256,485
499,485
975,90
499,90
499,413
413,485
460,822
822,790
499,975
200,413
288,863
288,256
288,485
772,256
822,256
822,288
485,863
485,288
863,288
585,702
585,764
702,212
702,764
212,764
554,1
293,1069
160,1069
43,1069
434,407
293,184
293,692
692,43
